{
  "comments": [],
  "discussion": "form",
  "id": "Misfit-maychangetheirprivacypolicywithoutnotice",
  "meta": {
    "author": "r@reubenbinns.com"
  },
  "services": [
    "Misfit",
    ""
  ],
  "title": "Misfit may change their privacy policy without notice",
  "tosdr": {
    "point": "neutral",
    "tldr": "\"Occasionally we may update the privacy statement for misfit.com in order to reflect any changes to the website or our privacy practices.\" It does not say anything about notifiying users of these changes, so we can only assume that notification is not given."
  }
}