{
  "comments": [],
  "discussion": "form",
  "id": "Terminate-accountwithoutnotification",
  "meta": {
    "author": "aanmeldingen49@gmail.com"
  },
  "services": [
    "wordfeud"
  ],
  "title": "Terminate account without notification",
  "tosdr": {
    "point": "bad",
    "tldr": "Bertheussen IT may terminate or suspend your access to Wordfeud at any time, without notice for any reason. Bertheussen IT is not required to provide you with any notice or warning prior to any such termination."
  }
}