{
  "comments": [
    {
      "author": "hugo@tosdr.org",
      "content": "Need to be changed to Bad because of: In certain other limited situations, Mozilla may disclose your Personal Information, such as when necessary to protect our websites and operations (e.g., against attacks); to protect the rights, privacy, safety, or property of Mozilla or its users; to enforce our terms of service; and to pursue available legal remedies. Additionally, Mozilla may need to transfer Personal Information to an affiliate or successor in the event of a change of our corporate structure or status, such as in the event of a restructuring, sale, or bankruptcy."
    }
  ],
  "discussion": "form",
  "id": "They-dontotherwisedisclosepersonaldataunlesslegallyrequiredortoaddressharmfulactivity",
  "meta": {
    "author": "hugo@tosdr.org"
  },
  "services": [
    "mozilla-persona"
  ],
  "title": "They don’t otherwise disclose personal data unless legally required or to address harmful activity",
  "tosdr": {
    "point": "good"
  }
}
