{
  "comments": [],
  "discussion": "form",
  "id": "Your-publiccontentcanbeanalyzedanddistributedthroughthirdpartiesservices",
  "meta": {
    "author": "hugo@tosdr.org"
  },
  "services": [
    "Known"
  ],
  "title": "Your public content can be analyzed and distributed through third parties services.",
  "tosdr": {
    "point": "neutral",
    "tldr": "The copyright license on your publicly-posted content can be made available to third parties selected by the service (through an API, for example) so that these third parties can analyze and distribute (but not publicly display) your content through their services."
  }
}