{
  "alexa": 12693,
  "class": false,
  "links": {},
  "points": [
    "6725",
    "6726"
  ],
  "pointsData": {
    "6725": {
      "id": "6725",
      "quoteDoc": "Terms of Service",
      "quoteEnd": 10867,
      "quoteStart": 10751,
      "quoteText": "Your use of the Service is at your sole risk.</p>\n<p>The Service is provided on an “AS IS” and “AS AVAILABLE” basis.",
      "services": [
        "1password"
      ],
      "title": "The service is provided 'as is' and to be used at the users' sole risk",
      "topics": [],
      "tosdr": {
        "binding": true,
        "case": "The service is provided 'as is' and to be used at the users' sole risk",
        "point": "bad",
        "score": 20,
        "tldr": "The Terms of Service state, \"Your use of the Service is at your sole risk. The Service is provided on an “AS IS” and “AS AVAILABLE” basis.\""
      }
    },
    "6726": {
      "id": "6726",
      "quoteDoc": "Terms of Service",
      "quoteEnd": 11425,
      "quoteStart": 11242,
      "quoteText": "AgileBits, Inc.\nits subsidiaries, affiliates, and its licensors do not warrant that a) the Service will function uninterrupted, secure or available at any particular time or location.",
      "services": [
        "1password"
      ],
      "title": "The service provider makes no warranty regarding uninterrupted, timely, secure or error-free service",
      "topics": [],
      "tosdr": {
        "binding": true,
        "case": "The service provider makes no warranty regarding uninterrupted, timely, secure or error-free service",
        "point": "bad",
        "score": 30,
        "tldr": "The Terms of Service state that, \"AgileBits, Inc. its subsidiaries, affiliates, and its licensors do not warrant that a) the Service will function uninterrupted, secure or available at any particular time or location.\""
      }
    }
  },
  "urls": [
    "1password.com",
    "1password.ca",
    "1password.eu"
  ]
}