{
  "alexa": 2183,
  "class": "D",
  "links": {
    "Privacy Policy": {
      "name": "Privacy Policy",
      "url": "https://about.500px.com/privacy/"
    },
    "Terms of Service": {
      "name": "Terms of Service",
      "url": "https://about.500px.com/terms/"
    }
  },
  "points": [
    "1039",
    "611",
    "797",
    "891",
    "974",
    "995"
  ],
  "pointsData": {
    "611": {
      "discussion": "https://groups.google.com/d/topic/tosdr/3uiIrLyj8Hw/discussion",
      "id": "611",
      "meta": {
        "author": "ToS;DR by Unhosted",
        "contributors": [
          "Hugo Roy <hugo@unhosted.org>"
        ],
        "license-for-this-file": "This work is licensed under the Creative Commons Attribution-ShareAlike 3.0 Unported License. To view a copy of this license, visit http://creativecommons.org/licenses/by-sa/3.0/ or send a letter to Creative Commons, 444 Castro Street, Suite 900, Mountain View, California, 94041, .USA",
        "spec-version": "1.1"
      },
      "needModeration": false,
      "quoteDoc": "Terms of Service",
      "quoteEnd": 31490,
      "quoteStart": 30915,
      "quoteText": "\n<p>YOU AND 500PX AGREE THAT ANY PROCEEDINGS TO RESOLVE OR LITIGATE ANY DISPUTE ARISING HEREUNDER WILL BE CONDUCTED SOLELY ON AN INDIVIDUAL BASIS, AND THAT YOU WILL NOT SEEK TO HAVE ANY DISPUTE HEARD AS A CLASS ACTION, A REPRESENTATIVE ACTION, A COLLECTIVE ACTION, A PRIVATE ATTORNEY-GENERAL ACTION, OR IN ANY PROCEEDING IN WHICH YOU ACT OR PROPOSE TO ACT IN A REPRESENTATIVE CAPACITY.\nYOU FURTHER AGREE THAT NO PROCEEDING WILL BE JOINED, CONSOLIDATED, OR COMBINED WITH ANOTHER PROCEEDING WITHOUT THE PRIOR WRITTEN CONSENT OF 500PX AND ALL PARTIES TO ANY SUCH PROCEEDING.</p>",
      "services": [
        "500px"
      ],
      "slug": "3uiIrLyj8Hw",
      "source": {
        "faq": "",
        "terms": "http://500px.com/terms"
      },
      "title": "Waiver of legal actions",
      "topics": [
        "waiver"
      ],
      "tosdr": {
        "binding": true,
        "case": "You waive your right to a class action.",
        "point": "bad",
        "score": 50,
        "tldr": "“You shall not have any right to terminate the permissions granted herein, nor to seek, obtain, or enforce any injunctive or other equitable relief against 500px, all of which such rights are hereby expressly and irrevocably waived by you in favour of 500px.”"
      }
    },
    "797": {
      "discussion": "https://groups.google.com/d/topic/tosdr/wYFqcvOn7XY/discussion",
      "id": "797",
      "meta": {
        "author": "ToS;DR by Unhosted",
        "contributors": [
          "Hugo Roy <hugo@unhosted.org>"
        ],
        "license-for-this-file": "This work is licensed under the Creative Commons Attribution-ShareAlike 3.0 Unported License. To view a copy of this license, visit http://creativecommons.org/licenses/by-sa/3.0/ or send a letter to Creative Commons, 444 Castro Street, Suite 900, Mountain View, California, 94041, .USA",
        "spec-version": "1.1"
      },
      "needModeration": false,
      "services": [
        "500px"
      ],
      "slug": "wYFqcvOn7XY",
      "source": {
        "terms": "http://500px.com/terms"
      },
      "title": "The terms are easy to read",
      "topics": [
        "readability"
      ],
      "tosdr": {
        "binding": true,
        "case": "The terms for this service are easy to read",
        "point": "good",
        "score": 15,
        "tldr": "500px provides an easy to read summary of the terms on the right side. This provides a pleaseant reading experience. However some of the summaries are a bit misleading and should not omit important details."
      }
    },
    "891": {
      "discussion": "https://groups.google.com/d/topic/tosdr/wYFqcvOn7XY/discussion",
      "id": "891",
      "meta": {
        "author": "ToS;DR by Unhosted",
        "contributors": [
          "Hugo Roy <hugo@unhosted.org>"
        ],
        "license-for-this-file": "This work is licensed under the Creative Commons Attribution-ShareAlike 3.0 Unported License. To view a copy of this license, visit http://creativecommons.org/licenses/by-sa/3.0/ or send a letter to Creative Commons, 444 Castro Street, Suite 900, Mountain View, California, 94041, .USA",
        "spec-version": "1.1"
      },
      "needModeration": false,
      "quoteDoc": "Terms of Service",
      "quoteEnd": 29083,
      "quoteStart": 27984,
      "quoteText": "ermination<p>500px may terminate or suspend any and all Services and/or your 500px account immediately, without prior notice or liability, for any reason whatsoever, including without limitation if you breach the Terms.\nUpon termination of your account, your right to use the Services will immediately cease.\nIf you wish to terminate your 500px account, you may simply discontinue using the Services (subject to termination provisions specific to Premium Accounts).\nAll provisions of the Terms which by their nature should survive termination shall survive termination, including, without limitation, ownership and rights provisions and warranties, warranty disclaimers, indemnity and limitations of liability.</p>\n<p>It is your responsibility to remove all Visual Content from your account and/or Premium Account prior to termination.\nUpon termination of your account, 500px will automatically remove all Visual Content posted to your account.</p>\n<strong>Basically,</strong>\n<p>We may stop providing services at any time.\nYou can also stop using your account or close your account at any time.</p>",
      "services": [
        "500px"
      ],
      "slug": "wYFqcvOn7XY2",
      "source": {
        "faq": "",
        "terms": "http://500px.com/terms"
      },
      "title": "500px Store: your account can be terminated at any time",
      "topics": [
        "suspension"
      ],
      "tosdr": {
        "binding": true,
        "case": "The service can delete your account without prior notice and without a reason",
        "point": "bad",
        "score": 60,
        "tldr": "“500px may terminate your store account at any time for any reason or no reason. All Store Images remaining in your Store account will be removed by 500px upon termination of your store account.”"
      }
    },
    "974": {
      "discussion": "https://groups.google.com/d/topic/tosdr/Q1oDK4mAvuw/discussion",
      "id": "974",
      "meta": {
        "author": "ToS;DR by Unhosted",
        "contributors": [
          "Hugo Roy <hugo@unhosted.org>"
        ],
        "license-for-this-file": "This work is licensed under the Creative Commons Attribution-ShareAlike 3.0 Unported License. To view a copy of this license, visit http://creativecommons.org/licenses/by-sa/3.0/ or send a letter to Creative Commons, 444 Castro Street, Suite 900, Mountain View, California, 94041, .USA",
        "spec-version": "1.1"
      },
      "needModeration": false,
      "quoteDoc": "Terms of Service",
      "quoteEnd": 3805,
      "quoteStart": 3553,
      "quoteText": "As a condition to using Services, you are required to open an account with 500px and select a password and username, and to provide registration information.\nThe registration information you provide must be accurate, complete, and current at all times.",
      "services": [
        "500px"
      ],
      "slug": "pseudos-allowed-500px",
      "title": "Pseudonyms allowed",
      "topics": [
        "track"
      ],
      "tosdr": {
        "binding": true,
        "case": "The service allows you to use pseudonyms",
        "point": "good",
        "score": 20,
        "tldr": "You do not have to provide your legal name (except for paid accounts for billing purposes) and you can use the service with a pseudonym."
      }
    },
    "995": {
      "discussion": "https://groups.google.com/d/topic/tosdr/uPk0rmk6_1w/discussion",
      "id": "995",
      "meta": {
        "author": "ToS;DR by Unhosted",
        "contributors": [
          "Hugo Roy <hugo@unhosted.org>"
        ],
        "license-for-this-file": "This work is licensed under the Creative Commons Attribution-ShareAlike 3.0 Unported License. To view a copy of this license, visit http://creativecommons.org/licenses/by-sa/3.0/ or send a letter to Creative Commons, 444 Castro Street, Suite 900, Mountain View, California, 94041, .USA",
        "spec-version": "1.1"
      },
      "needModeration": false,
      "quoteDoc": "Terms of Service",
      "quoteEnd": 2421,
      "quoteStart": 1935,
      "quoteText": "500px reserves the right, at its sole discretion, to modify or replace the Terms at any time.\nIf the alterations constitute a material change to the Terms, 500px will notify you by posting an announcement on the Site.\nWhat constitutes a material change will be determined at 500px’s sole discretion.\nYou are responsible for reviewing and becoming familiar with any such modifications.\nUsing any Service or viewing any Visual Content constitutes your acceptance of the Terms as modified.",
      "reason": "merged with others",
      "services": [
        "500px"
      ],
      "slug": "uPk0rmk6_1w",
      "source": {
        "terms": "http://500px.com/terms"
      },
      "title": " Terms may be changed any time at their discretion, without notice to the user ",
      "topics": [
        "changes"
      ],
      "tosdr": {
        "binding": true,
        "case": " Terms may be changed any time at their discretion, without notice to the user ",
        "irrelevant": false,
        "point": "bad",
        "reason": true,
        "score": 70,
        "tldr": "“500px reserves the right, at its sole discretion, to modify or replace the terms at any time. If the alterations constitute a material change to the terms, 500px will notify you by Posting an announcement on the site. What constitutes a material change will be Determined at 500px’s sole discretion.”"
      }
    },
    "1039": {
      "discussion": "https://groups.google.com/d/topic/tosdr/X99SUnV7RUs/discussion",
      "id": "1039",
      "meta": {
        "author": "ToS;DR by Unhosted",
        "contributors": [
          "Hugo Roy <hugo@unhosted.org>"
        ],
        "license-for-this-file": "This work is licensed under the Creative Commons Attribution-ShareAlike 3.0 Unported License. To view a copy of this license, visit http://creativecommons.org/licenses/by-sa/3.0/ or send a letter to Creative Commons, 444 Castro Street, Suite 900, Mountain View, California, 94041, .USA",
        "spec-version": "1.1"
      },
      "needModeration": false,
      "quoteDoc": "Terms of Service",
      "quoteEnd": 13360,
      "quoteStart": 11746,
      "quoteText": "By posting Visual Content to the Site, you grant to 500px a non-exclusive or exclusive, transferable, fully paid, worldwide license to use, sublicense, distribute, reproduce, modify, adapt, publicly perform and publicly display such Visual Content in connection with the Services.\nThis license will exist for the period during which the Visual Content is posted on the Site and will automatically terminate upon the removal of the Visual Content from the Site, subject to the terms of any license granted by an authorized 500px distributor;</li>\n<li>The license granted to 500px includes the right to use Visual Content fully or partially for promotional reasons and to distribute and redistribute Visual Content to other parties, websites, authorized agents, applications, and other entities, provided such Visual Content is attributed in accordance with the required credits (i.e.\nusername or collection name, profile picture, photo title, descriptions, tags, and other accompanying information) if any and as appropriate, as submitted to 500px, subject to any credit requirements governing the licensing of Visual Content pursuant to the Contributor Agreement (notwithstanding the foregoing, no inadvertent failure to provide appropriate attribution shall be considered a breach of these Terms);</li>\n<li>500px and its distributors have the right to modify, alter and amend photo titles, descriptions, tags, metadata and other accompanying information for any Visual Content and the right to submit Visual Content to other parties and authorized agents for the purpose of creating tags for Visual Content;</li>\n",
      "services": [
        "500px"
      ],
      "slug": "X99SUnV7RUs",
      "source": {
        "faq": "",
        "terms": "http://500px.com/terms"
      },
      "title": "Broad copyright license",
      "topics": [
        "copyright-scope"
      ],
      "tosdr": {
        "binding": true,
        "case": "The copyright license maintained by the service over user data and/or content is broader than necessary.",
        "point": "bad",
        "score": 50,
        "tldr": "The copyright license you grant to 500px is transferable and sublicensable. The copyright license is limited for use “in connection with the Services” which includes promotional uses and redistribution “to other parties, web-sites, applications, and other entities” if you are credited properly. The license on your content terminates when you remove such content."
      }
    }
  },
  "twitter": "@500px",
  "urls": [
    "500px.com",
    "500px.me",
    "500px.org",
    "500px.net"
  ]
}