{
  "alexa": 677,
  "class": false,
  "links": {
    "Privacy Policy": {
      "name": "Privacy Policy",
      "url": "https://www.academia.edu/privacy"
    },
    "Terms of Service": {
      "name": "Terms of Service",
      "url": "https://www.academia.edu/terms"
    }
  },
  "points": [
    "4248"
  ],
  "pointsData": {
    "4248": {
      "id": "4248",
      "needModeration": false,
      "quoteDoc": "Privacy Policy",
      "quoteEnd": 2887,
      "quoteStart": 2775,
      "quoteText": "\nIt also enables us to serve you advertising and other relevant content on and off of the Academia.edu Services.",
      "services": [
        "academia-edu"
      ],
      "title": "targeted third-party advertising",
      "topics": [],
      "tosdr": {
        "binding": true,
        "case": "The service uses your personal data to employ targeted third-party advertising",
        "point": "bad",
        "privacyRelated": true,
        "score": 30,
        "tldr": "targeted third-party advertising"
      }
    }
  },
  "urls": [
    "academia.edu"
  ]
}