{
  "alexa": 16835,
  "class": false,
  "links": {},
  "points": [
    "5766"
  ],
  "pointsData": {
    "5766": {
      "id": "5766",
      "needModeration": false,
      "services": [
        "akamai"
      ],
      "title": "The service may use tracking pixels, web beacons, browser fingerprinting, and/or device fingerprinting on users.",
      "topics": [],
      "tosdr": {
        "binding": true,
        "case": "The service may use tracking pixels, web beacons, browser fingerprinting, and/or device fingerprinting on users.",
        "point": "bad",
        "privacyRelated": true,
        "score": 50,
        "tldr": " We do so through the processing of transaction logs, as well as the use of various technologies, including scripts,  tags,  Local  Shared  Objects  (Flash  cookies),  Local  Storage  (HTML5)  beacons, and cookies."
      }
    }
  },
  "urls": [
    "akamai.com"
  ]
}