{
  "alexa": 52348,
  "class": false,
  "links": {},
  "points": [
    "1342"
  ],
  "pointsData": {
    "1342": {
      "discussion": "https://groups.google.com/forum#!topic/tosdr/eZ5jGgruS9g",
      "id": "1342",
      "needModeration": false,
      "quoteDoc": "Privacy Policy",
      "quoteEnd": 21011,
      "quoteStart": 20813,
      "quoteText": "Things could change.</strong> We may amend or terminate any terms of this Agreement at any time and such amendment or termination will be effective at the time we post the revised terms on the site.",
      "services": [
        "albine"
      ],
      "slug": "eZ5jGgruS9g",
      "title": " Terms may be changed any time at their discretion, without notice to the user ",
      "topics": [],
      "tosdr": {
        "binding": true,
        "case": " Terms may be changed any time at their discretion, without notice to the user ",
        "point": "bad",
        "score": 70,
        "tldr": ""
      }
    }
  },
  "urls": [
    "abine.com"
  ]
}