{
  "class": false,
  "links": {},
  "points": [
    "4311",
    "4312",
    "4313"
  ],
  "pointsData": {
    "4311": {
      "id": "4311",
      "needModeration": false,
      "services": [
        "aleksandartodorović(r3bl)"
      ],
      "title": "easy to read",
      "topics": [],
      "tosdr": {
        "binding": true,
        "case": "The terms for this service are easy to read",
        "point": "good",
        "score": 15,
        "tldr": "easy to read"
      }
    },
    "4312": {
      "id": "4312",
      "needModeration": false,
      "quoteDoc": "Privacy Policy",
      "quoteEnd": 1060,
      "quoteStart": 1002,
      "quoteText": "<p>I self-host my own analytics service called PiwikMatomo",
      "services": [
        "aleksandartodorović(r3bl)"
      ],
      "title": "free software; you can run your own instance",
      "topics": [],
      "tosdr": {
        "binding": true,
        "case": "Features of the website are made available under a free software license",
        "point": "good",
        "score": 90,
        "tldr": "free software; you can run your own instance"
      }
    },
    "4313": {
      "id": "4313",
      "needModeration": false,
      "quoteDoc": "Privacy Policy",
      "quoteEnd": 333,
      "quoteStart": 252,
      "quoteText": "\n<li>I don’t store any personally identifiable data about you as my visitor.</li>",
      "services": [
        "aleksandartodorović(r3bl)"
      ],
      "title": "info given about what personal data they collect",
      "topics": [],
      "tosdr": {
        "binding": true,
        "case": "The service provides details about what kinds of personal information they collect",
        "point": "good",
        "score": 30,
        "tldr": "info given about what personal data they collect"
      }
    }
  },
  "urls": [
    "r3bl.me"
  ]
}