{
  "class": false,
  "links": {},
  "points": [
    "5836"
  ],
  "pointsData": {
    "5836": {
      "id": "5836",
      "needModeration": false,
      "quoteDoc": " AWS Service Terms",
      "quoteEnd": 49,
      "quoteStart": 19,
      "quoteText": "Last Updated: February 4, 2019",
      "services": [
        "amazonaws"
      ],
      "title": "There is a date of the last update of the terms",
      "topics": [],
      "tosdr": {
        "binding": true,
        "case": "There is a date of the last update of the terms",
        "point": "neutral",
        "score": 50,
        "tldr": "Generated through the annotate view"
      }
    }
  },
  "urls": [
    "aws.amazon.com"
  ]
}