{
  "alexa": 10,
  "class": "C",
  "links": {
    "Alexa Terms of Use": {
      "name": "Alexa Terms of Use",
      "url": "https://www.amazon.com/gp/help/customer/display.html?nodeId=201809740"
    },
    "Amazon Appstore for Android Terms of Use": {
      "name": "Amazon Appstore for Android Terms of Use",
      "url": "https://www.amazon.com/gp/help/customer/display.html?nodeId=201485660"
    },
    "Amazon Coins Terms": {
      "name": "Amazon Coins Terms",
      "url": "https://www.amazon.com/gp/help/customer/display.html?nodeId=201434520"
    },
    "Amazon Device Terms of Use": {
      "name": "Amazon Device Terms of Use",
      "url": "https://www.amazon.com/gp/help/customer/display.html?nodeId=202002080"
    },
    "Amazon Drive and Prime Photos Terms of Use": {
      "name": "Amazon Drive and Prime Photos Terms of Use",
      "url": "https://www.amazon.com/gp/help/customer/display.html?nodeId=201376540"
    },
    "Amazon FreeTime Unlimited Terms & Conditions and Kindle FreeTime Unlimited Terms & Conditions": {
      "name": "Amazon FreeTime Unlimited Terms & Conditions and Kindle FreeTime Unlimited Terms & Conditions",
      "url": "https://www.amazon.com/gp/help/customer/display.html?nodeId=201222340"
    },
    "Amazon GameCircle Terms of Use": {
      "name": "Amazon GameCircle Terms of Use",
      "url": "https://www.amazon.com/gp/help/customer/display.html?nodeId=201487670"
    },
    "Amazon Maps Terms of Use": {
      "name": "Amazon Maps Terms of Use",
      "url": "https://www.amazon.com/gp/help/customer/display.html?nodeId=201544030"
    },
    "Amazon Music Terms of Use": {
      "name": "Amazon Music Terms of Use",
      "url": "https://www.amazon.com/gp/help/customer/display.html?nodeId=201380010"
    },
    "Amazon Prime Terms": {
      "name": "Amazon Prime Terms",
      "url": "https://www.amazon.com/gp/help/customer/display.html?nodeId=13819201"
    },
    "Amazon Privacy Notice": {
      "name": "Amazon Privacy Notice",
      "url": "https://www.amazon.com/gp/help/customer/display.html?nodeId=468496"
    },
    "Amazon Silk Terms & Conditions": {
      "name": "Amazon Silk Terms & Conditions",
      "url": "https://www.amazon.com/gp/help/customer/display.html?nodeId=200775270"
    },
    "Backup and Restore FAQ": {
      "name": "Backup and Restore FAQ",
      "url": "https://www.amazon.com/gp/help/customer/display.html?nodeId=201604180"
    },
    "Conditions of Use": {
      "name": "Conditions of Use",
      "url": "https://www.amazon.com/gp/help/customer/display.html?nodeId=508088"
    },
    "Firefly FAQ": {
      "name": "Firefly FAQ",
      "url": "https://www.amazon.com/gp/help/customer/display.html?nodeId=201604140"
    },
    "Interest-Based Ads": {
      "name": "Interest-Based Ads",
      "url": "https://www.amazon.com/gp/help/customer/display.html?nodeId=202075050"
    },
    "Kindle E-Reader and Fire Tablet Terms": {
      "name": "Kindle E-Reader and Fire Tablet Terms",
      "url": "https://www.amazon.com/gp/help/customer/display.html?nodeId=200699130"
    },
    "Kindle Personal Documents Distributor Terms of Use": {
      "name": "Kindle Personal Documents Distributor Terms of Use",
      "url": "https://www.amazon.com/gp/help/customer/display.html?nodeId=201124320"
    },
    "Kindle Special Offer Text Notifications Terms & Conditions": {
      "name": "Kindle Special Offer Text Notifications Terms & Conditions",
      "url": "https://www.amazon.com/gp/help/customer/display.html?nodeId=201339340"
    },
    "Kindle Store Terms of Use": {
      "name": "Kindle Store Terms of Use",
      "url": "https://www.amazon.com/gp/help/customer/display.html?nodeId=201014950"
    },
    "Kindle Unlimited Terms of Use": {
      "name": "Kindle Unlimited Terms of Use",
      "url": "https://www.amazon.com/gp/help/customer/display.html?nodeId=201556940"
    },
    "Limited-Time Special Offers Promotional Discount Terms & Conditions": {
      "name": "Limited-Time Special Offers Promotional Discount Terms & Conditions",
      "url": "https://www.amazon.com/gp/help/customer/display.html?nodeId=201339330"
    },
    "Location Services FAQ": {
      "name": "Location Services FAQ",
      "url": "https://www.amazon.com/gp/help/customer/display.html?nodeId=201604200"
    },
    "Monthly Payments Terms & Conditions": {
      "name": "Monthly Payments Terms & Conditions",
      "url": "https://www.amazon.com/gp/help/customer/display.html?nodeId=202095050"
    },
    "Saving Your Wi-Fi Passwords to Amazon FAQs": {
      "name": "Saving Your Wi-Fi Passwords to Amazon FAQs",
      "url": "https://www.amazon.com/gp/help/customer/display.html?nodeId=201730860"
    },
    "ads": {
      "name": "Interest Based Ads",
      "url": "http://www.amazon.com/b/?&node=5160028011"
    },
    "privacy": {
      "name": "Privacy Notice",
      "url": "http://www.amazon.com/gp/help/customer/display.html/ref=footer_privacy?ie=UTF8&nodeId=468496"
    },
    "security": {
      "name": "Security, Privacy & Accessibility",
      "url": "http://www.amazon.com/gp/help/customer/display.html/?nodeId=551434"
    }
  },
  "points": [
    "1122",
    "1370",
    "1582",
    "1591",
    "5922",
    "5923",
    "5925",
    "5926",
    "5927",
    "5928",
    "5929",
    "5930",
    "622",
    "645",
    "701",
    "706",
    "793",
    "829",
    "902"
  ],
  "pointsData": {
    "622": {
      "discussion": "https://groups.google.com/forum/#!topic/tosdr/fmwJnSYYkBU",
      "id": "622",
      "needModeration": false,
      "quoteDoc": "Conditions of Use",
      "quoteEnd": 7798,
      "quoteStart": 7331,
      "quoteText": "If you do post content or submit material, and unless we indicate otherwise, you grant Amazon a nonexclusive, royalty-free, perpetual, irrevocable, and fully sublicensable right to use, reproduce, modify, adapt, publish, perform, translate, create derivative works from, distribute, and display such content throughout the world in any media.\nYou grant Amazon and sublicensees the right to use the name that you submit in connection with such content, if they choose.",
      "services": [
        "amazon"
      ],
      "set": "set+service+and+topic",
      "slug": "fmwJnSYYkBU",
      "title": "This service can license user content to third parties",
      "topics": [
        "copyright-scope"
      ],
      "tosdr": {
        "binding": true,
        "case": "This service can license user content to third parties",
        "point": "bad",
        "score": 50,
        "tldr": "[Bad] Amazon holds unlimited copyright license on your content"
      }
    },
    "645": {
      "discussion": "https://groups.google.com/d/topic/tosdr/1zhceRPv3nM/discussion",
      "id": "645",
      "needModeration": false,
      "quoteDoc": "Amazon Privacy Notice",
      "quoteEnd": 6957,
      "quoteStart": 6461,
      "quoteText": "As we continue to develop our business, we might sell or buy stores, subsidiaries, or business units.\nIn such transactions, customer information generally is one of the transferred business assets but remains subject to the promises made in any pre-existing Privacy Notice (unless, of course, the customer consents otherwise).\nAlso, in the unlikely event that Amazon.com, Inc., or substantially all of its assets are acquired, customer information will of course be one of the transferred assets.",
      "services": [
        "amazon"
      ],
      "set": "set+service+and+topic",
      "slug": "1zhceRPv3nM",
      "title": "The service can sell or otherwise transfer your personal data as part of a bankruptcy proceeding or other type of financial transaction.",
      "topics": [
        "business-transfer",
        "personal-data"
      ],
      "tosdr": {
        "binding": true,
        "case": "The service can sell or otherwise transfer your personal data as part of a bankruptcy proceeding or other type of financial transaction.",
        "point": "bad",
        "score": 50,
        "tldr": "Amazon may sell user data as part of a business transfer"
      }
    },
    "701": {
      "discussion": "https://groups.google.com/d/topic/tosdr/OegfPmV8ugo/discussion",
      "id": "701",
      "needModeration": false,
      "quoteDoc": "Interest-Based Ads",
      "quoteEnd": 2821,
      "quoteStart": 2173,
      "quoteText": "Advertisers or ad companies working on their behalf sometimes use technology to serve the ads that appear on our sites directly to your browser.\nThey automatically receive your IP address when this happens.\nThey may also use cookies to measure the effectiveness of their ads and to personalize ad content.\nWe do not have access to or control over cookies or other features that advertisers and third party sites may use, and the information practices of these advertisers and third party websites are not covered by our Privacy Notice or this Interest-Based Ads page.\nPlease contact them directly for more information about their privacy practices.",
      "services": [
        "amazon"
      ],
      "set": "set+service+and+topic",
      "slug": "OegfPmV8ugo",
      "title": "Amazon enables third-party advertisers to target you by default",
      "topics": [
        "track",
        "third"
      ],
      "tosdr": {
        "binding": true,
        "case": "The service uses your personal data to employ targeted third-party advertising",
        "point": "bad",
        "privacyRelated": true,
        "score": 30,
        "tldr": "Although Amazon does not share your personal informaton to advertiers and other third-parties that display Amazon's ads, by default they enable third-party advertises to target you (IP, cookies or “other features”). However, you <a href=\"http://www.amazon.com/gp/dra/info\">can opt-out</a>."
      }
    },
    "706": {
      "discussion": "https://groups.google.com/forum/#!topic/tosdr/mwyz0jd-Ehk",
      "id": "706",
      "needModeration": false,
      "quoteDoc": "Conditions of Use",
      "quoteEnd": 6389,
      "quoteStart": 6214,
      "quoteText": "Amazon reserves the right to refuse service, terminate accounts, terminate your rights to use Amazon Services, remove or edit content, or cancel orders in its sole discretion.",
      "services": [
        "amazon"
      ],
      "set": "set+service+and+topic",
      "slug": "mwyz0jd-Ehk",
      "title": "They may stop providing the service at any time",
      "topics": [
        "suspension"
      ],
      "tosdr": {
        "binding": true,
        "case": "They may stop providing the service at any time",
        "point": "bad",
        "score": 40,
        "tldr": "Amazon can cancel your account and remove content at any time."
      }
    },
    "793": {
      "discussion": "https://groups.google.com/d/topic/tosdr/E58aPtzP3jk/discussion",
      "id": "793",
      "needModeration": false,
      "quoteDoc": "Amazon Privacy Notice",
      "quoteEnd": 2099,
      "quoteStart": 1904,
      "quoteText": "we use \"cookies,\" and we obtain certain types of information when your Web browser accesses Amazon.com or advertisements and other content served by or on behalf of Amazon.com on other Web sites.",
      "services": [
        "amazon"
      ],
      "set": "set+service+and+topic",
      "slug": "E58aPtzP3jk-amazon",
      "title": "This service tracks you on other websites",
      "topics": [
        "cookies",
        "third"
      ],
      "tosdr": {
        "binding": true,
        "case": "This service tracks you on other websites",
        "point": "bad",
        "score": 60,
        "tldr": "This service uses cookies to track you even if you are not interacting with them directly. Amazon for instance, use <a href=\"http://www.amazon.com/gp/help/customer/display.html/ref=hp_468496_cookies?nodeId=468496&amp;#cookies\">cookies</a> to track your device and serve targeted advertisements on other websites (Amazon associates, websites using Amazon Checkout). They “obtain certain types of information when your Web browser accesses Amazon.com or advertisements and other content served by or on behalf of Amazon.com on other Web sites”."
      }
    },
    "829": {
      "discussion": "https://groups.google.com/forum/#!topic/tosdr/FQG2J751ZKk",
      "id": "829",
      "needModeration": false,
      "quoteDoc": "Amazon Privacy Notice",
      "quoteEnd": 7861,
      "quoteStart": 7682,
      "quoteText": "Other than as set out above, you will receive notice when information about you might go to third parties, and you will have an opportunity to choose not to share the information.",
      "services": [
        "amazon"
      ],
      "set": "set+service+and+topic",
      "slug": "FQG2J751ZKk",
      "title": "The service allows you to opt out of providing personal information to third parties",
      "topics": [
        "third%22%2C+%22personal-data"
      ],
      "tosdr": {
        "binding": true,
        "case": "The service allows you to opt out of providing personal information to third parties",
        "point": "good",
        "privacyRelated": true,
        "score": 50,
        "tldr": "See excerpt."
      }
    },
    "902": {
      "discussion": "https://groups.google.com/forum/#!topic/tosdr/zz2NIAyIy2M",
      "id": "902",
      "needModeration": false,
      "quoteDoc": "Amazon Privacy Notice",
      "quoteEnd": 1743,
      "quoteStart": 1436,
      "quoteText": "You can choose not to provide certain information, but then you might not be able to take advantage of many of our features.\nWe use the information that you provide for such purposes as responding to your requests, customizing future shopping for you, improving our stores, and communicating with you.\n</li>",
      "services": [
        "amazon"
      ],
      "set": "set+service+and+topic",
      "slug": "zz2NIAyIy2M",
      "title": "Amazon allows users to have some control over the information that they give to the service",
      "topics": [
        "track"
      ],
      "tosdr": {
        "binding": true,
        "case": "The service provides details about what kinds of personal information they collect",
        "point": "good",
        "score": 30,
        "tldr": "While Amazon grants users some control over their personal information, the service also warns that users may sacrifice quality of experience on the website if they limit the information that they give."
      }
    },
    "1122": {
      "id": "1122",
      "quoteDoc": "Interest-Based Ads",
      "quoteEnd": 521,
      "quoteStart": 32,
      "quoteText": "On both Amazon-owned and operated sites and unaffiliated sites, Amazon displays interest-based advertising using information you make available to us when you interact with our sites, content, or services.\nInterest-based ads, also sometimes referred to as personalized or targeted ads, are displayed to you based on information from activities such as purchasing on our sites, visiting sites that contain Amazon content or ads, interacting with Amazon tools, or using our payment services.",
      "services": [
        "amazon"
      ],
      "slug": "1122",
      "title": "The service uses your personal data for advertising",
      "topics": [],
      "tosdr": {
        "binding": true,
        "case": "The service uses your personal data for advertising",
        "point": "bad",
        "privacyRelated": true,
        "score": 30,
        "tldr": "Amazon uses your personal data and your behavior data for advertisement."
      }
    },
    "1370": {
      "discussion": "https://groups.google.com/forum#!topic/tosdr/OwOPV_P-SKM",
      "id": "1370",
      "needModeration": false,
      "quoteDoc": "Conditions of Use",
      "quoteEnd": 5731,
      "quoteStart": 5501,
      "quoteText": "You are responsible for maintaining the confidentiality of your account and password and for restricting access to your account, and you agree to accept responsibility for all activities that occur under your account or password.\n",
      "services": [
        "amazon"
      ],
      "slug": "OwOPV_P-SKM",
      "title": "Users are responsible for maintaining the security of their Amazon account and for the activities on their account",
      "topics": [],
      "tosdr": {
        "binding": true,
        "case": "You are responsible for maintaining the security of your account and for the activities on your account",
        "point": "neutral",
        "score": 10,
        "tldr": ""
      }
    },
    "1582": {
      "discussion": "https://groups.google.com/d/topic/tosdr/t2TchvjqHLg/discussion",
      "id": "1582",
      "needModeration": false,
      "quoteDoc": "Amazon Privacy Notice",
      "quoteEnd": 7634,
      "quoteStart": 7023,
      "quoteText": "We release account and other personal information when we believe release is appropriate to comply with the law.\nenforce or apply our Conditions of Use and other agreements.\nor protect the rights, property, or safety of Amazon.com, our users, or others.\nThis includes exchanging information with other companies and organizations for fraud protection and credit risk reduction.\nObviously, however, this does not include selling, renting, sharing, or otherwise disclosing personally identifiable information from customers for commercial purposes in violation of the commitments set forth in this Privacy Notice.",
      "services": [
        "amazon"
      ],
      "set": "set+service+and+topic",
      "slug": "t2TchvjqHLg",
      "title": "personal data is given to third parties",
      "topics": [
        "law-gov"
      ],
      "tosdr": {
        "binding": true,
        "case": "Your personal data is given to third parties",
        "point": "bad",
        "privacyRelated": true,
        "score": 10,
        "tldr": "Amazon may release your data when they believe it appropriate"
      }
    },
    "1591": {
      "discussion": "https://groups.google.com/d/topic/tosdr/eJHy5tk8Gow/discussion",
      "id": "1591",
      "needModeration": false,
      "quoteDoc": "Amazon Privacy Notice",
      "quoteEnd": 6097,
      "quoteStart": 5983,
      "quoteText": "They have access to personal information needed to perform their functions, but may not use it for other purposes.",
      "services": [
        "amazon"
      ],
      "set": "set+service+and+topic",
      "slug": "eJHy5tk8Gow",
      "title": "Third parties used by the service are bound by confidentiality obligations",
      "topics": [
        "personal-data"
      ],
      "tosdr": {
        "binding": true,
        "case": "Third parties used by the service are bound by confidentiality obligations",
        "point": "good",
        "score": 20,
        "tldr": "Amazon&#39;s providers may not use your data for other purposes"
      }
    },
    "5922": {
      "id": "5922",
      "quoteDoc": "Conditions of Use",
      "quoteEnd": 12738,
      "quoteStart": 12048,
      "quoteText": "THE AMAZON SERVICES AND ALL INFORMATION, CONTENT, MATERIALS, PRODUCTS (INCLUDING SOFTWARE) AND OTHER SERVICES INCLUDED ON OR OTHERWISE MADE AVAILABLE TO YOU THROUGH THE AMAZON SERVICES ARE PROVIDED BY AMAZON ON AN \"AS IS\" AND \"AS AVAILABLE\" BASIS, UNLESS OTHERWISE SPECIFIED IN WRITING.\nAMAZON MAKES NO REPRESENTATIONS OR WARRANTIES OF ANY KIND, EXPRESS OR IMPLIED, AS TO THE OPERATION OF THE AMAZON SERVICES, OR THE INFORMATION, CONTENT, MATERIALS, PRODUCTS (INCLUDING SOFTWARE) OR OTHER SERVICES INCLUDED ON OR OTHERWISE MADE AVAILABLE TO YOU THROUGH THE AMAZON SERVICES, UNLESS OTHERWISE SPECIFIED IN WRITING.\nYOU EXPRESSLY AGREE THAT YOUR USE OF THE AMAZON SERVICES IS AT YOUR SOLE RISK",
      "services": [
        "amazon"
      ],
      "title": "The service is provided 'as is' and to be used at the users' sole risk",
      "topics": [],
      "tosdr": {
        "binding": true,
        "case": "The service is provided 'as is' and to be used at the users' sole risk",
        "point": "bad",
        "score": 20,
        "tldr": "Generated through the annotate view"
      }
    },
    "5923": {
      "id": "5923",
      "quoteDoc": "Conditions of Use",
      "quoteEnd": 14041,
      "quoteStart": 13731,
      "quoteText": "Any dispute or claim relating in any way to your use of any Amazon Service, or to any products or services sold or distributed by Amazon or through Amazon.com will be resolved by binding arbitration, rather than in court</strong>, except that you may assert claims in small claims court if your claims qualify.",
      "services": [
        "amazon"
      ],
      "title": "This service forces users into binding arbitration in the case of disputes",
      "topics": [],
      "tosdr": {
        "binding": true,
        "case": "This service forces users into binding arbitration in the case of disputes",
        "point": "bad",
        "score": 50,
        "tldr": "Generated through the annotate view"
      }
    },
    "5925": {
      "id": "5925",
      "quoteDoc": "Conditions of Use",
      "quoteEnd": 16422,
      "quoteStart": 16285,
      "quoteText": "Please review our other policies, such as our pricing policy, posted on this site.\nThese policies also govern your use of Amazon Services",
      "services": [
        "amazon"
      ],
      "title": "This service employs separate policies for different parts of the service",
      "topics": [],
      "tosdr": {
        "binding": true,
        "case": "This service employs separate policies for different parts of the service",
        "point": "neutral",
        "score": 0,
        "tldr": "Generated through the annotate view"
      }
    },
    "5926": {
      "id": "5926",
      "quoteDoc": "Conditions of Use",
      "quoteEnd": 16538,
      "quoteStart": 16424,
      "quoteText": "We reserve the right to make changes to our site, policies, Service Terms, and these Conditions of Use at any time",
      "services": [
        "amazon"
      ],
      "title": " Terms may be changed any time at their discretion, without notice to the user ",
      "topics": [],
      "tosdr": {
        "binding": true,
        "case": " Terms may be changed any time at their discretion, without notice to the user ",
        "point": "bad",
        "score": 70,
        "tldr": "Generated through the annotate view"
      }
    },
    "5927": {
      "id": "5927",
      "quoteDoc": "Amazon Privacy Notice",
      "quoteEnd": 4520,
      "quoteStart": 4311,
      "quoteText": "For instance, if you block or otherwise reject our cookies, you will not be able to add items to your Shopping Cart, proceed to Checkout, or use any Amazon.com products and services that require you to Sign in",
      "services": [
        "amazon"
      ],
      "title": "Blocking cookies may limit your ability to use the service",
      "topics": [],
      "tosdr": {
        "binding": true,
        "case": "Blocking cookies may limit your ability to use the service",
        "point": "bad",
        "score": 50,
        "tldr": "Generated through the annotate view"
      }
    },
    "5928": {
      "id": "5928",
      "quoteDoc": "Amazon Privacy Notice",
      "quoteEnd": 12560,
      "quoteStart": 12084,
      "quoteText": "We may e-mail periodic reminders of our notices and conditions, but you should check our Web site frequently to see recent changes.\nUnless stated otherwise, our current Privacy Notice applies to all information that we have about you and your account.\nWe stand behind the promises we make, however, and will never materially change our policies and practices to make them less protective of customer information collected in the past without the consent of affected customers.",
      "services": [
        "amazon"
      ],
      "title": "Users should revisit the terms periodically, although in case of material changes, the service will notify",
      "topics": [],
      "tosdr": {
        "binding": true,
        "case": "Users should revisit the terms periodically, although in case of material changes, the service will notify",
        "point": "neutral",
        "score": 50,
        "tldr": "Generated through the annotate view"
      }
    },
    "5929": {
      "id": "5929",
      "quoteDoc": "EU-US and Swiss-US Privacy Shield",
      "quoteEnd": 4344,
      "quoteStart": 4008,
      "quoteText": "The Amazon Group Companies are subject to the investigatory and enforcement powers of the Federal Trade Commission (FTC).\nWe may be required to disclose personal information that we handle under the Privacy Shield in response to lawful requests by public authorities, including to meet national security or law enforcement requirements.",
      "services": [
        "amazon"
      ],
      "title": "This service can share your personal information to third parties ",
      "topics": [],
      "tosdr": {
        "binding": true,
        "case": "This service can share your personal information to third parties ",
        "point": "bad",
        "score": 50,
        "tldr": "Generated through the annotate view"
      }
    },
    "5930": {
      "id": "5930",
      "needModeration": false,
      "quoteDoc": "Amazon Maps Terms of Use",
      "quoteEnd": 4509,
      "quoteStart": 4371,
      "quoteText": "We may terminate the Agreement or restrict, suspend or terminate your use of the Service at our discretion at any time without notice.</p>",
      "services": [
        "amazon"
      ],
      "title": "The service can delete your account without prior notice and without a reason",
      "topics": [],
      "tosdr": {
        "binding": true,
        "case": "The service can delete your account without prior notice and without a reason",
        "point": "bad",
        "score": 60,
        "tldr": "Generated through the annotate view"
      }
    }
  },
  "urls": [
    "amazon.com"
  ]
}