{
  "alexa": 32281,
  "class": "B",
  "links": {},
  "points": [
    "4542",
    "4543",
    "4544",
    "4545",
    "4546",
    "4547",
    "4548",
    "4549",
    "4550",
    "4551",
    "4552",
    "4553",
    "4554",
    "4556",
    "4557",
    "4558",
    "4559",
    "4560",
    "4561",
    "4562",
    "4564",
    "4565",
    "5982"
  ],
  "pointsData": {
    "4542": {
      "id": "4542",
      "needModeration": false,
      "services": [
        "amnestyinternationallimited(uk)"
      ],
      "title": "The Privacy Policy and Cookie Statement for the service are easy to read",
      "topics": [],
      "tosdr": {
        "binding": true,
        "case": "The terms for this service are easy to read",
        "point": "good",
        "score": 15,
        "tldr": "The documents are written in understandable, less legal terms and structured well.\r\nAdditionally, the documents are kept reasonably short."
      }
    },
    "4543": {
      "id": "4543",
      "needModeration": false,
      "quoteDoc": "Privacy Policy",
      "quoteEnd": 3700,
      "quoteStart": 3297,
      "quoteText": "If you choose to provide it, we can collect the following types of personal information from you:\n<ul>\n<li>Name</li>\n<li>Age</li>\n<li>Address</li>\n<li>Email address</li>\n<li>Phone number</li>\n<li>Credit card details</li>\n<li>Information provided for the purpose of applying for a job or volunteering opportunity, including: gender, ethnicity, sexual orientation, disability and criminal convictions</li>",
      "services": [
        "amnestyinternationallimited(uk)"
      ],
      "title": "The service provides details about what kinds of personal information they collect",
      "topics": [],
      "tosdr": {
        "binding": true,
        "case": "The service provides details about what kinds of personal information they collect",
        "point": "good",
        "score": 30,
        "tldr": "Generated through the annotate view"
      }
    },
    "4544": {
      "id": "4544",
      "needModeration": false,
      "quoteDoc": "Privacy Policy",
      "quoteEnd": 4615,
      "quoteStart": 3707,
      "quoteText": "How do we use information collected?\n<p>We use your personal information collected via our websites for the following purposes:</p>\n<ul>\n<li>To undertake email actions or compile petitions</li>\n<li>To update you on our campaigns and activities</li>\n<li>To ask you to donate or get involved in our campaigns</li>\n<li>To action your expression of interest in joining Amnesty International</li>\n<li>To administer your membership of Amnesty International</li>\n<li>To process donations that we receive from you</li>\n<li>To administer and progress your applications for employment or volunteering opportunities with us</li>\n<li>To monitor the diversity of applicants for employment or volunteering opportunities</li>\n<li>To share your data with other Amnesty International organisations or with trusted third parties (further details below)</li>\n<li>To improve our websites</li>\n<li>To fulfil any legal obligations",
      "services": [
        "amnestyinternationallimited(uk)"
      ],
      "title": "The service provides information about how they intend to use your personal data",
      "topics": [],
      "tosdr": {
        "binding": true,
        "case": "The service provides information about how they intend to use your personal data",
        "point": "good",
        "score": 30,
        "tldr": "Generated through the annotate view"
      }
    },
    "4545": {
      "id": "4545",
      "needModeration": false,
      "quoteDoc": "Privacy Policy",
      "quoteEnd": 2844,
      "quoteStart": 2437,
      "quoteText": "<p>In some circumstances your information may be shared with us by third parties, but only where you have specifically consented.\nExamples include registering for a human rights education course with our external provider, or if you register your interest in joining Amnesty International or one of its campaigns through Facebook, Facebook will share information such as your name and email address with us.",
      "services": [
        "amnestyinternationallimited(uk)"
      ],
      "title": "This service only shares user information with third parties when given specific consent",
      "topics": [],
      "tosdr": {
        "binding": true,
        "case": "This service only shares user information with third parties when given specific consent",
        "point": "good",
        "privacyRelated": true,
        "score": 80,
        "tldr": "Generated through the annotate view"
      }
    },
    "4546": {
      "id": "4546",
      "needModeration": false,
      "quoteDoc": "Privacy Policy",
      "quoteEnd": 3285,
      "quoteStart": 2849,
      "quoteText": "We collect personal information in the following ways:\n<ul>\n<li>When you sign up to online actions or express an interest in joining us as an international member</li>\n<li>When you make a donation to us</li>\n<li>When you sign up for our human rights education courses</li>\n<li>When you participate in other online campaigns or activities for example Amnesty Decoders</li>\n<li>When you apply for a job or volunteering opportunity with us",
      "services": [
        "amnestyinternationallimited(uk)"
      ],
      "title": "The service provides information about how they collect personal data",
      "topics": [],
      "tosdr": {
        "binding": true,
        "case": "The service provides information about how they collect personal data",
        "point": "good",
        "privacyRelated": true,
        "score": 50,
        "tldr": "Generated through the annotate view"
      }
    },
    "4547": {
      "id": "4547",
      "needModeration": false,
      "quoteDoc": "Privacy Policy",
      "quoteEnd": 2207,
      "quoteStart": 1935,
      "quoteText": "What types of information do we collect and how?\n<p>The type and amount of information we receive and store depends on how you use our websites.\nYou can access most of the pages on our websites without telling us who you are and without revealing any personal information.",
      "services": [
        "amnestyinternationallimited(uk)"
      ],
      "title": "Users can access most of the pages on the service's website without revealing any personal information",
      "topics": [],
      "tosdr": {
        "binding": true,
        "case": "Users can access most of the pages on the service's website without revealing any personal information",
        "point": "good",
        "privacyRelated": true,
        "score": 60,
        "tldr": "Generated through the annotate view"
      }
    },
    "4548": {
      "id": "4548",
      "needModeration": false,
      "quoteDoc": "Privacy Policy",
      "quoteEnd": 7286,
      "quoteStart": 6879,
      "quoteText": "Third Party Websites\n<p>On our website we sometimes have links to third party websites or applications.\nThis policy does not apply to such pages or applications hosted or operated by other organisations.\nThis includes the websites or applications of Amnesty International sections or related organisations or third party sites.\nThese other sites may have their own privacy policies which apply to them.</p>\n",
      "services": [
        "amnestyinternationallimited(uk)"
      ],
      "title": "The service informs users that its privacy policy does not apply to third party websites",
      "topics": [],
      "tosdr": {
        "binding": true,
        "case": "The service informs users that its privacy policy does not apply to third party websites",
        "point": "neutral",
        "score": 10,
        "tldr": "Generated through the annotate view"
      }
    },
    "4549": {
      "id": "4549",
      "needModeration": false,
      "quoteDoc": "Privacy Policy",
      "quoteEnd": 11180,
      "quoteStart": 10977,
      "quoteText": "<p>If you are aged 18 or under and would like to get involved in Amnesty International’s work, please make sure that you have your parent/guardian’s permission before giving us personal information.</p>\n",
      "services": [
        "amnestyinternationallimited(uk)"
      ],
      "title": "This service is only available to users of a certain age",
      "topics": [],
      "tosdr": {
        "binding": true,
        "case": "This service is only available to users of a certain age",
        "point": "neutral",
        "score": 15,
        "tldr": "Generated through the annotate view"
      }
    },
    "4550": {
      "id": "4550",
      "needModeration": false,
      "quoteDoc": "Privacy Policy",
      "quoteEnd": 12436,
      "quoteStart": 12361,
      "quoteText": "All our email communications to you will contain an unsubscribe link.</li>\n",
      "services": [
        "amnestyinternationallimited(uk)"
      ],
      "title": "You can opt out of promotional communications",
      "topics": [],
      "tosdr": {
        "binding": true,
        "case": "You can opt out of promotional communications",
        "point": "good",
        "score": 10,
        "tldr": "Generated through the annotate view"
      }
    },
    "4551": {
      "id": "4551",
      "needModeration": false,
      "quoteDoc": "Privacy Policy",
      "quoteEnd": 12361,
      "quoteStart": 11916,
      "quoteText": "Access to and your rights over your personal information\n<p>The personal data we hold about you is yours.\nYou have the following rights over your information:</p>\n<ul>\n<li>To be informed how your data is being processed</li>\n<li>To access your data</li>\n<li>To rectify any data that is inaccurate</li>\n<li>To instruct us to delete your data</li>\n<li>To restrict our processing of your data (which includes contacting you via email) at any time.\n",
      "services": [
        "amnestyinternationallimited(uk)"
      ],
      "title": "You can request access and deletion of personal data",
      "topics": [],
      "tosdr": {
        "binding": true,
        "case": "You can request access and deletion of personal data",
        "point": "good",
        "privacyRelated": true,
        "score": 50,
        "tldr": "Generated through the annotate view"
      }
    },
    "4552": {
      "id": "4552",
      "needModeration": false,
      "quoteDoc": "Privacy Policy",
      "quoteEnd": 12440,
      "quoteStart": 12361,
      "quoteText": "All our email communications to you will contain an unsubscribe link.</li>\n<li>",
      "services": [
        "amnestyinternationallimited(uk)"
      ],
      "title": "You can opt out of promotional communications",
      "topics": [],
      "tosdr": {
        "binding": true,
        "case": "You can opt out of promotional communications",
        "point": "good",
        "score": 10,
        "tldr": "Generated through the annotate view"
      }
    },
    "4553": {
      "id": "4553",
      "needModeration": false,
      "quoteDoc": "Privacy Policy",
      "quoteEnd": 13388,
      "quoteStart": 12850,
      "quoteText": "Complaints\n<p>If you wish to lodge a complaint about our handling of your personal data please get in touch with us on the details above with the details of your complaint.\nwe aim to respond to all complaints within 14 working days.</p>\n<p>If you are dissatisfied with how we have handled your complaint you may lodge a complaint with the Information Commissioner’s Office which is the UK regulator in charge of data protection and privacy enforcement:</p>\n<p>Website: https://ico.org.uk/global/contact-us/</p>\n<p>Telephone: 0303 123 1113",
      "services": [
        "amnestyinternationallimited(uk)"
      ],
      "title": "The service provides a complaint mechanism for the handling of personal data",
      "topics": [],
      "tosdr": {
        "binding": true,
        "case": "The service provides a complaint mechanism for the handling of personal data",
        "point": "good",
        "privacyRelated": true,
        "score": 30,
        "tldr": "Generated through the annotate view"
      }
    },
    "4554": {
      "id": "4554",
      "needModeration": false,
      "quoteDoc": "Privacy Policy",
      "quoteEnd": 777,
      "quoteStart": 702,
      "quoteText": "en Choose language <ul>\n<li> français </li>\n<li> español </li>\n<li> العربية",
      "services": [
        "amnestyinternationallimited(uk)"
      ],
      "title": "The Privacy Policy and Cookie Statement for this website are translated into three languages",
      "topics": [],
      "tosdr": {
        "binding": true,
        "case": "The terms for this service are translated into different languages",
        "point": "neutral",
        "score": 0,
        "tldr": "The Privacy Policy and Cookie Statement are available in English, French, Spanish and Arabic and so is the entire website. Since the website provides no other service than (written) information, it will only be used by people who understand one of the available languages, who will thus also understand the legal documents."
      }
    },
    "4556": {
      "id": "4556",
      "needModeration": false,
      "quoteDoc": "Privacy Policy",
      "quoteEnd": 1934,
      "quoteStart": 1852,
      "quoteText": "This policy was last updated on [1] June 2018 and is reviewed every 12 months.</p>",
      "services": [
        "amnestyinternationallimited(uk)"
      ],
      "title": "The service reviews its privacy policy on a regular basis",
      "topics": [],
      "tosdr": {
        "binding": true,
        "case": "The service reviews its privacy policy on a regular basis",
        "point": "good",
        "privacyRelated": true,
        "score": 30,
        "tldr": "Generated through the annotate view"
      }
    },
    "4557": {
      "id": "4557",
      "needModeration": false,
      "quoteDoc": "Privacy Policy",
      "quoteEnd": 8383,
      "quoteStart": 8102,
      "quoteText": "To the extent that sharing your information in this way requires us to transfer your personal information outside of the EU, we have contractual arrangements in place to ensure that your data is shared and processed by the recipient organisation to an EU standard.</p>\n<p>\n<strong>",
      "services": [
        "amnestyinternationallimited(uk)"
      ],
      "title": "If Amnesty International shares personal information outside the EU, it is processed to an EU standard",
      "topics": [],
      "tosdr": {
        "binding": true,
        "case": "If the service shares personal information outside of its jurisdiction, it is processed according to the original jurisdiction's data protection standards",
        "point": "good",
        "privacyRelated": true,
        "score": 60,
        "tldr": "Amnesty International Limited (UK) sometimes shares personal information, e.g. of potential members, with other membership organizations of its movement. When it does, arrangements are in place to ensure that the recipient processes that personal information to an EU standard."
      }
    },
    "4558": {
      "id": "4558",
      "needModeration": false,
      "quoteDoc": "Privacy Policy",
      "quoteEnd": 8102,
      "quoteStart": 7411,
      "quoteText": "<strong>Sharing with other parts of the Amnesty International global movement </strong>\n<br> Amnesty International Limited is one part of Amnesty International’s global movement.\nOur movement is made up of over 60 membership organisations working to end human rights violations globally, including within the UK.\nSome of these bodies are formally constituted and others not.\nWe may share your information with these entities who may then use your personal information in connection with their activities.\nFor example, if you have expressed an interest in joining Amnesty International or sign a petition, we may share your contact details with your local Amnesty International organisation.\n",
      "services": [
        "amnestyinternationallimited(uk)"
      ],
      "title": "Amnesty International may share your data with its global membership organizations anywhere in the world",
      "topics": [],
      "tosdr": {
        "binding": true,
        "case": "Your data may be processed and stored anywhere in the world",
        "point": "bad",
        "score": 25,
        "tldr": "While Amnesty International (UK) may share your data to be processed in its other global sections, these are held to the EU standards for data sharing and processing by contractual agreements (https://edit.tosdr.org/points/4557)."
      }
    },
    "4559": {
      "id": "4559",
      "needModeration": false,
      "quoteDoc": "Privacy Policy",
      "quoteEnd": 11782,
      "quoteStart": 11180,
      "quoteText": "Retention Period For Data\n<p>We only hold your personal information on our systems for as long as is necessary for the purposes outlined above.\nWe remove personal data from our systems once it is no longer required, in line with our guidelines on how long important information must remain accessible for future use or reference, as well as when and how data can be destroyed when it is no longer needed.</p>\n<p>The length of time each category of data will be retained will vary depending on how long we need to process it for, the reason it was collected and in line with any statutory requirements.\n",
      "services": [
        "amnestyinternationallimited(uk)"
      ],
      "title": "The service's data retention period is kept to the minimum necessary for fulfilling its purposes",
      "topics": [],
      "tosdr": {
        "binding": true,
        "case": "The service's data retention period is kept to the minimum necessary for fulfilling its purposes",
        "point": "good",
        "privacyRelated": true,
        "score": 50,
        "tldr": "Generated through the annotate view"
      }
    },
    "4560": {
      "id": "4560",
      "needModeration": false,
      "quoteDoc": "Privacy Policy",
      "quoteEnd": 11914,
      "quoteStart": 11782,
      "quoteText": "After this time the data will either be deleted or we may retain a secure anonymised record for research and analytical purposes.</p",
      "services": [
        "amnestyinternationallimited(uk)"
      ],
      "title": "The service may keep a secure, anonymized record of users' data for analytical purposes even after the data retention period",
      "topics": [],
      "tosdr": {
        "binding": true,
        "case": "The service may keep a secure, anonymized record of users' data for analytical purposes even after the data retention period",
        "point": "bad",
        "privacyRelated": true,
        "score": 40,
        "tldr": "Generated through the annotate view"
      }
    },
    "4561": {
      "id": "4561",
      "needModeration": false,
      "quoteDoc": "Privacy Policy",
      "quoteEnd": 10312,
      "quoteStart": 10124,
      "quoteText": "We may also share your personal information with your permission, or if we are legally required to disclose your information in circumstances where this cannot be reasonably resisted.</p>\n",
      "services": [
        "amnestyinternationallimited(uk)"
      ],
      "title": "The service will resist legal requests for user information where reasonably possible",
      "topics": [],
      "tosdr": {
        "binding": true,
        "case": "The service will resist legal requests for user information where reasonably possible",
        "point": "good",
        "privacyRelated": true,
        "score": 60,
        "tldr": "Generated through the annotate view"
      }
    },
    "4562": {
      "id": "4562",
      "needModeration": false,
      "quoteDoc": "Privacy Policy",
      "quoteEnd": 10087,
      "quoteStart": 8383,
      "quoteText": "Hosting and processing arrangements </strong>\n<br> Our websites are hosted by third party service providers and therefore any personal details you submit through them may be processed by that third party service provider. </p>\n<p>We also use other third parties to process your personal details including in the following areas:</p>\n<ul>\n<li>to action all online expressions of interest to join Amnesty International or take actions and manage all related communications</li>\n<li>to process online payments</li>\n<li>to process all information associated with applications for employment or volunteering opportunities and related recruitment processes.</li>\n</ul>\n<p>All third party services providers process your personal information only on Amnesty International Limited's behalf and are bound by contractual terms that are compliant with data protection law.</p>\n<p>We participate in Facebook’s custom audience and lookalike audience programs, which, depending on your privacy settings with Facebook, enable us to display our content to our existing or potential supporters on Facebook.\nWe provide personal information such as your email address to Facebook which securely encrypts it.\nThat personal information is then deleted by Facebook if it does not match a Facebook account or once they confirm you have an account.</p>\n<p>\n<strong>Payment processing and fraud </strong>\n<br> Where submitted, your card details may be disclosed to banks or relevant financial institutions to arrange payments.\nIn the case of a suspected fraudulent transaction, your details may be further disclosed for the sole purpose of performing further checks (for example, disclosure to a credit checking agency).</p>\n<p>\n",
      "services": [
        "amnestyinternationallimited(uk)"
      ],
      "title": "Third parties are involved in operating the Amnesty International website",
      "topics": [],
      "tosdr": {
        "binding": true,
        "case": "Third parties may be involved in operating the service",
        "point": "bad",
        "score": 15,
        "tldr": "Amnesty International uses third parties for hosting its website, processing online payments and applications for employment, recruiting potential supporters and managing online actions and related communications."
      }
    },
    "4564": {
      "id": "4564",
      "needModeration": false,
      "quoteDoc": "Cookie Statement",
      "quoteEnd": 4494,
      "quoteStart": 4439,
      "quoteText": "Below is a full list of cookies set by www.amnesty.org ",
      "services": [
        "amnestyinternationallimited(uk)"
      ],
      "title": "The service provides a complete list of all cookies set by its website",
      "topics": [],
      "tosdr": {
        "binding": true,
        "case": "The service provides a complete list of all cookies set by its website",
        "point": "good",
        "privacyRelated": true,
        "score": 40,
        "tldr": "Generated through the annotate view"
      }
    },
    "4565": {
      "id": "4565",
      "needModeration": false,
      "quoteDoc": "Cookie Statement",
      "quoteEnd": 8730,
      "quoteStart": 8611,
      "quoteText": "We use both Facebook and Twitter pixel tags.\nPixel tags are used to track conversion from social media to our website.\n",
      "services": [
        "amnestyinternationallimited(uk)"
      ],
      "title": "The service uses third party tracking pixels to track social media conversion",
      "topics": [],
      "tosdr": {
        "binding": true,
        "case": "The service uses third party tracking pixels to track social media conversion",
        "point": "bad",
        "privacyRelated": true,
        "score": 50,
        "tldr": "Generated through the annotate view"
      }
    },
    "5982": {
      "id": "5982",
      "needModeration": false,
      "services": [
        "amnestyinternationallimited(uk)"
      ],
      "title": "The service makes critical changes to its terms without user involvement",
      "topics": [],
      "tosdr": {
        "binding": true,
        "case": "The service makes critical changes to its terms without user involvement",
        "point": "bad",
        "score": 35,
        "tldr": "There is nothing mentioned in ToS about making changes or informing users about changes, nor the date when the last changes were made, nor an archive of old versions."
      }
    }
  },
  "urls": [
    "amnesty.org"
  ]
}