{
  "alexa": 42705,
  "class": false,
  "links": {},
  "points": [
    "5973",
    "5974"
  ],
  "pointsData": {
    "5973": {
      "id": "5973",
      "needModeration": false,
      "quoteDoc": "Privacy Policy",
      "quoteEnd": 39,
      "quoteStart": 16,
      "quoteText": "UPDATED October 5, 2018",
      "services": [
        "anki"
      ],
      "title": "There is a date of the last update of the terms",
      "topics": [],
      "tosdr": {
        "binding": true,
        "case": "There is a date of the last update of the terms",
        "point": "neutral",
        "score": 50,
        "tldr": "Generated through the annotate view"
      }
    },
    "5974": {
      "id": "5974",
      "quoteDoc": "Privacy Policy",
      "quoteEnd": 842,
      "quoteStart": 713,
      "quoteText": "We will notify you of material changes by posting a notice within the Services, sending you an email, and/or by some other means.",
      "services": [
        "anki"
      ],
      "title": "The service may change its terms at any time, but the user will receive notification of the changes.",
      "topics": [],
      "tosdr": {
        "binding": true,
        "case": "The service may change its terms at any time, but the user will receive notification of the changes.",
        "point": "neutral",
        "score": 0,
        "tldr": "Generated through the annotate view"
      }
    }
  },
  "urls": [
    "anki.com"
  ]
}