{
  "alexa": 61,
  "class": false,
  "links": {
    "Apple Support Communities Use Agreement": {
      "name": "Apple Support Communities Use Agreement",
      "url": "https://discussions.apple.com/docs/DOC-5952"
    },
    "Application-Based Services Terms of Use": {
      "name": "Application-Based Services Terms of Use",
      "url": "http://www.apple.com/internetservices/terms/membership_terms.html"
    },
    "Game Center Terms and Conditions": {
      "name": "Game Center Terms and Conditions",
      "url": "https://www.apple.com/legal/internet-services/itunes/gamecenter/us/terms.html"
    },
    "Privacy Policy": {
      "name": "Privacy Policy",
      "url": "https://www.apple.com/legal/privacy/en-ww/"
    },
    "Website Terms of Service": {
      "name": "Website Terms of Service",
      "url": "http://www.apple.com/legal/internet-services/terms/site.html"
    },
    "iChat Account Terms of Service": {
      "name": "iChat Account Terms of Service",
      "url": "https://www.apple.com/legal/internet-services/terms/ichataccount.html"
    },
    "iCloud Terms of Service": {
      "name": "iCloud Terms of Service",
      "url": "https://www.apple.com/legal/internet-services/icloud/en/terms.html"
    },
    "iTunes Terms of Service": {
      "name": "iTunes Terms of Service",
      "url": "https://www.apple.com/legal/internet-services/itunes/us/terms.html"
    }
  },
  "points": [
    "1494",
    "1561",
    "1595",
    "1799",
    "2058",
    "2094",
    "2210",
    "5536",
    "5540",
    "5542",
    "5543",
    "5544",
    "5545",
    "5546",
    "848",
    "936"
  ],
  "pointsData": {
    "848": {
      "discussion": "https://groups.google.com/forum/#!topic/tosdr/aS6G0jUKNcg",
      "id": "848",
      "needModeration": false,
      "quoteDoc": "Privacy Policy",
      "quoteEnd": 19952,
      "quoteStart": 19197,
      "quoteText": "Apple and our partners and licensees may collect, use, and share precise location data, including the real-time geographic location of your Apple computer or device.\nWhere available, location-based services may use GPS, Bluetooth, and your IP Address, along with crowd-sourced Wi-Fi hotspot and cell tower locations, and other technologies to determine your devices’ approximate location.\nUnless you provide consent, this location data is collected anonymously in a form that does not personally identify you and is used by Apple and our partners and licensees to provide and improve location-based products and services.\nFor example, your device may share its geographic location with application providers when you opt in to their location services.</p>",
      "services": [
        "apple"
      ],
      "set": "set+service+and+topic",
      "slug": "aS6G0jUKNcg",
      "title": "This service may collect, use, and share location data",
      "topics": [
        "personal-data"
      ],
      "tosdr": {
        "binding": true,
        "case": "This service may collect, use, and share location data",
        "point": "bad",
        "privacyRelated": true,
        "score": 75,
        "tldr": "See excerpt."
      }
    },
    "936": {
      "discussion": "https://groups.google.com/d/msg/tosdr/lb50aLuegoQ/Vko5nZqx4M8J",
      "id": "936",
      "meta": {
        "author": "Hugo for “Terms of Service; Didn't Read”",
        "contributors": [
          "Hugo Roy <hugo@unhosted.org>"
        ],
        "license-for-this-file": "This work is licensed under the Creative Commons Attribution-ShareAlike 3.0 Unported License. To view a copy of this license, visit http://creativecommons.org/licenses/by-sa/3.0/ or send a letter to Creative Commons, 444 Castro Street, Suite 900, Mountain View, California, 94041, .USA",
        "spec-version": "1.1"
      },
      "needModeration": false,
      "quoteDoc": "Application-Based Services Terms of Use",
      "quoteEnd": 1363,
      "quoteStart": 953,
      "quoteText": "Apple may change, add or remove any part of these Terms at any time.\nIf it does so, Apple will post such changes on www.apple.com/internetservices/terms.\nIF ANY FUTURE CHANGES ARE UNACCEPTABLE TO YOU, YOU SHOULD DISCONTINUE USING THE SERVICES.\nYOUR CONTINUED USE OF THE SERVICES NOW, OR FOLLOWING THE POSTING OF NOTICE OF ANY SUCH CHANGES, WILL INDICATE YOUR ACCEPTANCE OF THESE TERMS, AND OF ANY SUCH CHANGES.",
      "services": [
        "apple"
      ],
      "slug": "any-time-without-notice-apple",
      "title": "Terms may be changed any time at their discretion, without notice to the user",
      "topics": [
        "changes-notice"
      ],
      "tosdr": {
        "binding": true,
        "case": " Terms may be changed any time at their discretion, without notice to the user ",
        "point": "bad",
        "score": 70,
        "tldr": "They can change the terms of service any time they see fit, even without notification to the user. Your use of the service supposedly constitutes acceptance of the changes in the terms."
      }
    },
    "1494": {
      "approved": false,
      "id": "1494",
      "needModeration": false,
      "quoteDoc": "Website Terms of Service",
      "quoteEnd": 875,
      "quoteStart": 552,
      "quoteText": "Apple reserves the right, at its sole discretion, to change, modify, add or remove portions of these Terms of Use, at any time.\nIt is your responsibility to check these Terms of Use periodically for changes.\nYour continued use of the Site following the posting of changes will mean that you accept and agree to the changes.",
      "services": [
        "apple"
      ],
      "slug": "AAp5pMBtvk2Pkitvo",
      "submittedBy": "L7MQPBDAkwgMZrR3P",
      "title": " Terms may be changed any time at their discretion, without notice to the user ",
      "topics": [
        "changes-notice"
      ],
      "tosdr": {
        "binding": true,
        "case": " Terms may be changed any time at their discretion, without notice to the user ",
        "point": "bad",
        "score": 70,
        "sources": [
          "http://www.apple.com/legal/internet-services/terms/site.html"
        ],
        "tldr": "Apple may change their Terms of Use at any time and it is your responsibility to keep up to date on these changes. By using the site you accept these terms."
      }
    },
    "1561": {
      "approved": false,
      "id": "1561",
      "needModeration": false,
      "quoteDoc": "Application-Based Services Terms of Use",
      "quoteEnd": 8157,
      "quoteStart": 7969,
      "quoteText": "Except as required by applicable non-U.S.\nlocal or national law, the laws of the State of California, excluding its conflicts of law rules, govern these Terms and your use of the Services.",
      "services": [
        "apple"
      ],
      "slug": "vFnHXd4eFEg3hoAWS",
      "submittedBy": "L7MQPBDAkwgMZrR3P",
      "title": "court of law is in location X",
      "topics": [
        "jurisdiction-law"
      ],
      "tosdr": {
        "binding": true,
        "case": "The court of law governing the terms is in location X",
        "point": "neutral",
        "score": 0,
        "sources": [
          "http://www.apple.com/legal/internet-services/terms/site.html"
        ],
        "tldr": "court of law is in location X"
      }
    },
    "1595": {
      "discussion": "https://groups.google.com/forum#!topic/tosdr/NDJ44InR1RE",
      "id": "1595",
      "needModeration": false,
      "quoteDoc": "Website Terms of Service",
      "quoteEnd": 12721,
      "quoteStart": 12359,
      "quoteText": "You agree to indemnify and hold Apple, its officers, directors, shareholders, predecessors, successors in interest, employees, agents, subsidiaries and affiliates, harmless from any demands, loss, liability, claims or expenses (including attorneys’ fees), made against Apple by any third party due to or arising out of or in connection with your use of the Site.",
      "services": [
        "apple"
      ],
      "slug": "NDJ44InR1RE",
      "title": "You are solely responsible for claims made against the service and agree to indemnify and hold harmless the service.",
      "topics": [],
      "tosdr": {
        "binding": true,
        "case": "You are solely responsible for claims made against the service and agree to indemnify and hold harmless the service.",
        "point": "bad",
        "score": 40,
        "tldr": "Apple.com indemnity"
      }
    },
    "1799": {
      "discussion": "https://groups.google.com/d/topic/tosdr/hDFO3k-z7fc/discussion",
      "id": "1799",
      "needModeration": false,
      "quoteDoc": "Website Terms of Service",
      "quoteEnd": 16306,
      "quoteStart": 16133,
      "quoteText": "You agree to the personal jurisdiction by and venue in the state and federal courts in Santa Clara County, California, and waive any objection to such jurisdiction or venue.",
      "services": [
        "apple"
      ],
      "set": "set+service+and+topic",
      "slug": "hDFO3k-z7fc",
      "title": "The court of law governing the terms is in Santa Clara County, California",
      "topics": [
        "jurisdiction-law"
      ],
      "tosdr": {
        "binding": true,
        "case": "The court of law governing the terms is in location X",
        "point": "neutral",
        "score": 0,
        "tldr": "Apple.com juristiction"
      }
    },
    "2058": {
      "discussion": "https://groups.google.com/forum#!topic/tosdr/fFPxjq8Yc-g",
      "id": "2058",
      "needModeration": false,
      "quoteDoc": "Website Terms of Service",
      "quoteEnd": 14531,
      "quoteStart": 14236,
      "quoteText": "You agree that Apple may, in its sole discretion and without prior notice, terminate your access to the Site and/or block your future access to the Site if we determine that you have violated these Terms of Use or other agreements or guidelines which may be associated with your use of the Site.",
      "services": [
        "apple"
      ],
      "slug": "fFPxjq8Yc-g",
      "title": "The service can suspend your account for several reasons",
      "topics": [],
      "tosdr": {
        "binding": true,
        "case": "The service can suspend your account for several reasons",
        "point": "neutral",
        "score": 15,
        "tldr": "Apple.com can delete your account without notice"
      }
    },
    "2094": {
      "discussion": "https://groups.google.com/d/topic/tosdr/CnMOyXujy9U/discussion",
      "id": "2094",
      "needModeration": false,
      "quoteDoc": "Privacy Policy",
      "quoteEnd": 9244,
      "quoteStart": 8838,
      "quoteText": "If you do not wish to receive ads targeted to your interests from Apple's advertising platform, you can choose to enable Limit Ad Tracking, which will opt your Apple ID out of receiving such ads regardless of what device you are using.\nIf you enable Limit AdTracking on your mobile device, third-party apps cannot use the Advertising Identifier, a non-personal device identifier, to serve you targeted ads.",
      "services": [
        "apple"
      ],
      "set": "set+service+and+topic",
      "slug": "CnMOyXujy9U",
      "title": "Apple provides an opt-out method for Apple targeted advertising",
      "topics": [
        "user-choice"
      ],
      "tosdr": {
        "binding": true,
        "case": "You can opt out of targeted advertising",
        "point": "good",
        "score": 25,
        "tldr": "Apple provides an opt-out method for Apple targeted advertising"
      }
    },
    "2210": {
      "discussion": "https://groups.google.com/d/topic/tosdr/LfIH_KHkWgc/discussion",
      "id": "2210",
      "needModeration": false,
      "quoteDoc": "Privacy Policy",
      "quoteEnd": 18891,
      "quoteStart": 18657,
      "quoteText": "<p>If we learn that we have collected the personal information of a child under 13, or equivalent minimum age depending on jurisdiction, outside the above circumstances we will take steps to delete the information as soon as possible.",
      "services": [
        "apple"
      ],
      "set": "set+service+and+topic",
      "slug": "LfIH_KHkWgc",
      "title": "Apple.com has an age restriction of 13 years",
      "topics": [
        "governance"
      ],
      "tosdr": {
        "binding": true,
        "case": "This service is only available to users of a certain age",
        "point": "neutral",
        "score": 15,
        "tldr": "Apple.com has an age restriction of 13 years"
      }
    },
    "5536": {
      "id": "5536",
      "needModeration": false,
      "quoteDoc": "iCloud Terms of Service",
      "quoteEnd": 5452,
      "quoteStart": 5055,
      "quoteText": "Apple reserves the right at any time to modify this Agreement and to impose new or additional terms or conditions on your use of the Service, provided that Apple will give you 30 days’ advance notice of any material adverse change to the Service or applicable terms of service, unless it would not be reasonable to do so due to circumstances arising from legal, regulatory, or governmental action.",
      "services": [
        "apple"
      ],
      "title": "When the service wants to change its terms, users are notified a month or more in advance",
      "topics": [],
      "tosdr": {
        "binding": true,
        "case": "When the service wants to change its terms, users are notified a month or more in advance",
        "point": "good",
        "score": 40,
        "tldr": "Generated through the annotate view"
      }
    },
    "5540": {
      "id": "5540",
      "needModeration": false,
      "quoteDoc": "iCloud Terms of Service",
      "quoteEnd": 40950,
      "quoteStart": 40879,
      "quoteText": "You may delete your Apple ID and/or stop using the Service at any time.",
      "services": [
        "apple"
      ],
      "title": "You have the right to leave this service at any time",
      "topics": [],
      "tosdr": {
        "binding": true,
        "case": "You have the right to leave this service at any time",
        "point": "good",
        "score": 15,
        "tldr": "Generated through the annotate view"
      }
    },
    "5542": {
      "id": "5542",
      "needModeration": false,
      "quoteDoc": "iCloud Terms of Service",
      "quoteEnd": 42719,
      "quoteStart": 42576,
      "quoteText": "Apple will be permitted to terminate only after giving you 30 days’ notice and only if you have not cured the breach within such 30-day period.",
      "services": [
        "apple"
      ],
      "title": "The service gives 30 days of notice before closing your account",
      "topics": [],
      "tosdr": {
        "binding": true,
        "case": "The service gives 30 days of notice before closing your account",
        "point": "good",
        "score": 15,
        "tldr": "Generated through the annotate view"
      }
    },
    "5543": {
      "id": "5543",
      "needModeration": false,
      "quoteDoc": "Privacy Policy",
      "quoteEnd": 16669,
      "quoteStart": 16497,
      "quoteText": "For other personal information we hold, we will provide you with access (including a copy) for any purpose including to request that we correct the data if it is inaccurate",
      "services": [
        "apple"
      ],
      "title": "You can request access and deletion of personal data",
      "topics": [],
      "tosdr": {
        "binding": true,
        "case": "You can request access and deletion of personal data",
        "point": "good",
        "privacyRelated": true,
        "score": 50,
        "tldr": "Generated through the annotate view"
      }
    },
    "5544": {
      "id": "5544",
      "needModeration": false,
      "quoteDoc": "Privacy Policy",
      "quoteEnd": 16770,
      "quoteStart": 16670,
      "quoteText": "or delete the data if Apple is not required to retain it by law or for legitimate business purposes.",
      "services": [
        "apple"
      ],
      "title": "You can request access and deletion of personal data",
      "topics": [],
      "tosdr": {
        "binding": true,
        "case": "You can request access and deletion of personal data",
        "point": "good",
        "privacyRelated": true,
        "score": 50,
        "tldr": "Generated through the annotate view"
      }
    },
    "5545": {
      "id": "5545",
      "needModeration": false,
      "quoteDoc": "Privacy Policy",
      "quoteEnd": 16310,
      "quoteStart": 15871,
      "quoteText": "We will retain your personal information for the period necessary to fulfill the purposes outlined in this Privacy Policy and our service specific privacy summaries.When assessing these periods we carefully examine our need to collect personal information at all and if we establish a relevant need we only retain it for the shortest possible period to realize the purpose of collection unless a longer retention period is required by law.",
      "services": [
        "apple"
      ],
      "title": "The service's data retention period is kept to the minimum necessary for fulfilling its purposes",
      "topics": [],
      "tosdr": {
        "binding": true,
        "case": "The service's data retention period is kept to the minimum necessary for fulfilling its purposes",
        "point": "good",
        "privacyRelated": true,
        "score": 50,
        "tldr": "Generated through the annotate view"
      }
    },
    "5546": {
      "id": "5546",
      "needModeration": false,
      "quoteDoc": "Privacy Policy",
      "quoteEnd": 69,
      "quoteStart": 16,
      "quoteText": "The Apple Privacy Policy was updated on May 22, 2018.",
      "services": [
        "apple"
      ],
      "title": "There is a date of the last update of the terms",
      "topics": [],
      "tosdr": {
        "binding": true,
        "case": "There is a date of the last update of the terms",
        "point": "neutral",
        "score": 50,
        "tldr": "Generated through the annotate view"
      }
    }
  },
  "urls": [
    "apple.com"
  ]
}