{
  "alexa": 373,
  "class": false,
  "links": {
    "privacy": {
      "name": "Privacy Policy",
      "url": "http://www.apple.com/privacy/"
    },
    "terms": {
      "name": "iCloud Terms of Service",
      "url": "http://www.apple.com/legal/icloud/en/terms.html"
    }
  },
  "points": [
    "5044",
    "5538",
    "851"
  ],
  "pointsData": {
    "851": {
      "discussion": "https://groups.google.com/d/topic/tosdr/fWJwFKMGP24/discussion",
      "id": "851",
      "meta": {
        "author": "ToS;DR by Unhosted",
        "contributors": [
          "Hugo Roy <hugo@unhosted.org>"
        ],
        "license-for-this-file": "This work is licensed under the Creative Commons Attribution-ShareAlike 3.0 Unported License. To view a copy of this license, visit http://creativecommons.org/licenses/by-sa/3.0/ or send a letter to Creative Commons, 444 Castro Street, Suite 900, Mountain View, California, 94041, .USA",
        "spec-version": "1.1"
      },
      "needModeration": false,
      "quoteDoc": "Terms of Service (US)",
      "quoteEnd": 30277,
      "quoteStart": 29749,
      "quoteText": "Removal of Content</b>\n</p>\n<p>You acknowledge that Apple is not responsible or liable in any way for any Content provided by others and has no duty to pre-screen such Content.\nHowever, Apple reserves the right at all times to determine whether Content is appropriate and in compliance with this Agreement, and may pre-screen, move, refuse, modify and/or remove Content at any time, without prior notice and in its sole discretion, if such Content is found to be in violation of this Agreement or is otherwise objectionable.</p>",
      "services": [
        "apple-icloud"
      ],
      "slug": "fWJwFKMGP24",
      "source": {
        "terms": "https://www.apple.com/legal/icloud/en/terms.html"
      },
      "title": "They can delete any of your data (files, music, messages, etc.) at any time and without notice",
      "topics": [
        "suspension"
      ],
      "tosdr": {
        "binding": true,
        "case": "The service can delete specific content without prior notice and without a reason",
        "point": "blocker",
        "score": 50,
        "tldr": "All the data that you have on iCloud can be removed or modified by Apple if they think it is inappropriate or “objectionable” to them. It can be done automatically with pre-screen, and without prior notice to you. Section: “Removal of Content” (content means all your data on iCloud, from files to software and messages): <em>“Apple reserves the right at all times to determine whether Content is appropriate and in compliance with this Agreement, and may pre-screen, move, refuse, modify and/or remove Content at any time, without prior notice and in its sole discretion, if such Content is found to be in violation of this Agreement or is otherwise objectionable.”</em>"
      }
    },
    "5044": {
      "id": "5044",
      "needModeration": false,
      "quoteDoc": "Terms of Service (EU)",
      "quoteEnd": 18446,
      "quoteStart": 17812,
      "quoteText": "  J.\nTwo-Factor Authentication and Autodialed Calls/Texts. </b>If you choose to enable Two-Factor Authentication for your Apple ID, you consent to (a) provide Apple at least one telephone number.\nand (b) receive autodialed or prerecorded calls and text messages from Apple at any of the telephone numbers provided. We may place such calls or texts to (i) help keep your Account secure when signing in.\n(ii) help you access your Account when you’ve forgotten your password.\nor (iii) as otherwise necessary to service your Account or enforce this Agreement, our policies, applicable law, or any other agreement we may have with you.</p>",
      "services": [
        "apple-icloud"
      ],
      "title": "The service provides two factor authentification for your account",
      "topics": [],
      "tosdr": {
        "binding": true,
        "case": "The service provides two factor authentification for your account",
        "point": "good",
        "score": 25,
        "tldr": "Generated through the annotate view"
      }
    },
    "5538": {
      "id": "5538",
      "needModeration": false,
      "quoteDoc": "Terms of Service (EU)",
      "quoteEnd": 56282,
      "quoteStart": 56250,
      "quoteText": "Last revised: September 19, 2017",
      "services": [
        "apple-icloud"
      ],
      "title": "There is a date of the last update of the terms",
      "topics": [],
      "tosdr": {
        "binding": true,
        "case": "There is a date of the last update of the terms",
        "point": "neutral",
        "score": 50,
        "tldr": "Generated through the annotate view"
      }
    }
  },
  "urls": [
    "icloud.com"
  ]
}