{
  "alexa": 13412,
  "class": false,
  "links": {},
  "points": [
    "1493"
  ],
  "pointsData": {
    "1493": {
      "discussion": "https://groups.google.com/forum#!topic/tosdr/IU0hPgqKlcA",
      "id": "1493",
      "needModeration": false,
      "quoteDoc": "Terms of Service",
      "quoteEnd": 45217,
      "quoteStart": 45132,
      "quoteText": "ANY APPLICABLE ZEN, FEES AND OTHER CHARGES ARE PAYABLE IN ADVANCE AND NON REFUNDABLE.",
      "services": [
        "arc-games"
      ],
      "slug": "IU0hPgqKlcA",
      "title": "no refund policy",
      "topics": [],
      "tosdr": {
        "binding": true,
        "case": "The service has a no refund policy",
        "point": "neutral",
        "score": 50,
        "tldr": "arc games"
      }
    }
  },
  "urls": [
    "arcgames.com"
  ]
}