{
  "alexa": 26032,
  "class": false,
  "links": {},
  "points": [
    "4996"
  ],
  "pointsData": {
    "4996": {
      "id": "4996",
      "needModeration": false,
      "quoteDoc": "Privacy Policy",
      "quoteEnd": 8494,
      "quoteStart": 8314,
      "quoteText": "<p>We also collect from all visitors: </p>\n<ul>\n<li>Technical information about your use of the website, browser type and version, and operating system.\n</li>\n<li>Your IP Address.\n",
      "services": [
        "avaaz"
      ],
      "title": "The service may use tracking pixels, web beacons, browser fingerprinting, and/or device fingerprinting on users.",
      "topics": [],
      "tosdr": {
        "binding": true,
        "case": "The service may use tracking pixels, web beacons, browser fingerprinting, and/or device fingerprinting on users.",
        "point": "bad",
        "privacyRelated": true,
        "score": 50,
        "tldr": "Generated through the annotate view"
      }
    }
  },
  "urls": [
    "avaaz.org"
  ]
}