{
  "alexa": 104,
  "class": false,
  "links": {
    "Privacy and Cookies Policy": {
      "name": "Privacy and Cookies Policy",
      "url": "http://www.bbc.com/usingthebbc/privacy-policy/"
    },
    "Terms of Use": {
      "name": "Terms of Use",
      "url": "http://www.bbc.com/usingthebbc/terms-of-use/"
    }
  },
  "points": [
    "1137",
    "1419",
    "1515"
  ],
  "pointsData": {
    "1137": {
      "id": "1137",
      "needModeration": false,
      "quoteDoc": "Privacy and Cookies Policy",
      "quoteEnd": 4411,
      "quoteStart": 4152,
      "quoteText": "We automatically collect some technical information from these devices and web browsers even when you're not signed in to a BBC account.\nThis might include:</p>\n<ul>\n<li>IP (internet protocol) address</li>\n<li>device ID</li>\n<li>app ID</li>\n<li>vendor ID</li>",
      "services": [
        "bbc"
      ],
      "slug": "1137",
      "title": "The service may use tracking pixels, web beacons, browser fingerprinting, and/or device fingerprinting on users.",
      "topics": [],
      "tosdr": {
        "binding": true,
        "case": "The service may use tracking pixels, web beacons, browser fingerprinting, and/or device fingerprinting on users.",
        "point": "bad",
        "privacyRelated": true,
        "score": 50,
        "tldr": "\"We collect some data automatically - Like [...] what browser and device you’re using.\""
      }
    },
    "1419": {
      "id": "1419",
      "services": [
        "bbc"
      ],
      "slug": "1516402800019",
      "title": "BBC may collect your device fingerprint.",
      "topics": [],
      "tosdr": {
        "binding": true,
        "case": "Device fingerprinting",
        "point": "bad",
        "privacyRelated": true,
        "score": "50",
        "tldr": "\"We collect some data automatically - Like [...] what browser and device you’re using.\""
      }
    },
    "1515": {
      "id": "1515",
      "needModeration": false,
      "quoteDoc": "Privacy and Cookies Policy",
      "quoteEnd": 6843,
      "quoteStart": 6697,
      "quoteText": "Personalisation is turned on in your account settings.</p>\n<p>If you don't want to receive personalised services you can turn this option off.</p>",
      "services": [
        "bbc"
      ],
      "slug": "1516402800018",
      "title": "You can opt out of targeted advertising",
      "topics": [],
      "tosdr": {
        "binding": true,
        "case": "You can opt out of targeted advertising",
        "point": "good",
        "score": 25,
        "tldr": "",
        "tmp_rating": 10
      }
    }
  },
  "urls": [
    "bbc.com"
  ]
}