{
  "alexa": 27237,
  "class": false,
  "links": {},
  "points": [
    "5222",
    "5224",
    "5225",
    "5230",
    "5232",
    "5235",
    "5237",
    "5239",
    "5240",
    "5242",
    "5247"
  ],
  "pointsData": {
    "5222": {
      "id": "5222",
      "needModeration": false,
      "quoteDoc": "Terms and Conditions",
      "quoteEnd": 5862,
      "quoteStart": 5733,
      "quoteText": "YOU UNDERSTAND, AGREE AND ACKNOWLEDGE THAT THE PLATFORM IS PROVIDED \"AS IS\" WITHOUT ANY EXPRESS OR IMPLIED WARRANTIES OF ANY KIND",
      "services": [
        "betterhelp"
      ],
      "title": "The service is provided 'as is' and to be used at the users' sole risk",
      "topics": [],
      "tosdr": {
        "binding": true,
        "case": "The service is provided 'as is' and to be used at the users' sole risk",
        "point": "bad",
        "score": 20,
        "tldr": "The Terms and Conditions state, \"YOU UNDERSTAND, AGREE AND ACKNOWLEDGE THAT THE PLATFORM IS PROVIDED \"AS IS\" WITHOUT ANY EXPRESS OR IMPLIED WARRANTIES OF ANY KIND . . . THE USE OF THE PLATFORM IS AT YOUR OWN RISK.\""
      }
    },
    "5224": {
      "id": "5224",
      "needModeration": false,
      "quoteDoc": "Terms and Conditions",
      "quoteEnd": 7148,
      "quoteStart": 6996,
      "quoteText": "You hereby confirm that you are at least 18 years old of age, or that you are 13 years or older, and you have the consent of a parent or legal guardian.",
      "services": [
        "betterhelp"
      ],
      "title": "This service is only available to users of a certain age",
      "topics": [],
      "tosdr": {
        "binding": true,
        "case": "This service is only available to users of a certain age",
        "point": "neutral",
        "score": 15,
        "tldr": "The Terms and Conditions state that in order to use BetterHelp, users must be at least 18 years old of age, or that users are 13 years or older, with the consent of a parent or legal guardian."
      }
    },
    "5225": {
      "id": "5225",
      "needModeration": false,
      "quoteDoc": "Terms and Conditions",
      "quoteEnd": 8726,
      "quoteStart": 7645,
      "quoteText": "You agree, confirm and acknowledge that you are responsible for maintaining the confidentiality of your password and any other security information related to your account (collectively \"Account Access\").\nWe advise you to change your password frequently and to take extra care in safeguarding your password.</p>\n<p>You agree to notify us immediately of any unauthorized use of your Account Access or any other concern for breach of your account security.</p>\n<p>You agree, confirm and acknowledge that we will not be liable for any loss or damage that incurred as a result of someone else using your account, either with or without your consent and/or knowledge.</p>\n<p>You agree, confirm and acknowledge that you are solely and fully liable and responsible for all activities performed using your Account Access.\nYou further acknowledge and agree that we will hold you liable and responsible for any damage or loss incurred as a result of the use of your Account Access by any person whether authorized by you or not, and you agree to indemnify us for any such damage or loss.</p>",
      "services": [
        "betterhelp"
      ],
      "title": "You are responsible for maintaining the security of your account and for the activities on your account",
      "topics": [],
      "tosdr": {
        "binding": true,
        "case": "You are responsible for maintaining the security of your account and for the activities on your account",
        "point": "neutral",
        "score": 10,
        "tldr": "Generated through the annotate view"
      }
    },
    "5230": {
      "id": "5230",
      "needModeration": false,
      "quoteDoc": "Terms and Conditions",
      "quoteEnd": 11327,
      "quoteStart": 10484,
      "quoteText": "You will indemnify us, defend us, and hold us harmless from and against any and all claims, losses, causes of action, demands, liabilities, costs or expenses (including, but not limited to, litigation and reasonable attorneys' fees and expenses) arising out of or relating to any of the following: (a) your access to or use of the Platform.\n(b) any actions made with your account or Account Access whether by you or by someone else.\n(c) your violation of any of the provisions of this Agreement.\n(d) non-payment for any of the services (including Counselor Services) which were provided through the Platform.\n(e) your violation of any third party right, including, without limitation, any intellectual property right, publicity, confidentiality, property or privacy right.\nThis clause shall survive expiration or termination of this Agreement.",
      "services": [
        "betterhelp"
      ],
      "title": "You agree to defend, indemnify, and hold the service harmless in case of a claim related to your use of the service",
      "topics": [],
      "tosdr": {
        "binding": true,
        "case": "You agree to defend, indemnify, and hold the service harmless in case of a claim related to your use of the service",
        "point": "bad",
        "score": 60,
        "tldr": "Generated through the annotate view"
      }
    },
    "5232": {
      "id": "5232",
      "needModeration": false,
      "quoteDoc": "Terms and Conditions",
      "quoteEnd": 13497,
      "quoteStart": 13159,
      "quoteText": "While we make commercially reasonable efforts to ensure the Platform’s reliability and accessibility, you understand and agree that no platform can be 100% reliable and accessible and so we cannot guarantee that access to the Platform will be uninterrupted or that it will be accessible, consistent, timely or error-free at all times.</p>",
      "services": [
        "betterhelp"
      ],
      "title": "The service provider makes no warranty regarding uninterrupted, timely, secure or error-free service",
      "topics": [],
      "tosdr": {
        "binding": true,
        "case": "The service provider makes no warranty regarding uninterrupted, timely, secure or error-free service",
        "point": "bad",
        "score": 30,
        "tldr": "Generated through the annotate view"
      }
    },
    "5235": {
      "id": "5235",
      "needModeration": false,
      "quoteDoc": "Terms and Conditions",
      "quoteEnd": 15825,
      "quoteStart": 15593,
      "quoteText": "<p>If any provision of this Agreement is held by a court of competent jurisdiction to be illegal, invalid, unenforceable, or otherwise contrary to law, the remaining provisions of this Agreement will remain in full force and effect.",
      "services": [
        "betterhelp"
      ],
      "title": "Invalidity of any portion of the Terms of Service does not entail invalidity of its remainder",
      "topics": [],
      "tosdr": {
        "binding": true,
        "case": "Invalidity of any portion of the Terms of Service does not entail invalidity of its remainder",
        "point": "neutral",
        "score": 10,
        "tldr": "Generated through the annotate view"
      }
    },
    "5237": {
      "id": "5237",
      "needModeration": false,
      "quoteDoc": "Privacy Policy",
      "quoteEnd": 4152,
      "quoteStart": 4074,
      "quoteText": "Like many websites, we use \"cookies\" and \"web beacons\" to collect information.",
      "services": [
        "betterhelp"
      ],
      "title": "The service may use tracking pixels, web beacons, browser fingerprinting, and/or device fingerprinting on users.",
      "topics": [],
      "tosdr": {
        "binding": true,
        "case": "The service may use tracking pixels, web beacons, browser fingerprinting, and/or device fingerprinting on users.",
        "point": "bad",
        "privacyRelated": true,
        "score": 50,
        "tldr": "Generated through the annotate view"
      }
    },
    "5239": {
      "id": "5239",
      "needModeration": false,
      "quoteDoc": "Privacy Policy",
      "quoteEnd": 5045,
      "quoteStart": 4937,
      "quoteText": "We may also use third party cookies for the purposes of web analytics, attribution and error management.</p>",
      "services": [
        "betterhelp"
      ],
      "title": "This service uses third-party cookies for statistics",
      "topics": [],
      "tosdr": {
        "binding": true,
        "case": "This service uses third-party cookies for statistics",
        "point": "bad",
        "privacyRelated": true,
        "score": 10,
        "tldr": "Generated through the annotate view"
      }
    },
    "5240": {
      "id": "5240",
      "needModeration": false,
      "quoteDoc": "Privacy Policy",
      "quoteEnd": 4708,
      "quoteStart": 4639,
      "quoteText": "if you do not accept cookies you may not be able to use the Platform.",
      "services": [
        "betterhelp"
      ],
      "title": "Blocking cookies may limit your ability to use the service",
      "topics": [],
      "tosdr": {
        "binding": true,
        "case": "Blocking cookies may limit your ability to use the service",
        "point": "bad",
        "score": 50,
        "tldr": "Generated through the annotate view"
      }
    },
    "5242": {
      "id": "5242",
      "needModeration": false,
      "quoteDoc": "Privacy Policy",
      "quoteEnd": 8091,
      "quoteStart": 7700,
      "quoteText": "We do not knowingly collect or solicit any information from anyone under the age of 13 or knowingly allow such persons to become our user.\nThe Platform is not directed and not intended to be used by children under the age of 13.\nIf you're aware that we have collected Personal Information from a child under age 13 please let us know by contacting us and we will delete that information.</p>",
      "services": [
        "betterhelp"
      ],
      "title": "This service is only available to users of a certain age",
      "topics": [],
      "tosdr": {
        "binding": true,
        "case": "This service is only available to users of a certain age",
        "point": "neutral",
        "score": 15,
        "tldr": "Generated through the annotate view"
      }
    },
    "5247": {
      "id": "5247",
      "needModeration": false,
      "quoteDoc": "Terms and Conditions",
      "quoteEnd": 14604,
      "quoteStart": 14114,
      "quoteText": "<p>You irrevocably agree that the exclusive venue for any action or proceeding arising out of relating to this Agreement or our relationship with you, regardless of theory, shall be the U.S.\nDistrict Court for the Northern District of California, or the state courts located in Santa Clara County in California.\nYou irrevocably consent to the personal jurisdiction of the aforementioned courts and hereby waive any objection to the exercise of jurisdiction by the aforementioned courts.</p>",
      "services": [
        "betterhelp"
      ],
      "title": "Court of law governing the terms: U.S. District Court for Northern District of California or state courts in Santa Clara County, California.",
      "topics": [],
      "tosdr": {
        "binding": true,
        "case": "The court of law governing the terms is in location X",
        "point": "neutral",
        "score": 0,
        "tldr": "The court of law governing the terms is in U.S. District Court for Northern District of California, or state courts in Santa Clara County, California."
      }
    }
  },
  "urls": [
    "betterhelp.com"
  ]
}