{
  "alexa": 44,
  "class": false,
  "links": {
    "Google Analytics Terms of Service": {
      "name": "Google Analytics Terms of Service",
      "url": "https://www.google.com/analytics/terms/us.html"
    },
    "Privacy Policy": {
      "name": "Privacy Policy",
      "url": "http://www.microsoft.com/privacystatement/en-us/bing/default.aspx"
    },
    "Terms of Service": {
      "name": "Terms of Service",
      "url": "https://policies.google.com/terms"
    }
  },
  "points": [
    "5219"
  ],
  "pointsData": {
    "5219": {
      "id": "5219",
      "needModeration": false,
      "quoteDoc": "Privacy Policy",
      "quoteEnd": 71662,
      "quoteStart": 71324,
      "quoteText": "Additionally, Microsoft partners with third-party ad companies to help provide some of our advertising services, and we also allow other third-party ad companies to display advertisements on our sites.\nThese third parties may place cookies on your computer and collect data about your online activities across websites or online services.",
      "services": [
        "bing"
      ],
      "title": "This service allows tracking via third-party cookies for purposes including targeted advertising.",
      "topics": [],
      "tosdr": {
        "binding": true,
        "case": "Tracking via third-party cookies for other purposes without your consent.",
        "point": "bad",
        "privacyRelated": true,
        "score": 70,
        "tldr": "Generated through the annotate view"
      }
    }
  },
  "urls": [
    "bing.com"
  ]
}