{
  "alexa": 982,
  "class": false,
  "links": {},
  "points": [
    "6367"
  ],
  "pointsData": {
    "6367": {
      "id": "6367",
      "quoteDoc": "Bitly Privacy Policy",
      "quoteEnd": 61,
      "quoteStart": 31,
      "quoteText": "Effective Date: March 12, 2019",
      "services": [
        "bit-ly"
      ],
      "title": "There is a date of the last update of the terms",
      "topics": [],
      "tosdr": {
        "binding": true,
        "case": "There is a date of the last update of the terms",
        "point": "neutral",
        "score": 50,
        "tldr": "Generated through the annotate view"
      }
    }
  },
  "urls": [
    "bitly.com"
  ]
}