{
  "alexa": 1094,
  "class": false,
  "links": {},
  "points": [
    "4241",
    "5197",
    "5198",
    "5202",
    "5203",
    "5204",
    "5208",
    "5210"
  ],
  "pointsData": {
    "4241": {
      "id": "4241",
      "needModeration": false,
      "services": [
        "bitbucket"
      ],
      "title": "defend, indemnify, hold harmless",
      "topics": [],
      "tosdr": {
        "binding": true,
        "case": "You agree to defend, indemnify, and hold the service harmless in case of a claim related to your use of the service",
        "point": "bad",
        "score": 60,
        "tldr": "defend, indemnify, hold harmless"
      }
    },
    "5197": {
      "id": "5197",
      "needModeration": false,
      "quoteDoc": "Atlassian Cloud Terms of Service",
      "quoteEnd": 7638,
      "quoteStart": 7491,
      "quoteText": "2.6.</strong> <u>Age Requirement for End Users</u>. The Cloud Products are not intended for, and should not be used by, anyone under the age of 16.",
      "services": [
        "bitbucket"
      ],
      "title": "This service is only available to users at or over the age of 16",
      "topics": [],
      "tosdr": {
        "binding": true,
        "case": "This service is only available to users of a certain age",
        "point": "neutral",
        "score": 15,
        "tldr": "The Cloud Terms of Service specifies that, \"The Cloud Products are not intended for, and should not be used by, anyone under the age of 16. You are responsible for ensuring that all End Users are at least 16 years old.\""
      }
    },
    "5198": {
      "id": "5198",
      "needModeration": false,
      "quoteDoc": "Atlassian Cloud Terms of Service",
      "quoteEnd": 7491,
      "quoteStart": 7010,
      "quoteText": "2.5.</strong> <u>Credentials</u>. You must require that all End Users keep their user IDs and passwords for the Cloud Products strictly confidential and do not share such information with any unauthorized person.\nUser IDs are granted to individual, named persons and may not be shared.\nYou are responsible for any and all actions taken using End User Accounts and passwords, and you agree to immediately notify us of any unauthorized use of which you become aware.</p>\n<p>\n<strong>",
      "services": [
        "bitbucket"
      ],
      "title": "You are responsible for maintaining the security of your account and for the activities on your account",
      "topics": [],
      "tosdr": {
        "binding": true,
        "case": "You are responsible for maintaining the security of your account and for the activities on your account",
        "point": "neutral",
        "score": 10,
        "tldr": "Generated through the annotate view"
      }
    },
    "5202": {
      "id": "5202",
      "needModeration": false,
      "quoteDoc": "Cookies & Tracking Notice",
      "quoteEnd": 1776,
      "quoteStart": 1364,
      "quoteText": "For performance and analytics.</strong>  These cookies and similar technologies collect information on how users interact with the Services and enable us to improve how the Services operate.\nFor example, we use Google Analytics cookies to help us understand how visitors arrive at and browse our products and website to identify areas for improvement such as navigation, user experience, and marketing campaigns.",
      "services": [
        "bitbucket"
      ],
      "title": "This service uses third-party cookies for statistics",
      "topics": [],
      "tosdr": {
        "binding": true,
        "case": "This service uses third-party cookies for statistics",
        "point": "bad",
        "privacyRelated": true,
        "score": 10,
        "tldr": "Generated through the annotate view"
      }
    },
    "5203": {
      "id": "5203",
      "needModeration": false,
      "quoteDoc": "Cookies & Tracking Notice",
      "quoteEnd": 2844,
      "quoteStart": 2750,
      "quoteText": "If you do not accept cookies, however, you may not be able to use all aspects of our Services.",
      "services": [
        "bitbucket"
      ],
      "title": "Blocking cookies may limit your ability to use the service",
      "topics": [],
      "tosdr": {
        "binding": true,
        "case": "Blocking cookies may limit your ability to use the service",
        "point": "bad",
        "score": 50,
        "tldr": "Generated through the annotate view"
      }
    },
    "5204": {
      "id": "5204",
      "needModeration": false,
      "quoteDoc": "Cookies & Tracking Notice",
      "quoteEnd": 2965,
      "quoteStart": 2845,
      "quoteText": "Atlassian and our third party partners also collect information using web beacons (also known as \"tracking pixels\").</p>",
      "services": [
        "bitbucket"
      ],
      "title": "The service may use tracking pixels, web beacons, browser fingerprinting, and/or device fingerprinting on users.",
      "topics": [],
      "tosdr": {
        "binding": true,
        "case": "The service may use tracking pixels, web beacons, browser fingerprinting, and/or device fingerprinting on users.",
        "point": "bad",
        "privacyRelated": true,
        "score": 50,
        "tldr": "Generated through the annotate view"
      }
    },
    "5208": {
      "id": "5208",
      "needModeration": false,
      "quoteDoc": "Privacy Policy",
      "quoteEnd": 16821,
      "quoteStart": 16626,
      "quoteText": "We also communicate with you about new product offers, promotions and contests.  You can control whether you receive these communications as described below under \"Opt-out of communications.\"</p>",
      "services": [
        "bitbucket"
      ],
      "title": "You can opt out of promotional communications",
      "topics": [],
      "tosdr": {
        "binding": true,
        "case": "You can opt out of promotional communications",
        "point": "good",
        "score": 10,
        "tldr": "Generated through the annotate view"
      }
    },
    "5210": {
      "id": "5210",
      "needModeration": false,
      "quoteDoc": "Cookies & Tracking Notice",
      "quoteEnd": 2512,
      "quoteStart": 2139,
      "quoteText": "<li>\n<strong>Social media cookies.</strong> These cookies are used when you share information using a social media sharing button or “like” button on our websites or you link your account or engage with our content on or through a social media site.\nThe social network will record that you have done this.\nThis information may be linked to targeting/advertising activities.",
      "services": [
        "bitbucket"
      ],
      "title": "The service uses third party tracking pixels to track social media conversion",
      "topics": [],
      "tosdr": {
        "binding": true,
        "case": "The service uses third party tracking pixels to track social media conversion",
        "point": "bad",
        "privacyRelated": true,
        "score": 50,
        "tldr": "\"Social media cookies. These cookies are used when you share information using a social media sharing button or “like” button on our websites or you link your account or engage with our content on or through a social media site. The social network will record that you have done this. This information may be linked to targeting/advertising activities. \""
      }
    }
  },
  "urls": [
    "bitbucket.org"
  ]
}