{
  "alexa": 1000000,
  "class": false,
  "links": {},
  "points": [
    "1380"
  ],
  "pointsData": {
    "1380": {
      "discussion": "https://groups.google.com/forum#!topic/tosdr/VQa412rYlqc",
      "id": "1380",
      "needModeration": false,
      "quoteDoc": "Privacy Policy",
      "quoteEnd": 12549,
      "quoteStart": 12342,
      "quoteText": "<p>Finally, we may disclose your personal information upon a transfer or sale to another entity of all or substantially all of our assets or equity securities or upon any other corporate reorganization.</p> ",
      "services": [
        "bittorrent"
      ],
      "slug": "VQa412rYlqc",
      "title": "BitTorrent may disclose your personal data as part transfer or sale or any other corporate reorganization",
      "topics": [],
      "tosdr": {
        "binding": true,
        "case": "The service can sell or otherwise transfer your personal data as part of a bankruptcy proceeding or other type of financial transaction.",
        "point": "bad",
        "score": 50,
        "tldr": "BitTorrent may disclose personally identifiable information in the event of a business transfer or \"corporate reorganization\", which is very vague."
      }
    }
  },
  "urls": [
    "bittorrent"
  ]
}