{
  "alexa": 32080,
  "class": false,
  "links": {},
  "points": [
    "4929"
  ],
  "pointsData": {
    "4929": {
      "id": "4929",
      "needModeration": false,
      "quoteDoc": "Terms of Use",
      "quoteEnd": 3900,
      "quoteStart": 3508,
      "quoteText": "You also agree to register ONE ACCOUNT ONLY for your use of the site.\nThe Site administrators reserve the right to ban users because of accessing the site with more than one account.</p>\n<p>The information we obtain through your use of this site, including your Registration Data, is subject to our Privacy Policy, which is specifically incorporated by reference into these Terms of Use.</p> ",
      "services": [
        "blendswap"
      ],
      "title": "Service does not allow alternative accounts",
      "topics": [],
      "tosdr": {
        "binding": true,
        "case": "Service does not allow alternative accounts",
        "point": "neutral",
        "score": 30,
        "tldr": "Generated through the annotate view"
      }
    }
  },
  "urls": [
    "blendswap.com"
  ]
}