{
  "alexa": 83331,
  "class": false,
  "links": {},
  "points": [
    "5480"
  ],
  "pointsData": {
    "5480": {
      "id": "5480",
      "needModeration": false,
      "quoteDoc": "Privacy Policy",
      "quoteEnd": 25638,
      "quoteStart": 25581,
      "quoteText": "<p>This Website does not support “Do Not Track” requests.",
      "services": [
        "blendermarket"
      ],
      "title": "This service ignores the Do Not Track (DNT) header and tracks users anyway even if they set this header.",
      "topics": [],
      "tosdr": {
        "binding": true,
        "case": "This service ignores the Do Not Track (DNT) header and tracks users anyway even if they set this header.",
        "point": "bad",
        "score": 60,
        "tldr": "Generated through the annotate view"
      }
    }
  },
  "urls": [
    "blendermarket.com"
  ]
}