{
  "alexa": 70,
  "class": false,
  "links": {
    "Privacy Policy": {
      "name": "Privacy Policy",
      "url": "https://policies.google.com/privacy"
    },
    "Terms of Service": {
      "name": "Terms of Service",
      "url": "https://policies.google.com/terms"
    }
  },
  "points": [
    "1142",
    "1386",
    "5716",
    "5717"
  ],
  "pointsData": {
    "1142": {
      "id": "1142",
      "needModeration": false,
      "quoteDoc": "Privacy Policy",
      "quoteEnd": 21462,
      "quoteStart": 21286,
      "quoteText": "We also allow specific partners to collect information from your browser or device for advertising and measurement purposes using their own cookies or similar technologies.</p>",
      "services": [
        "blogspot"
      ],
      "slug": "1142",
      "title": "The service may use tracking pixels, web beacons, browser fingerprinting, and/or device fingerprinting on users.",
      "topics": [],
      "tosdr": {
        "binding": true,
        "case": "The service may use tracking pixels, web beacons, browser fingerprinting, and/or device fingerprinting on users.",
        "point": "bad",
        "privacyRelated": true,
        "score": 50,
        "tldr": "Quote that was there seems to be from the Google privacy policy; updated to the quote that is found in the docs of this service."
      }
    },
    "1386": {
      "id": "1386",
      "needModeration": false,
      "quoteDoc": "Privacy Policy",
      "quoteEnd": 5724,
      "quoteStart": 4789,
      "quoteText": "The information we collect includes unique identifiers, browser type and settings, device type and settings, operating system, mobile network information including carrier name and phone number, and application version number.\nWe also collect information about the interaction of your apps, browsers, and devices with our services, including IP address, crash reports, system activity, and the date, time, and referrer URL of your request.</p>\n<p>We collect this information when a Google service on your device contacts our servers — for example, when you install an app from the Play Store or when a service checks for automatic updates.\nIf you’re using an Android device with Google apps, your device periodically contacts Google servers to provide information about your device and connection to our services.\nThis information includes things like your device type, carrier name, crash reports, and which apps you've installed.</p>",
      "services": [
        "blogspot"
      ],
      "slug": "1516402800024",
      "title": "The service collects many different types of personal data",
      "topics": [],
      "tosdr": {
        "binding": true,
        "case": "The service collects many different types of personal data",
        "point": "bad",
        "privacyRelated": true,
        "score": 70,
        "tldr": "Google (and thus Blogspot) collects vast amounts of different kinds of personal information."
      }
    },
    "5716": {
      "id": "5716",
      "quoteDoc": "Terms of Service",
      "quoteEnd": 4489,
      "quoteStart": 4307,
      "quoteText": "We respond to notices of alleged copyright infringement and terminate accounts of repeat infringers according to the process set out in the U.S.\nDigital Millennium Copyright Act.</p>",
      "services": [
        "blogspot"
      ],
      "title": "User accounts can be terminated after having been in breach of the terms of service repeatedly",
      "topics": [],
      "tosdr": {
        "binding": true,
        "case": "User accounts can be terminated after having been in breach of the terms of service repeatedly",
        "point": "good",
        "score": 50,
        "tldr": "Generated through the annotate view"
      }
    },
    "5717": {
      "id": "5717",
      "quoteDoc": "Terms of Service",
      "quoteEnd": 9522,
      "quoteStart": 9490,
      "quoteText": "WE PROVIDE THE SERVICES “AS IS”.",
      "services": [
        "blogspot"
      ],
      "title": "The service is provided 'as is' and to be used at the users' sole risk",
      "topics": [],
      "tosdr": {
        "binding": true,
        "case": "The service is provided 'as is' and to be used at the users' sole risk",
        "point": "bad",
        "score": 20,
        "tldr": "Generated through the annotate view"
      }
    }
  },
  "urls": [
    "blogspot.com",
    "blogger.com"
  ]
}