{
  "alexa": 1000000,
  "class": false,
  "links": {},
  "points": [
    "5177",
    "5179",
    "5180",
    "5185",
    "5186",
    "5189"
  ],
  "pointsData": {
    "5177": {
      "id": "5177",
      "needModeration": false,
      "quoteDoc": "Terms of Use",
      "quoteEnd": 3919,
      "quoteStart": 3331,
      "quoteText": "The Children’s Online Privacy Protection Act (“COPPA”) requires that online service providers obtain parental consent before they knowingly collect personally identifiable information online from children who are under 13.\n We do not knowingly collect or solicit personally identifiable information from children under 13.\nif you are a child under 13, please do not attempt to register for the Services or send any personal information about yourself to us.\n If we learn we have collected personal information from a child under 13, we will delete that information as quickly as possible.",
      "services": [
        "bluestacks"
      ],
      "title": "This service is only available to users 13 years old and over",
      "topics": [],
      "tosdr": {
        "binding": true,
        "case": "This service is only available to users of a certain age",
        "point": "neutral",
        "score": 15,
        "tldr": "\"The Children’s Online Privacy Protection Act (“COPPA”) requires that online service providers obtain parental consent before they knowingly collect personally identifiable information online from children who are under 13.  We do not knowingly collect or solicit personally identifiable information from children under 13. if you are a child under 13, please do not attempt to register for the Services or send any personal information about yourself to us.  If we learn we have collected personal information from a child under 13, we will delete that information as quickly as possible.\""
      }
    },
    "5179": {
      "id": "5179",
      "needModeration": false,
      "quoteDoc": "Terms of Use",
      "quoteEnd": 5531,
      "quoteStart": 5332,
      "quoteText": "<p>You will not share your account or password with anyone, and you must protect the security of your account and your password.\n You’re responsible for any activity associated with your account.</p>",
      "services": [
        "bluestacks"
      ],
      "title": "You are responsible for maintaining the security of your account and for the activities on your account",
      "topics": [],
      "tosdr": {
        "binding": true,
        "case": "You are responsible for maintaining the security of your account and for the activities on your account",
        "point": "neutral",
        "score": 10,
        "tldr": "Generated through the annotate view"
      }
    },
    "5180": {
      "id": "5180",
      "needModeration": false,
      "quoteDoc": "Terms of Use",
      "quoteEnd": 5331,
      "quoteStart": 5126,
      "quoteText": "If your use of the Services is prohibited by applicable laws, then you aren’t authorized to use the Services.\nWe can’t and won’t be responsible for your using the Services in a way that breaks the law.</p>",
      "services": [
        "bluestacks"
      ],
      "title": "Users agree not to use the service for illegal purposes",
      "topics": [],
      "tosdr": {
        "binding": true,
        "case": "Users agree not to use the service for illegal purposes",
        "point": "neutral",
        "score": 10,
        "tldr": "Generated through the annotate view"
      }
    },
    "5185": {
      "id": "5185",
      "needModeration": false,
      "quoteDoc": "Terms of Use",
      "quoteEnd": 14097,
      "quoteStart": 13707,
      "quoteText": "ANY AND ALL ITEMS PROVIDED IN CONNECTION WITH THE BLUESTACKS STORE OR BLUESTACKS POINT ARE MADE AVAILABLE ON AN AS IS, WHERE IS BASIS, AND BLUESTACKS AND ITS SUPPLIERS AND LICENSORS DISCLAIM ALL OTHER WARRANTIES, EXPRESS, IMPLIED OR STATUTORY, INCLUDING ANY IMPLIED WARRANTIES OF MERCHANTABILITY, FITNESS FOR A PARTICULAR PURPOSE, TITLE, PERFORMANCE, SUITABILITY, AND NON-INFRINGEMENT.</li>",
      "services": [
        "bluestacks"
      ],
      "title": "The service is provided 'as is' and to be used at the users' sole risk",
      "topics": [],
      "tosdr": {
        "binding": true,
        "case": "The service is provided 'as is' and to be used at the users' sole risk",
        "point": "bad",
        "score": 20,
        "tldr": "Generated through the annotate view"
      }
    },
    "5186": {
      "id": "5186",
      "needModeration": false,
      "quoteDoc": "Terms of Use",
      "quoteEnd": 18497,
      "quoteStart": 18400,
      "quoteText": "<li>Violates any law or regulation, including any applicable export control and data privacy laws",
      "services": [
        "bluestacks"
      ],
      "title": "Users agree not to use the service for illegal purposes",
      "topics": [],
      "tosdr": {
        "binding": true,
        "case": "Users agree not to use the service for illegal purposes",
        "point": "neutral",
        "score": 10,
        "tldr": "The Terms of Service state that, \"You represent, warrant, and agree that you will not contribute any Content or User Submission (each of those terms is defined below) or otherwise use the Services or interact with the Services in a manner that . . . Violates any law or regulation, including any applicable export control and data privacy laws\""
      }
    },
    "5189": {
      "id": "5189",
      "needModeration": false,
      "quoteDoc": "Terms of Use",
      "quoteEnd": 19625,
      "quoteStart": 19476,
      "quoteText": "<li>“Crawls,” “scrapes,” or “spiders” any page, data, or portion of or relating to the Services or Content (through use of manual or automated means)",
      "services": [
        "bluestacks"
      ],
      "title": "Users cannot scrape the website of the service",
      "topics": [],
      "tosdr": {
        "binding": true,
        "case": "Users cannot scrape the website of the service",
        "point": "bad",
        "score": 20,
        "tldr": "The Terms of Service state that, \"You represent, warrant, and agree that you will not contribute any Content or User Submission (each of those terms is defined below) or otherwise use the Services or interact with the Services in a manner that . . . “Crawls,” “scrapes,” or “spiders” any page, data, or portion of or relating to the Services or Content (through use of manual or automated means).\""
      }
    }
  },
  "urls": [
    "bluestacks"
  ]
}