{
  "alexa": 37512,
  "class": false,
  "links": {},
  "points": [
    "6224",
    "6225",
    "6229",
    "6230"
  ],
  "pointsData": {
    "6224": {
      "id": "6224",
      "quoteDoc": "Privacy policy",
      "quoteEnd": 1157,
      "quoteStart": 843,
      "quoteText": "Read this document to understand how the Brave Browser uses data.<p>\n</p>\n<p>To learn how we use data to operate our websites, forums, and communications, visit the Website Privacy Policy.\nTo learn how we use data for publishers and creators visit the Publisher Privacy Policy on the Basic Attention Token website.",
      "services": [
        "brave"
      ],
      "title": "This service employs separate policies for different parts of the service",
      "topics": [],
      "tosdr": {
        "binding": true,
        "case": "This service employs separate policies for different parts of the service",
        "point": "neutral",
        "score": 0,
        "tldr": "Generated through the annotate view"
      }
    },
    "6225": {
      "id": "6225",
      "quoteDoc": "Privacy policy",
      "quoteEnd": 469,
      "quoteStart": 443,
      "quoteText": "LAST UPDATED: FEB 11, 2019",
      "services": [
        "brave"
      ],
      "title": "There is a date of the last update of the terms",
      "topics": [],
      "tosdr": {
        "binding": true,
        "case": "There is a date of the last update of the terms",
        "point": "neutral",
        "score": 50,
        "tldr": "Generated through the annotate view"
      }
    },
    "6229": {
      "id": "6229",
      "quoteDoc": "Brave websites, forums and email privacy policy",
      "quoteEnd": 1836,
      "quoteStart": 1656,
      "quoteText": "Brave runs these forums, and they are hosted on its behalf by Civilized Discourse Construction Kit.\nTheir privacy policy describes how they use your data to host the forum for us.\n",
      "services": [
        "brave"
      ],
      "title": "The service refers users to external documents for more information",
      "topics": [],
      "tosdr": {
        "binding": true,
        "case": "The service refers users to external documents for more information",
        "point": "bad",
        "privacyRelated": true,
        "score": 25,
        "tldr": "Generated through the annotate view"
      }
    },
    "6230": {
      "id": "6230",
      "quoteDoc": "Brave websites, forums and email privacy policy",
      "quoteEnd": 7462,
      "quoteStart": 7315,
      "quoteText": "\n<p>You can ask to know what information we have about you, update incorrect information, delete it, object to our use of it, or get a copy of it.\n",
      "services": [
        "brave"
      ],
      "title": "You can request access and deletion of personal data",
      "topics": [],
      "tosdr": {
        "binding": true,
        "case": "You can request access and deletion of personal data",
        "point": "good",
        "privacyRelated": true,
        "score": 50,
        "tldr": "Generated through the annotate view"
      }
    }
  },
  "urls": [
    "brave.com"
  ]
}