{
  "alexa": 7746,
  "class": false,
  "links": {},
  "points": [
    "5602",
    "5604",
    "5605",
    "5609"
  ],
  "pointsData": {
    "5602": {
      "id": "5602",
      "quoteDoc": "Cookie Policy",
      "quoteEnd": 511,
      "quoteStart": 386,
      "quoteText": "The Services use cookies and similar technologies such as pixel tags, web beacons, clear GIFs, JavaScript, and local storage.",
      "services": [
        "brilliant"
      ],
      "title": "The service may use tracking pixels, web beacons, browser fingerprinting, and/or device fingerprinting on users.",
      "topics": [],
      "tosdr": {
        "binding": true,
        "case": "The service may use tracking pixels, web beacons, browser fingerprinting, and/or device fingerprinting on users.",
        "point": "bad",
        "privacyRelated": true,
        "score": 50,
        "tldr": "The Brilliant Cookie Policy states, \"The Services use cookies and similar technologies such as pixel tags, web beacons, clear GIFs, JavaScript, and local storage.\""
      }
    },
    "5604": {
      "id": "5604",
      "quoteDoc": "Terms of Use",
      "quoteEnd": 1060,
      "quoteStart": 846,
      "quoteText": "Brilliant reserves the right, at its sole discretion, to modify or replace any of the terms or conditions of this Agreement at any time.\nIt is User's responsibility to check this Agreement periodically for changes.",
      "services": [
        "brilliant"
      ],
      "title": " Terms may be changed any time at their discretion, without notice to the user ",
      "topics": [],
      "tosdr": {
        "binding": true,
        "case": " Terms may be changed any time at their discretion, without notice to the user ",
        "point": "bad",
        "score": 70,
        "tldr": "\"Brilliant reserves the right, at its sole discretion, to modify or replace any of the terms or conditions of this Agreement at any time. It is User's responsibility to check this Agreement periodically for changes.\""
      }
    },
    "5605": {
      "id": "5605",
      "needModeration": false,
      "quoteDoc": "Cookie Policy",
      "quoteEnd": 5728,
      "quoteStart": 5527,
      "quoteText": "Our Services do not support Do Not Track requests at this time, which means that we collect information about your online activity both while you are using the Services and after you leave the Services",
      "services": [
        "brilliant"
      ],
      "title": "This service ignores the Do Not Track (DNT) header and tracks users anyway even if they set this header.",
      "topics": [],
      "tosdr": {
        "binding": true,
        "case": "This service ignores the Do Not Track (DNT) header and tracks users anyway even if they set this header.",
        "point": "bad",
        "score": 60,
        "tldr": "Generated through the annotate view"
      }
    },
    "5609": {
      "id": "5609",
      "quoteDoc": "Terms of Use",
      "quoteEnd": 11960,
      "quoteStart": 11835,
      "quoteText": "Brilliant reserves the right to, in its sole discretion, remove any User Submission(s) at any time (with or without notice).\n",
      "services": [
        "brilliant"
      ],
      "title": "The service can delete specific content without prior notice and without a reason",
      "topics": [],
      "tosdr": {
        "binding": true,
        "case": "The service can delete specific content without prior notice and without a reason",
        "point": "blocker",
        "score": 50,
        "tldr": "The Terms of Use state that \"Brilliant reserves the right to, in its sole discretion, remove any User Submission(s) at any time (with or without notice).\""
      }
    }
  },
  "urls": [
    "brilliant.org"
  ]
}