{
  "alexa": 71078,
  "class": false,
  "links": {},
  "points": [
    "4450",
    "4451"
  ],
  "pointsData": {
    "4450": {
      "id": "4450",
      "needModeration": false,
      "quoteDoc": "Terms of Service",
      "quoteEnd": 1746,
      "quoteStart": 1413,
      "quoteText": "You'll have great fun on Bumble, but if you feel the need to leave, you can delete your Account at any time by going to the 'Settings' page when you are logged in and clicking on the 'Delete account' link.\nYour Account will be deleted immediately but it may take a little while for Your Content to be completely removed from the App.",
      "services": [
        "bumble"
      ],
      "title": "You have the right to leave this service at any time",
      "topics": [],
      "tosdr": {
        "binding": true,
        "case": "You have the right to leave this service at any time",
        "point": "good",
        "score": 15,
        "tldr": "You'll have great fun on Bumble, but if you feel the need to leave, you can delete your Account at any time by going to the 'Settings' page when you are logged in and clicking on the 'Delete account' link. Your Account will be deleted immediately but it may take a little while for Your Content to be completely removed from the App."
      }
    },
    "4451": {
      "id": "4451",
      "needModeration": false,
      "quoteDoc": "Terms of Service",
      "quoteEnd": 2016,
      "quoteStart": 1921,
      "quoteText": "Bumble Trading Inc reserve the right at our sole discretion to terminate or suspend any Account",
      "services": [
        "bumble"
      ],
      "title": "The service can delete your account without prior notice and without a reason",
      "topics": [],
      "tosdr": {
        "binding": true,
        "case": "The service can delete your account without prior notice and without a reason",
        "point": "bad",
        "score": 60,
        "tldr": "Bumble Trading Inc reserve the right at our sole discretion to terminate or suspend any Account, or make use of any operational, technological, legal or other means available to enforce the Terms (including without limitation blocking specific IP addresses), at any time without liability and without the need to give you prior notice."
      }
    }
  },
  "urls": [
    "bumble.com"
  ]
}