{
  "class": "A",
  "links": {},
  "points": [
    "4382"
  ],
  "pointsData": {
    "4382": {
      "id": "4382",
      "needModeration": false,
      "quoteDoc": "Datenschutzerklaerung",
      "quoteEnd": 3471,
      "quoteStart": 3387,
      "quoteText": "Diese Daten werden ohne Ihre ausdrückliche Zustimmung nicht an Dritte weitergegeben.",
      "services": [
        "campusinnovationskultur"
      ],
      "title": "personal data is not sold",
      "topics": [],
      "tosdr": {
        "binding": true,
        "case": "This service does not sell your personal data",
        "point": "good",
        "score": 25,
        "tldr": "personal data is not sold"
      }
    }
  },
  "urls": [
    "cik.cool"
  ]
}