{
  "class": false,
  "links": {},
  "points": [
    "6762",
    "6766",
    "6767",
    "6772",
    "6774",
    "6775",
    "6776"
  ],
  "pointsData": {
    "6762": {
      "id": "6762",
      "quoteDoc": "What Happens to Your Data",
      "quoteEnd": 15490,
      "quoteStart": 15342,
      "quoteText": "<p>We use common information-gathering tools, such as cookies, pixel tags and Web beacons, to collect information about your general internet usage.",
      "services": [
        "ccleaner"
      ],
      "title": "The service may use tracking pixels, web beacons, browser fingerprinting, and/or device fingerprinting on users.",
      "topics": [],
      "tosdr": {
        "binding": true,
        "case": "The service may use tracking pixels, web beacons, browser fingerprinting, and/or device fingerprinting on users.",
        "point": "bad",
        "privacyRelated": true,
        "score": 50,
        "tldr": "Generated through the annotate view"
      }
    },
    "6766": {
      "id": "6766",
      "quoteDoc": "What Happens to Your Data",
      "quoteEnd": 19345,
      "quoteStart": 19189,
      "quoteText": "Furthermore, if you disable cookies, our websites may not function properly or your access to our websites and their features may be affected or restricted.",
      "services": [
        "ccleaner"
      ],
      "title": "Blocking cookies may limit your ability to use the service",
      "topics": [],
      "tosdr": {
        "binding": true,
        "case": "Blocking cookies may limit your ability to use the service",
        "point": "bad",
        "score": 50,
        "tldr": "Generated through the annotate view"
      }
    },
    "6767": {
      "id": "6767",
      "quoteDoc": "What Happens to Your Data",
      "quoteEnd": 19497,
      "quoteStart": 19371,
      "quoteText": "We collect your IP Address to provision your product or service.\nWe also use the IP Address with mobile products to serve ads.",
      "services": [
        "ccleaner"
      ],
      "title": "The service uses your personal data for advertising",
      "topics": [],
      "tosdr": {
        "binding": true,
        "case": "The service uses your personal data for advertising",
        "point": "bad",
        "privacyRelated": true,
        "score": 30,
        "tldr": "Generated through the annotate view"
      }
    },
    "6772": {
      "id": "6772",
      "quoteDoc": "End User License Agreement",
      "quoteEnd": 21072,
      "quoteStart": 20555,
      "quoteText": "EXCEPT AS STATED IN SECTION 6.1 OF THIS AGREEMENT, THE SOLUTION IS PROVIDED “AS IS” AND MEMBERS OF THE VENDOR GROUP AND VENDOR PARTNERS MAKE NO EXPRESS OR IMPLIED WARRANTIES OR CONDITIONS AND, TO THE MAXIMUM EXTENT PERMITTED BY LAW, DISCLAIM ANY AND ALL WARRANTIES AND CONDITIONS IMPLIED BY STATUTE, COMMON LAW, JURISPRUDENCE OR OTHER THEORIES OF LAW, INCLUDING IMPLIED WARRANTIES OR CONDITIONS OF NONINFRINGEMENT OF THIRD PARTY RIGHTS, TITLE, MERCHANTABILITY, SUITABLE QUALITY OR FITNESS FOR ANY PARTICULAR PURPOSE.\n",
      "services": [
        "ccleaner"
      ],
      "title": "The service is provided 'as is' and to be used at the users' sole risk",
      "topics": [],
      "tosdr": {
        "binding": true,
        "case": "The service is provided 'as is' and to be used at the users' sole risk",
        "point": "bad",
        "score": 20,
        "tldr": "Generated through the annotate view"
      }
    },
    "6774": {
      "id": "6774",
      "quoteDoc": "End User License Agreement",
      "quoteEnd": 21447,
      "quoteStart": 21072,
      "quoteText": "VENDOR DOES NOT WARRANT THAT THE OPERATION OF ANY SOLUTION WILL BE UNINTERRUPTED OR ERROR FREE, THAT ANY SOLUTION WILL WORK PROPERLY ON ANY GIVEN DEVICE OR WITH ANY PARTICULAR CONFIGURATION OF HARDWARE AND/OR SOFTWARE, OR THAT ANY SOLUTION WILL PROVIDE COMPLETE PROTECTION FOR THE INTEGRITY OF SELECTED DATA, INFORMATION OR CONTENT STORED OR TRANSMITTED VIA THE INTERNET.</p>",
      "services": [
        "ccleaner"
      ],
      "title": "The service provider makes no warranty regarding uninterrupted, timely, secure or error-free service",
      "topics": [],
      "tosdr": {
        "binding": true,
        "case": "The service provider makes no warranty regarding uninterrupted, timely, secure or error-free service",
        "point": "bad",
        "score": 30,
        "tldr": "Generated through the annotate view"
      }
    },
    "6775": {
      "id": "6775",
      "quoteDoc": "End User License Agreement",
      "quoteEnd": 32309,
      "quoteStart": 31881,
      "quoteText": "Except as provided in Section 11.5 below, you are giving up the right to litigate (or participate in litigation as a party or class member) all Disputes in court before a judge or jury.\nInstead, all Disputes will be resolved before a neutral arbitrator, whose decision will be final except for a limited right to judicial review under the FAA.\nAny court with jurisdiction over the parties may enforce the arbitrator’s award.</p>",
      "services": [
        "ccleaner"
      ],
      "title": "You waive your right to a class action.",
      "topics": [],
      "tosdr": {
        "binding": true,
        "case": "You waive your right to a class action.",
        "point": "bad",
        "score": 50,
        "tldr": "Generated through the annotate view"
      }
    },
    "6776": {
      "id": "6776",
      "quoteDoc": "End User License Agreement",
      "quoteEnd": 31880,
      "quoteStart": 31506,
      "quoteText": "<p>11.4.\nIf you and Vendor do not resolve any Dispute by informal negotiation, any other effort to resolve the Dispute will be conducted exclusively by binding arbitration governed by the United States Federal Arbitration Act (“<i>\n<u>FAA</u>\n</i>”), 9 U.S.C.\n§&nbsp;1 et seq., and the substantive laws of the State of New York (without regard to choice of laws principles).",
      "services": [
        "ccleaner"
      ],
      "title": "This service forces users into binding arbitration in the case of disputes",
      "topics": [],
      "tosdr": {
        "binding": true,
        "case": "This service forces users into binding arbitration in the case of disputes",
        "point": "bad",
        "score": 50,
        "tldr": "Generated through the annotate view"
      }
    }
  },
  "urls": [
    "ccleaner.com"
  ]
}