{
  "alexa": 6141,
  "class": false,
  "links": {},
  "points": [
    "6780"
  ],
  "pointsData": {
    "6780": {
      "id": "6780",
      "services": [
        "cengage"
      ],
      "title": "The service uses tracking pixels, web beacons, browser fingerprinting, and/or device fingerprinting on users.",
      "topics": [],
      "tosdr": {
        "binding": true,
        "case": "The service may use tracking pixels, web beacons, browser fingerprinting, and/or device fingerprinting on users.",
        "point": "bad",
        "privacyRelated": true,
        "score": 50,
        "tldr": "From Cengage Privacy Notice, 5. Cookies and Other Data Collection Technologies, they use Flash Cookies, Pixel Tags, and Web Beacons. They also \"collect many different types of information from server logs and other technologies.  For example, [they] may collect information the device you use to access our website, your operating system type, browser type, domain, and other system settings, as well as the language your system uses and the country and time zone where your device is located.\""
      }
    }
  },
  "urls": [
    "cengage.com",
    "nelsonbrain.com",
    "webassign.com",
    "webassign.net",
    "pathbrite.com",
    "aplia.com",
    "cengagebrain.com"
  ]
}