{
  "alexa": 110895,
  "class": false,
  "links": {},
  "points": [
    "6871",
    "6872",
    "6873"
  ],
  "pointsData": {
    "6871": {
      "id": "6871",
      "quoteDoc": "Chilliapps's Data Processing Addendum",
      "quoteEnd": 69,
      "quoteStart": 43,
      "quoteText": "Version Date: May 28, 2018",
      "services": [
        "chilliapps-abandonmentprotector"
      ],
      "title": "There is a date of the last update of the terms",
      "topics": [],
      "tosdr": {
        "binding": true,
        "case": "There is a date of the last update of the terms",
        "point": "neutral",
        "score": 50,
        "tldr": "Generated through the annotate view"
      }
    },
    "6872": {
      "id": "6872",
      "quoteDoc": "Privacy Policy",
      "quoteEnd": 2672,
      "quoteStart": 2316,
      "quoteText": "When you use our Services, We may collect and store information automatically about your device and your use of the Services via cookies, web beacons and other similar technologies.\nThis allows us to measure the performance of tasks you configure on our Platform, and to provide analytics information and guarantee the correct functioning of our Services.\n",
      "services": [
        "chilliapps-abandonmentprotector"
      ],
      "title": "The service may use tracking pixels, web beacons, browser fingerprinting, and/or device fingerprinting on users.",
      "topics": [],
      "tosdr": {
        "binding": true,
        "case": "The service may use tracking pixels, web beacons, browser fingerprinting, and/or device fingerprinting on users.",
        "point": "bad",
        "privacyRelated": true,
        "score": 50,
        "tldr": "Generated through the annotate view"
      }
    },
    "6873": {
      "id": "6873",
      "quoteDoc": " Unsubscribe and delete my information from any sender using this app ",
      "quoteEnd": 320,
      "quoteStart": 1,
      "quoteText": "Unsubscribe and delete my information from any sender using this app <p> This action will remove all your information store in our servers.\n</p>\n<p> We will store only your email to identify that if your email goes back to our servers, your information should be removed immediately from any sender using our App.\n</p>\n",
      "services": [
        "chilliapps-abandonmentprotector"
      ],
      "title": "You can delete your content from this service",
      "topics": [],
      "tosdr": {
        "binding": true,
        "case": "You can delete your content from this service",
        "point": "good",
        "score": 50,
        "tldr": "Generated through the annotate view"
      }
    }
  },
  "urls": [
    "chilliapps.com"
  ]
}