{
  "alexa": 311434,
  "class": false,
  "links": {},
  "points": [
    "4259"
  ],
  "pointsData": {
    "4259": {
      "id": "4259",
      "needModeration": false,
      "services": [
        "cloudsight"
      ],
      "title": "your data may be stored anywhere in the world",
      "topics": [],
      "tosdr": {
        "binding": true,
        "case": "Your data may be processed and stored anywhere in the world",
        "point": "bad",
        "score": 25,
        "tldr": "your data may be stored anywhere in the world"
      }
    }
  },
  "urls": [
    "cloudsight.ai"
  ]
}