{
  "alexa": 353676,
  "class": "B",
  "links": {
    "Privacy": {
      "name": "Privacy",
      "url": "https://www.ibm.com/privacy/us/en/"
    },
    "Terms of Service": {
      "name": "Terms of Service",
      "url": "https://www.ibm.com/legal/us/en/"
    }
  },
  "points": [
    "1023",
    "862",
    "942"
  ],
  "pointsData": {
    "862": {
      "discussion": "https://groups.google.com/d/topic/tosdr/AzI2dHh7IaM/discussion",
      "id": "862",
      "meta": {
        "author": "Ian McGowan",
        "contributors": [
          "Robin Monks <devlinks@gmail.com>"
        ],
        "license-for-this-file": "This work is licensed under the Creative Commons Attribution-ShareAlike 3.0 Unported License. To view a copy of this license, visit http://creativecommons.org/licenses/by-sa/3.0/ or send a letter to Creative Commons, 444 Castro Street, Suite 900, Mountain View, California, 94041, .USA",
        "spec-version": "1.1"
      },
      "needModeration": false,
      "quoteDoc": "Terms of Service",
      "quoteEnd": 9208,
      "quoteStart": 8566,
      "quoteText": "TO THE FULLEST EXTENT PERMITTED BY APPLICABLE LAW, IN NO EVENT WILL IBM BE LIABLE TO ANY PARTY FOR ANY DIRECT, INDIRECT, INCIDENTAL, SPECIAL, EXEMPLARY OR CONSEQUENTIAL DAMAGES OF ANY TYPE WHATSOEVER RELATED TO OR ARISING FROM THIS WEB SITE OR ANY USE OF THIS WEB SITE, OR OF ANY SITE OR RESOURCE LINKED TO, REFERENCED, OR ACCESSED THROUGH THIS WEB SITE, OR FOR THE USE OR DOWNLOADING OF, OR ACCESS TO, ANY MATERIALS, INFORMATION, PRODUCTS, OR SERVICES, INCLUDING, WITHOUT LIMITATION, ANY LOST PROFITS, BUSINESS INTERRUPTION, LOST SAVINGS OR LOSS OF PROGRAMS OR OTHER DATA, EVEN IF IBM IS EXPRESSLY ADVISED OF THE POSSIBILITY OF SUCH DAMAGES.",
      "services": [
        "cloudant"
      ],
      "slug": "AzI2dHh7IaM",
      "source": {
        "terms": "https://cloudant.com/terms/"
      },
      "title": "This service assumes no liability for any losses or damages resulting from any matter relating to the service",
      "topics": [
        "governance"
      ],
      "tosdr": {
        "binding": true,
        "case": "This service assumes no liability for any losses or damages resulting from any matter relating to the service",
        "point": "bad",
        "score": 50,
        "tldr": ""
      }
    },
    "942": {
      "discussion": "https://groups.google.com/d/msg/tosdr/lb50aLuegoQ/Vko5nZqx4M8J",
      "id": "942",
      "meta": {
        "author": "Hugo for “Terms of Service; Didn't Read”",
        "contributors": [
          "Hugo Roy <hugo@unhosted.org>"
        ],
        "license-for-this-file": "This work is licensed under the Creative Commons Attribution-ShareAlike 3.0 Unported License. To view a copy of this license, visit http://creativecommons.org/licenses/by-sa/3.0/ or send a letter to Creative Commons, 444 Castro Street, Suite 900, Mountain View, California, 94041, .USA",
        "spec-version": "1.1"
      },
      "needModeration": false,
      "quoteDoc": "Privacy",
      "quoteEnd": 12721,
      "quoteStart": 12502,
      "quoteText": "<p>From time to time we may update this Privacy Statement, as well as any other specific privacy statement.\nWhen making changes to this Privacy Statement, we will add a new date at the top of this Privacy Statement.</p>",
      "services": [
        "cloudant"
      ],
      "slug": "any-time-without-notice-cloudant",
      "title": "Terms may be changed any time at their discretion, without notice to the user",
      "topics": [
        "changes-notice"
      ],
      "tosdr": {
        "binding": true,
        "case": " Terms may be changed any time at their discretion, without notice to the user ",
        "point": "bad",
        "score": 70,
        "tldr": "They can change the terms of service any time they see fit, even without notification to the user. Your use of the service supposedly constitutes acceptance of the changes in the terms."
      }
    },
    "1023": {
      "discussion": "https://groups.google.com/d/topic/tosdr/eDdfyaFVNnU/discussion",
      "id": "1023",
      "meta": {
        "author": "Ian McGowan",
        "contributors": [
          "Robin Monks <devlinks@gmail.com>"
        ],
        "license-for-this-file": "This work is licensed under the Creative Commons Attribution-ShareAlike 3.0 Unported License. To view a copy of this license, visit http://creativecommons.org/licenses/by-sa/3.0/ or send a letter to Creative Commons, 444 Castro Street, Suite 900, Mountain View, California, 94041, .USA",
        "spec-version": "1.1"
      },
      "needModeration": false,
      "services": [
        "cloudant"
      ],
      "slug": "eDdfyaFVNnU",
      "source": {
        "terms": "https://cloudant.com/terms/"
      },
      "title": "Cloudant transfers hosted and personal info if Cloudant is acquired by another business",
      "topics": [
        "business-transfer"
      ],
      "tosdr": {
        "binding": true,
        "case": "may sell your data in merger",
        "point": "bad",
        "privacyRelated": true,
        "score": 20,
        "tldr": "If Cloudant, any of their affiliated companies, their assets, or the assets of their affiliated companies, are acquired by another business, they expect any hosted, personal, and billing information to be transferred (along with their other business assets) to the new business."
      }
    }
  },
  "urls": [
    "cloudant.com"
  ]
}