{
  "alexa": 108,
  "class": false,
  "links": {
    "Privacy Policy": {
      "name": "Privacy Policy",
      "url": "http://edition.cnn.com/privacy.html"
    },
    "Privacy and Cookies Policy": {
      "name": "Privacy and Cookies Policy",
      "url": "https://edition.cnn.com/privacy1"
    },
    "Terms of Use": {
      "name": "Terms of Use",
      "url": "https://edition.cnn.com/terms"
    }
  },
  "points": [
    "2152",
    "4695",
    "4696",
    "4697",
    "4698",
    "4699",
    "4700",
    "4701",
    "4702",
    "4703",
    "4704",
    "4800"
  ],
  "pointsData": {
    "2152": {
      "id": "2152",
      "services": [
        "cnn"
      ],
      "slug": "1516402800015",
      "title": "CNN may collect your device fingerprint.",
      "topics": [],
      "tosdr": {
        "binding": true,
        "case": "Device fingerprinting",
        "point": "bad",
        "privacyRelated": true,
        "score": "50",
        "tldr": "\"We [..] may use automated means to collect [...] network or Internet protocol address and type of browser you are using (e.g., Chrome, Safari, Firefox, Internet Explorer), the type of operating system you are using, (e.g., Microsoft Windows or Mac OS), the name of your Internet service provider (e.g., Comcast, Verizon or AT&T) [...], device settings, browser settings, the web pages of the Services you have visited, Services visited before and after you visit a Service, the type of handheld or mobile device used to view the Service (e.g., iOS, Android), location information, and the content and advertisements you have accessed, seen, forwarded and/or clicked on.\""
      }
    },
    "4695": {
      "id": "4695",
      "quoteDoc": "Terms of Use",
      "quoteEnd": 2173,
      "quoteStart": 1977,
      "quoteText": "THESE TERMS OF USE ARE SUBJECT TO BINDING ARBITRATION AND A WAIVER OF CLASS ACTION RIGHTS AS DETAILED IN SECTIONS <strong>\n</strong>11</strong>\n<strong> and <strong>\n</strong>12</strong>\n<strong>.",
      "services": [
        "cnn"
      ],
      "title": "You wave your right to a class action.",
      "topics": [],
      "tosdr": {
        "binding": true,
        "case": "You waive your right to a class action.",
        "point": "bad",
        "score": 50,
        "tldr": "Generated through the annotate view"
      }
    },
    "4696": {
      "id": "4696",
      "quoteDoc": "Terms of Use",
      "quoteEnd": 3035,
      "quoteStart": 2695,
      "quoteText": "Changes to Terms of Use.\nCNN may modify the Terms of Use, or any part thereof, or add or remove terms at any time, and such modifications, additions or deletions will be effective immediately upon posting.\nYour use of the Site after such posting shall be deemed to constitute acceptance by you of such modifications, additions or deletions.",
      "services": [
        "cnn"
      ],
      "title": " Terms may be changed any time at their discretion, without notice to the user ",
      "topics": [],
      "tosdr": {
        "binding": true,
        "case": " Terms may be changed any time at their discretion, without notice to the user ",
        "point": "bad",
        "score": 70,
        "tldr": "Quoted, \"Changes to Terms of Use. CNN may modify the Terms of Use, or any part thereof, or add or remove terms at any time, and such modifications, additions or deletions will be effective immediately upon posting.\""
      }
    },
    "4697": {
      "id": "4697",
      "quoteDoc": "Terms of Use",
      "quoteEnd": 6325,
      "quoteStart": 6105,
      "quoteText": "You agree not to upload, post or otherwise transmit any User Content that:</li>\n<li>violates or infringes in any way upon the rights of others, including any statements which may defame, harass, stalk or threaten others.",
      "services": [
        "cnn"
      ],
      "title": "Users agree not to submit libelous, harassing or threatening content",
      "topics": [],
      "tosdr": {
        "binding": true,
        "case": "Users agree not to submit libelous, harassing or threatening content",
        "point": "neutral",
        "score": 20,
        "tldr": "Generated through the annotate view"
      }
    },
    "4698": {
      "id": "4698",
      "quoteDoc": "Terms of Use",
      "quoteEnd": 4407,
      "quoteStart": 4092,
      "quoteText": "You shall be responsible for protecting the confidentiality of your user name(s) or password(s), if any.\nYou are responsible for all use of Your Account, regardless of whether you authorized such access or use, and for ensuring that all use of Your Account complies fully with the provisions of these Terms of Use.\n",
      "services": [
        "cnn"
      ],
      "title": "You are responsible for maintaining the security of your account and for the activities on your account",
      "topics": [],
      "tosdr": {
        "binding": true,
        "case": "You are responsible for maintaining the security of your account and for the activities on your account",
        "point": "neutral",
        "score": 10,
        "tldr": "Generated through the annotate view"
      }
    },
    "4699": {
      "id": "4699",
      "quoteDoc": "Terms of Use",
      "quoteEnd": 6680,
      "quoteStart": 6542,
      "quoteText": "contains or advocates pornography or sexually explicit content, pedophilia, incest, bestiality, or that is otherwise obscene or lewd.</li>",
      "services": [
        "cnn"
      ],
      "title": "Prohibits the posting of pornographic content",
      "topics": [],
      "tosdr": {
        "binding": true,
        "case": "Prohibits the posting of pornographic content",
        "point": "neutral",
        "score": 15,
        "tldr": "Generated through the annotate view"
      }
    },
    "4700": {
      "id": "4700",
      "quoteDoc": "Terms of Use",
      "quoteEnd": 7116,
      "quoteStart": 6854,
      "quoteText": "advocates violent behavior.</li>\n<li>poses a reasonable threat to personal or public safety.</li>\n<li>contains violent images of killing or physical abuse that appear to have been captured solely, or principally, for exploitive, prurient, or gratuitous purposes.",
      "services": [
        "cnn"
      ],
      "title": "Prohibits the posting of content which promotes or glorifies violence or politically or religiously extremist values.",
      "topics": [],
      "tosdr": {
        "binding": true,
        "case": "Prohibits the posting of content which promotes or glorifies violence or politically or religiously extremist values.",
        "point": "neutral",
        "score": 20,
        "tldr": "Generated through the annotate view"
      }
    },
    "4701": {
      "id": "4701",
      "quoteDoc": "Terms of Use",
      "quoteEnd": 8372,
      "quoteStart": 8261,
      "quoteText": "You agree not to engage in activity that would constitute a criminal offense or give rise to a civil liability.",
      "services": [
        "cnn"
      ],
      "title": "Users agree not to submit illegal content",
      "topics": [],
      "tosdr": {
        "binding": true,
        "case": "Users agree not to submit illegal content",
        "point": "neutral",
        "score": 10,
        "tldr": "Generated through the annotate view"
      }
    },
    "4702": {
      "id": "4702",
      "needModeration": false,
      "quoteDoc": "Terms of Use",
      "quoteEnd": 10820,
      "quoteStart": 10775,
      "quoteText": "and to terminate Your Account for any reason.",
      "services": [
        "cnn"
      ],
      "title": "The service can delete your account without prior notice and without a reason",
      "topics": [],
      "tosdr": {
        "binding": true,
        "case": "The service can delete your account without prior notice and without a reason",
        "point": "bad",
        "score": 60,
        "tldr": "Generated through the annotate view"
      }
    },
    "4703": {
      "id": "4703",
      "quoteDoc": "Terms of Use",
      "quoteEnd": 15092,
      "quoteStart": 14956,
      "quoteText": "you forever waive and agree not to claim or assert any entitlement to any and all moral rights of an author in any of the User Content.\n",
      "services": [
        "cnn"
      ],
      "title": "sign away moral rights",
      "topics": [],
      "tosdr": {
        "binding": true,
        "case": "You sign away moral rights",
        "point": "blocker",
        "score": 50,
        "tldr": "Generated through the annotate view"
      }
    },
    "4704": {
      "id": "4704",
      "needModeration": false,
      "quoteDoc": "Terms of Use",
      "quoteEnd": 15790,
      "quoteStart": 15622,
      "quoteText": "CNN reserves the right to use any User Content as it deems appropriate, including, without limitation, deleting, editing, modifying, rejecting, or refusing to post it.\n",
      "services": [
        "cnn"
      ],
      "title": "The copyright license maintained by the service over user data and/or content is broader than necessary.",
      "topics": [],
      "tosdr": {
        "binding": true,
        "case": "The copyright license maintained by the service over user data and/or content is broader than necessary.",
        "point": "bad",
        "score": 50,
        "tldr": "Generated through the annotate view"
      }
    },
    "4800": {
      "id": "4800",
      "needModeration": false,
      "quoteDoc": "Terms of Use",
      "quoteEnd": 10774,
      "quoteStart": 10691,
      "quoteText": "CNN reserves the right in its sole discretion to remove or edit User Content by you",
      "services": [
        "cnn"
      ],
      "title": "The service can delete specific content without prior notice and without a reason",
      "topics": [],
      "tosdr": {
        "binding": true,
        "case": "The service can delete specific content without prior notice and without a reason",
        "point": "blocker",
        "score": 50,
        "tldr": "Generated through the annotate view"
      }
    }
  },
  "urls": [
    "cnn.com"
  ]
}