{
  "class": false,
  "links": {},
  "points": [
    "5931",
    "5932",
    "5933",
    "5934",
    "5935",
    "5936"
  ],
  "pointsData": {
    "5931": {
      "id": "5931",
      "quoteDoc": "Privacy Policy",
      "quoteEnd": 3711,
      "quoteStart": 3201,
      "quoteText": "<p>We use Digital Ocean Inc.\n(101 Avenue of the Americas 10th Floor, New York, NY 10013, United States of America) as a service provider to host our server infrastructure.\nWe use OVH GmbH, Dudweiler Landstraße 5, 66123 Saarbrücken, Germany to ensure our service availability.\nWhile we are currently hosting our services in Frankfurt, Germany, we may expand to other server locations offered by our hosting service providers in order to ensure the reliablity and performance of our service around the world.</p>",
      "services": [
        "colloq-io"
      ],
      "title": "Many third parties are involved in operating the service",
      "topics": [],
      "tosdr": {
        "binding": true,
        "case": "Many third parties are involved in operating the service",
        "point": "bad",
        "score": 50,
        "tldr": "Generated through the annotate view"
      }
    },
    "5932": {
      "id": "5932",
      "quoteDoc": "Privacy Policy",
      "quoteEnd": 7287,
      "quoteStart": 6934,
      "quoteText": "<p>We may update this privacy policy in the future.\nIf we make any material changes we will notify you by email (using the email address stored in your account) or by displaying a notice banner on our site before the changes become effective.\nWe encourage you to review the privacy policy periodically to ensure you are aware of the latest information.\n",
      "services": [
        "colloq-io"
      ],
      "title": "Users should revisit the terms periodically, although in case of material changes, the service will notify",
      "topics": [],
      "tosdr": {
        "binding": true,
        "case": "Users should revisit the terms periodically, although in case of material changes, the service will notify",
        "point": "neutral",
        "score": 50,
        "tldr": "Generated through the annotate view"
      }
    },
    "5933": {
      "id": "5933",
      "quoteDoc": "Terms and Conditions",
      "quoteEnd": 6732,
      "quoteStart": 6632,
      "quoteText": "You retain ownership of and responsibility for content you create even if it does not belong to you.",
      "services": [
        "colloq-io"
      ],
      "title": "You maintain ownership of your data",
      "topics": [],
      "tosdr": {
        "binding": true,
        "case": "You maintain ownership of your data",
        "point": "good",
        "score": 50,
        "tldr": "Generated through the annotate view"
      }
    },
    "5934": {
      "id": "5934",
      "quoteDoc": "Terms and Conditions",
      "quoteEnd": 5944,
      "quoteStart": 5696,
      "quoteText": "Deleting an account terminates these Agreements, but grants us an indefinite license for content you collaborated to the service (e.g.\nevent pages).\nThis ensures that we can continue to provide this content beyond the termination of the Agreements.",
      "services": [
        "colloq-io"
      ],
      "title": "This service holds onto content that you've deleted",
      "topics": [],
      "tosdr": {
        "binding": true,
        "case": "This service holds onto content that you've deleted",
        "point": "blocker",
        "score": 30,
        "tldr": "Generated through the annotate view"
      }
    },
    "5935": {
      "id": "5935",
      "quoteDoc": "Terms and Conditions",
      "quoteEnd": 9310,
      "quoteStart": 9251,
      "quoteText": "<p>We reserve the right to delete your account at any time.",
      "services": [
        "colloq-io"
      ],
      "title": "The service can delete your account without prior notice and without a reason",
      "topics": [],
      "tosdr": {
        "binding": true,
        "case": "The service can delete your account without prior notice and without a reason",
        "point": "bad",
        "score": 60,
        "tldr": "Generated through the annotate view"
      }
    },
    "5936": {
      "id": "5936",
      "quoteDoc": "Terms and Conditions",
      "quoteEnd": 9578,
      "quoteStart": 9311,
      "quoteText": "If you terminate an account before your active subscription expires, you will not be entitled to a refund, even partial.\nSubscriptions are billed in advance on a monthly basis and are non-refundable.\nWe will not offer refunds or credits for partial months of service.",
      "services": [
        "colloq-io"
      ],
      "title": "The service has a no refund policy",
      "topics": [],
      "tosdr": {
        "binding": true,
        "case": "The service has a no refund policy",
        "point": "neutral",
        "score": 50,
        "tldr": "Generated through the annotate view"
      }
    }
  },
  "urls": [
    "colloq.io"
  ]
}