{
  "alexa": 219946,
  "class": false,
  "links": {
    "Privacy Policy": {
      "name": "Privacy Policy",
      "url": "http://about.couchsurfing.com/privacy-policy/"
    },
    "Terms of Use": {
      "name": "Terms of Use",
      "url": "http://about.couchsurfing.com/terms-of-use/"
    }
  },
  "points": [
    "1030",
    "1037",
    "1094",
    "560",
    "561",
    "613",
    "625",
    "626",
    "637",
    "6506",
    "6509",
    "6512",
    "6515",
    "668",
    "745",
    "832",
    "845",
    "921"
  ],
  "pointsData": {
    "560": {
      "discussion": "https://groups.google.com/d/topic/tosdr/UMyT4RKXjv0/discussion",
      "id": "560",
      "meta": {
        "author": "ToS;DR project",
        "contributors": [
          "see mailing list discussion"
        ],
        "license-for-this-file": "This work is licensed under the Creative Commons Attribution-ShareAlike 3.0 Unported License. To view a copy of this license, visit http://creativecommons.org/licenses/by-sa/3.0/ or send a letter to Creative Commons, 444 Castro Street, Suite 900, Mountain View, California, 94041, .USA",
        "spec-version": "1.1"
      },
      "needModeration": false,
      "quoteDoc": "Privacy Policy",
      "quoteEnd": 3949,
      "quoteStart": 3581,
      "quoteText": "We may automatically collect information using cookies, web beacons (also known as “tracking gifs,” “pixel tags” and “tracking pixels”) and other tracking technologies to, among other things, improve our Services and your experience, monitor user activity, count visits, understand usage and campaign effectiveness, and tell if an email has been opened and acted upon.",
      "services": [
        "couchsurfing"
      ],
      "slug": "UMyT4RKXjv0",
      "source": {
        "faq": "",
        "terms": ""
      },
      "title": "The service may use tracking pixels, web beacons, browser fingerprinting, and/or device fingerprinting on users.",
      "topics": [
        "track"
      ],
      "tosdr": {
        "binding": true,
        "case": "The service may use tracking pixels, web beacons, browser fingerprinting, and/or device fingerprinting on users.",
        "point": "bad",
        "privacyRelated": true,
        "score": 50,
        "tldr": "We \r\nmay automatically collect information using cookies, web beacons (also \r\nknown as \"gifs,\" \"pixel tags\" and \"tracking pixels\") and other \r\ntracking technologies to, among other things, improve our Services and \r\nyour experience, monitor user activity, count visits, understand usage \r\nand campaign effectiveness and tell if an email has been opened and \r\nacted upon. For information about removing or rejecting cookies, \r\nplease see \"Your Information Choices\" below.\""
      }
    },
    "561": {
      "discussion": "https://groups.google.com/d/topic/tosdr/J3kmwLbA0rE/discussion",
      "id": "561",
      "meta": {
        "author": "ToS;DR project",
        "contributors": [
          "see mailing list discussion"
        ],
        "license-for-this-file": "This work is licensed under the Creative Commons Attribution-ShareAlike 3.0 Unported License. To view a copy of this license, visit http://creativecommons.org/licenses/by-sa/3.0/ or send a letter to Creative Commons, 444 Castro Street, Suite 900, Mountain View, California, 94041, .USA",
        "spec-version": "1.1"
      },
      "needModeration": false,
      "quoteDoc": "Terms of Use",
      "quoteEnd": 2807,
      "quoteStart": 2690,
      "quoteText": "By registering for an account, you further agree to (a) provide accurate, truthful, current and complete information.",
      "services": [
        "couchsurfing"
      ],
      "slug": "J3kmwLbA0rE",
      "source": {
        "faq": "",
        "terms": ""
      },
      "title": "You are not allowed to use a nick name",
      "topics": [
        "track"
      ],
      "tosdr": {
        "binding": true,
        "case": "Users are not allowed to use pseudonyms, as trust and transparency between users regarding their identities is relevant to the service.",
        "point": "neutral",
        "score": 10,
        "tldr": "you have to provide accurate, truthful, current and complete \ninformation when creating an account on CouchSurfing."
      }
    },
    "613": {
      "discussion": "https://groups.google.com/d/topic/tosdr/oZ1VvxnWoeM/discussion",
      "id": "613",
      "meta": {
        "author": "ToS;DR project",
        "contributors": [
          "see mailing list discussion"
        ],
        "license-for-this-file": "This work is licensed under the Creative Commons Attribution-ShareAlike 3.0 Unported License. To view a copy of this license, visit http://creativecommons.org/licenses/by-sa/3.0/ or send a letter to Creative Commons, 444 Castro Street, Suite 900, Mountain View, California, 94041, .USA",
        "spec-version": "1.1"
      },
      "needModeration": false,
      "quoteDoc": "Terms of Use",
      "quoteEnd": 13594,
      "quoteStart": 13026,
      "quoteText": "If you post Member Content to our Services, you hereby grant us a perpetual (i.e.\nlasting forever), worldwide, irrevocable, non-exclusive, royalty-free and fully sublicensable (i.e.\nwe can grant this right to others) license to use, reproduce, display, perform, adapt, modify, create derivative works from, distribute, have distributed and promote such Member Content in any form, in all media now known or hereinafter created (including in emails or other communications to our members) to administer, operate, develop and otherwise provide the Couchsurfing Services.",
      "services": [
        "couchsurfing"
      ],
      "slug": "oZ1VvxnWoeM",
      "source": {
        "faq": "",
        "terms": ""
      },
      "title": "Couchsurfing may retain your data after deactivation for legitimate business purposes",
      "topics": [
        "leave"
      ],
      "tosdr": {
        "binding": true,
        "case": "This service retains rights to your content even after you stop using your account",
        "point": "bad",
        "score": 25,
        "tldr": "\"may retain certain information as required by law, for legitimate \nbusiness purposes and to protect member safety.\" They say they will hold data from already \nclosed accounts in order to help them combat fraud on the platform. "
      }
    },
    "625": {
      "discussion": "https://groups.google.com/d/topic/tosdr/BmzBPGyHGW0/discussion",
      "id": "625",
      "meta": {
        "author": "ToS;DR project",
        "contributors": [
          "see mailing list discussion"
        ],
        "license-for-this-file": "This work is licensed under the Creative Commons Attribution-ShareAlike 3.0 Unported License. To view a copy of this license, visit http://creativecommons.org/licenses/by-sa/3.0/ or send a letter to Creative Commons, 444 Castro Street, Suite 900, Mountain View, California, 94041, .USA",
        "spec-version": "1.1"
      },
      "needModeration": false,
      "quoteDoc": "Terms of Use",
      "quoteEnd": 17559,
      "quoteStart": 17029,
      "quoteText": "REPEAT INFRINGER POLICY <p>In accordance with the Digital Millennium Copyright Act (“DMCA”) and other applicable law, Couchsurfing has adopted a policy of terminating, in appropriate circumstances and in Couchsurfing’s sole discretion, members who are deemed to be repeat infringers.\nCouchsurfing may also, in our sole discretion, limit access to the Services and/or terminate the accounts of any members who we believe may infringe any intellectual property rights of others, whether or not there is any repeat infringement.</p> ",
      "services": [
        "couchsurfing"
      ],
      "slug": "BmzBPGyHGW0",
      "source": {
        "faq": "",
        "terms": ""
      },
      "title": "Couchsurfing may close your account at their sole discretion",
      "topics": [
        "suspension"
      ],
      "tosdr": {
        "binding": true,
        "case": "The service can delete your account without prior notice and without a reason",
        "point": "bad",
        "score": 60,
        "tldr": "\"REPEAT INFRINGER POLICY \nIn accordance with the Digital Millennium Copyright Act (\"DMCA\") and \nother applicable law, CouchSurfing has adopted a policy of \nterminating, in appropriate circumstances and in CouchSurfing's sole \ndiscretion, members who are deemed to be repeat infringers. \nCouchSurfing may also, in our sole discretion, limit access to the \nServices and/or terminate the accounts of any members who we believe \nmay infringe any intellectual property rights of others, whether or \nnot there is any repeat infringement.\""
      }
    },
    "626": {
      "discussion": "https://groups.google.com/d/topic/tosdr/YkJpj170Qts/discussion",
      "id": "626",
      "meta": {
        "author": "ToS;DR project",
        "contributors": [
          "see mailing list discussion"
        ],
        "license-for-this-file": "This work is licensed under the Creative Commons Attribution-ShareAlike 3.0 Unported License. To view a copy of this license, visit http://creativecommons.org/licenses/by-sa/3.0/ or send a letter to Creative Commons, 444 Castro Street, Suite 900, Mountain View, California, 94041, .USA",
        "spec-version": "1.1"
      },
      "needModeration": false,
      "quoteDoc": "Terms of Use",
      "quoteEnd": 1937,
      "quoteStart": 1854,
      "quoteText": "by accessing or using our Services, you agree to adhere to the Community Guidelines",
      "services": [
        "couchsurfing"
      ],
      "slug": "YkJpj170Qts",
      "source": {
        "faq": "",
        "terms": ""
      },
      "title": "You should follow the community guidelines",
      "topics": [
        "governance"
      ],
      "tosdr": {
        "binding": true,
        "case": "Other applicable rules, terms, conditions or guidelines",
        "point": "neutral",
        "score": 0,
        "tldr": "The community guidelines are here: \nhttp://www.couchsurfing.org/guidelines \nyou agree to follow them."
      }
    },
    "637": {
      "discussion": "https://groups.google.com/d/topic/tosdr/ShwCMjNBd2o/discussion",
      "id": "637",
      "meta": {
        "author": "ToS;DR project",
        "contributors": [
          "see mailing list discussion"
        ],
        "license-for-this-file": "This work is licensed under the Creative Commons Attribution-ShareAlike 3.0 Unported License. To view a copy of this license, visit http://creativecommons.org/licenses/by-sa/3.0/ or send a letter to Creative Commons, 444 Castro Street, Suite 900, Mountain View, California, 94041, .USA",
        "spec-version": "1.1"
      },
      "needModeration": false,
      "quoteDoc": "Terms of Use",
      "quoteEnd": 14953,
      "quoteStart": 14415,
      "quoteText": "If you provide a Submission, whether by email or otherwise, you agree that it is non-confidential (unless Couchsurfing states otherwise in writing) and shall become the sole property of Couchsurfing.\nCouchsurfing shall own exclusive rights, including all intellectual property rights, and shall be entitled to the unrestricted use and dissemination of Submissions for any purpose, commercial or otherwise.\nYou acknowledge that Couchsurfing is not obligated to provide acknowledgment or compensation to you in exchange for Submissions.</p>",
      "services": [
        "couchsurfing"
      ],
      "slug": "ShwCMjNBd2o",
      "source": {
        "faq": "",
        "terms": ""
      },
      "title": "Couchsurfing becomes the owner of ideas you give them",
      "topics": [
        "ownership"
      ],
      "tosdr": {
        "binding": true,
        "case": "If you offer suggestions to the service, they become the owner of the ideas that you give them",
        "point": "bad",
        "score": 50,
        "tldr": "\"If you provide a \nSubmission, you agree that it is non-confidential (unless CouchSurfing \nstates otherwise in writing) and shall become the sole property of \nCouchSurfing.\""
      }
    },
    "668": {
      "discussion": "https://groups.google.com/d/topic/tosdr/9rIMjf6FifM/discussion",
      "id": "668",
      "meta": {
        "author": "ToS;DR project",
        "contributors": [
          "see mailing list discussion"
        ],
        "license-for-this-file": "This work is licensed under the Creative Commons Attribution-ShareAlike 3.0 Unported License. To view a copy of this license, visit http://creativecommons.org/licenses/by-sa/3.0/ or send a letter to Creative Commons, 444 Castro Street, Suite 900, Mountain View, California, 94041, .USA",
        "spec-version": "1.1"
      },
      "needModeration": false,
      "quoteDoc": "Terms of Use",
      "quoteEnd": 1699,
      "quoteStart": 1075,
      "quoteText": "\n<p>We reserve the right to make changes or modifications to these Terms, or any policy or guideline of our Services, at any time and in our sole discretion.\nIf Couchsurfing makes changes to these Terms, we will provide notice of such changes, including by revising the date at the top of these Terms.\nYour continued use of our Services following the posting of changes or modifications will constitute your acceptance of such changes or modifications.\nAccordingly, you should frequently review these Terms and applicable policies and guidelines to understand the terms and conditions that apply to your use of the Services.",
      "reason": "Duplicate of https://groups.google.com/forum/#!topic/tosdr/lb50aLuegoQ",
      "services": [
        "couchsurfing"
      ],
      "slug": "9rIMjf6FifM",
      "source": {
        "faq": "",
        "terms": ""
      },
      "title": " Terms may be changed any time at their discretion, without notice to the user ",
      "topics": [
        "changes"
      ],
      "tosdr": {
        "binding": true,
        "case": " Terms may be changed any time at their discretion, without notice to the user ",
        "irrelevant": false,
        "point": "bad",
        "reason": true,
        "score": 70,
        "tldr": "They will change the date on the document, and you will be considered to have accepted the change by continuing to use the service."
      }
    },
    "745": {
      "discussion": "https://groups.google.com/d/topic/tosdr/1wWcVuiCJ2Y/discussion",
      "id": "745",
      "meta": {
        "author": "ToS;DR project",
        "contributors": [
          "see mailing list discussion"
        ],
        "license-for-this-file": "This work is licensed under the Creative Commons Attribution-ShareAlike 3.0 Unported License. To view a copy of this license, visit http://creativecommons.org/licenses/by-sa/3.0/ or send a letter to Creative Commons, 444 Castro Street, Suite 900, Mountain View, California, 94041, .USA",
        "spec-version": "1.1"
      },
      "needModeration": false,
      "quoteDoc": "Terms of Use",
      "quoteEnd": 33679,
      "quoteStart": 33331,
      "quoteText": "Sections 3.5 (Release), 4 (Member Conduct and Content), 5 (Submissions), 9 (Trademarks), 11 (Third-Party Content), 14 (Member’s Representations and Warranties), 15 (Disclaimer of Warranties), 16 (Limits on Liability), 17 (Indemnity), 19 (Disputes), and this Section 20 (Miscellaneous) shall survive any termination or expiration of these Terms.</p>",
      "services": [
        "couchsurfing"
      ],
      "slug": "1wWcVuiCJ2Y",
      "source": {
        "faq": "",
        "terms": ""
      },
      "title": "Couchsurfing keeps the license on your content, even after you close your account",
      "topics": [
        "copyright-scope"
      ],
      "tosdr": {
        "binding": true,
        "case": "This service keeps a license on user-generated content even after users close their accounts.",
        "point": "bad",
        "score": 50,
        "tldr": "\"21.7 Survival. Sections 4.4 (Release), 5 (Member Conduct and \nContent), 6 (Submissions), 10 (Trademarks), 12 (Third-Party Content), \n15 (Member's Representations and Warranties), 16 (Disclaimer of \nWarranties), 17 (Limits on Liability), 18 (Indemnity), 20 (Disputes), \nand this Section 21 (Miscellaneous) shall survive any termination or \nexpiration of these Terms.\" \nsection 5 is the one that contains the license they get on your content."
      }
    },
    "832": {
      "discussion": "https://groups.google.com/d/topic/tosdr/e8kGDv4CIrQ/discussion",
      "id": "832",
      "meta": {
        "author": "ToS;DR project",
        "contributors": [
          "see mailing list discussion"
        ],
        "license-for-this-file": "This work is licensed under the Creative Commons Attribution-ShareAlike 3.0 Unported License. To view a copy of this license, visit http://creativecommons.org/licenses/by-sa/3.0/ or send a letter to Creative Commons, 444 Castro Street, Suite 900, Mountain View, California, 94041, .USA",
        "spec-version": "1.1"
      },
      "needModeration": false,
      "quoteDoc": "Privacy Policy",
      "quoteEnd": 14890,
      "quoteStart": 14596,
      "quoteText": "You may opt out of receiving promotional communications from Couchsurfing by following the instructions in those emails or by adjusting the appropriate settings in your profile.\nIf you opt out, we may still send you transactional or relationship messages, such as emails about your account.</p>",
      "services": [
        "couchsurfing"
      ],
      "slug": "e8kGDv4CIrQ",
      "source": {
        "faq": "",
        "terms": ""
      },
      "title": "Promotional communications are opt-out",
      "topics": [
        "user-choice"
      ],
      "tosdr": {
        "binding": true,
        "case": "You can opt out of promotional communications",
        "point": "good",
        "score": 10,
        "tldr": "\"You may opt out of receiving promotional emails from CouchSurfing by \nfollowing the instructions in those emails or by adjusting the \nappropriate settings in your profile.\" - this means the default is that they will send you\npromotional communications that you didn't ask them to send you."
      }
    },
    "845": {
      "discussion": "https://groups.google.com/d/topic/tosdr/dQV8notmhfI/discussion",
      "id": "845",
      "meta": {
        "author": "ToS;DR project",
        "contributors": [
          "see mailing list discussion"
        ],
        "license-for-this-file": "This work is licensed under the Creative Commons Attribution-ShareAlike 3.0 Unported License. To view a copy of this license, visit http://creativecommons.org/licenses/by-sa/3.0/ or send a letter to Creative Commons, 444 Castro Street, Suite 900, Mountain View, California, 94041, .USA",
        "spec-version": "1.1"
      },
      "needModeration": false,
      "services": [
        "couchsurfing"
      ],
      "slug": "dQV8notmhfI",
      "source": {
        "faq": "",
        "terms": ""
      },
      "title": "The copyright license on user data is broader than necessary",
      "topics": [
        "copyright-scope"
      ],
      "tosdr": {
        "binding": true,
        "case": "The copyright license maintained by the service over user data and/or content is broader than necessary.",
        "point": "bad",
        "score": 50,
        "tldr": "\"5.3 Member Content License. If you post Member Content to our \r\nServices, you hereby grant us a perpetual, worldwide, irrevocable, \r\nnon-exclusive, royalty-free and fully sublicensable license to use, \r\nreproduce, display, perform, adapt, modify, create derivative works \r\nfrom, distribute, have distributed and promote such Member Content in \r\nany form, in all media now known or hereinafter created and for any \r\npurpose, including without limitation the right to use your name, \r\nlikeness, voice or identity.\""
      }
    },
    "921": {
      "discussion": "https://groups.google.com/d/topic/tosdr/5StVgew5VbE/discussion",
      "id": "921",
      "meta": {
        "author": "ToS;DR project",
        "contributors": [
          "see mailing list discussion"
        ],
        "license-for-this-file": "This work is licensed under the Creative Commons Attribution-ShareAlike 3.0 Unported License. To view a copy of this license, visit http://creativecommons.org/licenses/by-sa/3.0/ or send a letter to Creative Commons, 444 Castro Street, Suite 900, Mountain View, California, 94041, .USA",
        "spec-version": "1.1"
      },
      "needModeration": false,
      "quoteDoc": "Terms of Use",
      "quoteEnd": 4284,
      "quoteStart": 3888,
      "quoteText": "\nCouchsurfing is not a party to, has no involvement or interest in, makes no representations or warranties as to, and has no responsibility or liability with respect to any communications, transactions, interactions, disputes or any relations whatsoever between you and any other member, person or organization.\nYou are solely responsible for your interactions with other members of our Services.",
      "services": [
        "couchsurfing"
      ],
      "slug": "5StVgew5VbE",
      "source": {
        "faq": "",
        "terms": ""
      },
      "title": "You cannot blame CouchSurfing for disputes you have with other users",
      "topics": [
        "governance"
      ],
      "tosdr": {
        "binding": true,
        "case": "This service cannot be held responsible for disputes that you may have with other users",
        "point": "neutral",
        "score": 0,
        "tldr": "\"Because our Services are merely a platform, in the event \nthat you have a dispute with one or more members, you release us (and \nour officers, directors, members, employees, agents and affiliates) \nfrom claims, demands and damages [...]\""
      }
    },
    "1030": {
      "discussion": "https://groups.google.com/d/topic/tosdr/x9BDfg-SFqY/discussion",
      "id": "1030",
      "meta": {
        "author": "ToS;DR project",
        "contributors": [
          "see mailing list discussion"
        ],
        "license-for-this-file": "This work is licensed under the Creative Commons Attribution-ShareAlike 3.0 Unported License. To view a copy of this license, visit http://creativecommons.org/licenses/by-sa/3.0/ or send a letter to Creative Commons, 444 Castro Street, Suite 900, Mountain View, California, 94041, .USA",
        "spec-version": "1.1"
      },
      "needModeration": false,
      "quoteDoc": "Privacy Policy",
      "quoteEnd": 7967,
      "quoteStart": 7789,
      "quoteText": "\n<li>In connection with, or during negotiations of, any merger, sale of company assets, financing or acquisition of all or a portion of our business to another company;</li>\n<li>",
      "services": [
        "couchsurfing"
      ],
      "slug": "x9BDfg-SFqY",
      "source": {
        "faq": "",
        "terms": ""
      },
      "title": "The service can sell or otherwise transfer your personal data as part of a bankruptcy proceeding or other type of financial transaction.",
      "topics": [
        "business-transfer"
      ],
      "tosdr": {
        "binding": true,
        "case": "The service can sell or otherwise transfer your personal data as part of a bankruptcy proceeding or other type of financial transaction.",
        "point": "bad",
        "score": 50,
        "tldr": "\"Sharing of Information \r\nWe do not share personal information about you with third parties \r\nexcept as follows: \r\n[...] \r\nIn connection with, or during negotiations of, any merger, sale of \r\ncompany assets, financing or acquisition of all or a portion of our \r\nbusiness to another company\". The consensus on this thread is that this is standard practice, so does not merit negative points."
      }
    },
    "1037": {
      "discussion": "https://groups.google.com/d/topic/tosdr/bYGefBK3R_I/discussion",
      "id": "1037",
      "meta": {
        "author": "ToS;DR project",
        "contributors": [
          "see mailing list discussion"
        ],
        "license-for-this-file": "This work is licensed under the Creative Commons Attribution-ShareAlike 3.0 Unported License. To view a copy of this license, visit http://creativecommons.org/licenses/by-sa/3.0/ or send a letter to Creative Commons, 444 Castro Street, Suite 900, Mountain View, California, 94041, .USA",
        "spec-version": "1.1"
      },
      "needModeration": false,
      "quoteDoc": "Privacy Policy",
      "quoteEnd": 14553,
      "quoteStart": 14155,
      "quoteText": "Most web browsers are set to accept cookies by default.\nHowever, you can choose to set your browser to remove or reject browser cookies.\nEach browser is a little different, so look at your browser's help menu to learn the correct way to modify your cookies, or visit www.allaboutcookies.org.\nPlease note, however, that our Services may not function properly if your browser does not accept cookies.",
      "services": [
        "couchsurfing"
      ],
      "slug": "bYGefBK3R_I",
      "source": {
        "faq": "",
        "terms": ""
      },
      "title": "Couchsurfing informs you about the fact that you can disable cookies",
      "topics": [
        "cookies",
        "user-info"
      ],
      "tosdr": {
        "binding": true,
        "case": "This service employs third-party cookies, but with opt-out instructions",
        "point": "bad",
        "score": 5,
        "tldr": "\"Cookies \nMost web browsers are set to accept cookies by default. If you prefer, \nyou can usually choose to set your browser to remove or reject browser \ncookies; however, our Services may not function properly if you do \nso.\""
      }
    },
    "1094": {
      "discussion": "https://groups.google.com/d/topic/tosdr/wOhc-Lscy_0/discussion",
      "id": "1094",
      "meta": {
        "author": "ToS;DR project",
        "contributors": [
          "see mailing list discussion"
        ],
        "license-for-this-file": "This work is licensed under the Creative Commons Attribution-ShareAlike 3.0 Unported License. To view a copy of this license, visit http://creativecommons.org/licenses/by-sa/3.0/ or send a letter to Creative Commons, 444 Castro Street, Suite 900, Mountain View, California, 94041, .USA",
        "spec-version": "1.1"
      },
      "needModeration": false,
      "quoteDoc": "Privacy Policy",
      "quoteEnd": 8507,
      "quoteStart": 8396,
      "quoteText": "We may also share aggregated or de-identified information, which cannot reasonably be used to identify you.</p>",
      "services": [
        "couchsurfing"
      ],
      "slug": "wOhc-Lscy_0",
      "source": {
        "faq": "",
        "terms": ""
      },
      "title": "Couchsurfing may share aggregated or anonymized information that does not directly identify you.",
      "topics": [
        "personal-data"
      ],
      "tosdr": {
        "binding": true,
        "case": "Your personal data is aggregated into statistics",
        "point": "neutral",
        "score": 10,
        "tldr": "\"We may also share aggregated or anonymized information that does not \ndirectly identify you.\""
      }
    },
    "6506": {
      "id": "6506",
      "quoteDoc": "Terms of Use",
      "quoteEnd": 23598,
      "quoteStart": 23543,
      "quoteText": "Paid Subscriptions automatically renew until cancelled.",
      "services": [
        "couchsurfing"
      ],
      "title": "You authorise the service to charge a credit card supplied on re-occurring basis",
      "topics": [],
      "tosdr": {
        "binding": true,
        "case": "You authorise the service to charge a credit card supplied on re-occurring basis",
        "point": "neutral",
        "privacyRelated": true,
        "score": 50,
        "tldr": "Generated through the annotate view"
      }
    },
    "6509": {
      "id": "6509",
      "quoteDoc": "Terms of Use",
      "quoteEnd": 31000,
      "quoteStart": 30896,
      "quoteText": "You and Couchsurfing agree to arbitrate any dispute arising from these Terms or relating to the Services",
      "services": [
        "couchsurfing"
      ],
      "title": "This service forces users into binding arbitration in the case of disputes",
      "topics": [],
      "tosdr": {
        "binding": true,
        "case": "This service forces users into binding arbitration in the case of disputes",
        "point": "bad",
        "score": 50,
        "tldr": "Generated through the annotate view"
      }
    },
    "6512": {
      "id": "6512",
      "quoteDoc": "Terms of Use",
      "quoteEnd": 29449,
      "quoteStart": 29191,
      "quoteText": "You shall defend, indemnify and hold harmless Couchsurfing (and each of our officers, directors, members, employees, agents and affiliates) from any claim, demand, action, damage, loss, cost or expense, including without limitation reasonable attorneys’ fees",
      "services": [
        "couchsurfing"
      ],
      "title": "You agree to defend, indemnify, and hold the service harmless in case of a claim related to your use of the service",
      "topics": [],
      "tosdr": {
        "binding": true,
        "case": "You agree to defend, indemnify, and hold the service harmless in case of a claim related to your use of the service",
        "point": "bad",
        "score": 60,
        "tldr": "Generated through the annotate view"
      }
    },
    "6515": {
      "id": "6515",
      "quoteDoc": "Terms of Use",
      "quoteEnd": 10395,
      "quoteStart": 10233,
      "quoteText": "We have no obligation to post Member Content from you or anyone else and we may, in our sole discretion, edit, remove or delete any Member Content without notice.",
      "services": [
        "couchsurfing"
      ],
      "title": "The service can delete specific content without prior notice and without a reason",
      "topics": [],
      "tosdr": {
        "binding": true,
        "case": "The service can delete specific content without prior notice and without a reason",
        "point": "blocker",
        "score": 50,
        "tldr": "Generated through the annotate view"
      }
    }
  },
  "urls": [
    "couchsurfing.org"
  ]
}