{
  "alexa": 1727,
  "class": false,
  "links": {},
  "points": [
    "5324",
    "5326",
    "5332",
    "5338",
    "5342",
    "5344"
  ],
  "pointsData": {
    "5324": {
      "id": "5324",
      "needModeration": false,
      "quoteDoc": "Privacy Policy",
      "quoteEnd": 1663,
      "quoteStart": 1518,
      "quoteText": "Technologies such as: cookies, beacons, tags and scripts are used by the Website and our partners, affiliates, or analytics or service providers.",
      "services": [
        "coursehero"
      ],
      "title": "The service may use tracking pixels, web beacons, browser fingerprinting, and/or device fingerprinting on users.",
      "topics": [],
      "tosdr": {
        "binding": true,
        "case": "The service may use tracking pixels, web beacons, browser fingerprinting, and/or device fingerprinting on users.",
        "point": "bad",
        "privacyRelated": true,
        "score": 50,
        "tldr": "The Privacy Policy states, \"Technologies such as: cookies, beacons, tags and scripts are used by the Website and our partners, affiliates, or analytics or service providers.\""
      }
    },
    "5326": {
      "id": "5326",
      "needModeration": false,
      "quoteDoc": "Privacy Policy",
      "quoteEnd": 2192,
      "quoteStart": 2061,
      "quoteText": "If you reject cookies, you may still use our Website, but your ability to use some features or areas of our Website may be limited.",
      "services": [
        "coursehero"
      ],
      "title": "Blocking cookies may limit your ability to use the service",
      "topics": [],
      "tosdr": {
        "binding": true,
        "case": "Blocking cookies may limit your ability to use the service",
        "point": "bad",
        "score": 50,
        "tldr": "Generated through the annotate view"
      }
    },
    "5332": {
      "id": "5332",
      "needModeration": false,
      "quoteDoc": "Terms of Use",
      "quoteEnd": 3272,
      "quoteStart": 2685,
      "quoteText": " The Children’s Online Privacy Protection Act (“COPPA”) requires that online service providers obtain parental consent before they knowingly collect personally identifiable information online from children who are under 13.\nWe do not knowingly collect or solicit personally identifiable information from children under 13.\nif you are a child under 13, please do not attempt to register for the Services or send any personal information about yourself to us.\nIf we learn we have collected personal information from a child under 13, we will delete that information as quickly as possible.",
      "services": [
        "coursehero"
      ],
      "title": "This service is only available to users of a certain age",
      "topics": [],
      "tosdr": {
        "binding": true,
        "case": "This service is only available to users of a certain age",
        "point": "neutral",
        "score": 15,
        "tldr": "Generated through the annotate view"
      }
    },
    "5338": {
      "id": "5338",
      "needModeration": false,
      "quoteDoc": "Terms of Use",
      "quoteEnd": 37904,
      "quoteStart": 37744,
      "quoteText": "YOU UNDERSTAND AND AGREE THAT BY ENTERING INTO THESE TERMS, YOU AND COURSE HERO ARE EACH WAIVING THE RIGHT TO TRIAL BY JURY OR TO PARTICIPATE IN A CLASS ACTION.",
      "services": [
        "coursehero"
      ],
      "title": "You waive your right to a class action.",
      "topics": [],
      "tosdr": {
        "binding": true,
        "case": "You waive your right to a class action.",
        "point": "bad",
        "score": 50,
        "tldr": "Generated through the annotate view"
      }
    },
    "5342": {
      "id": "5342",
      "needModeration": false,
      "quoteDoc": "Terms of Use",
      "quoteEnd": 17658,
      "quoteStart": 17365,
      "quoteText": "You understand and agree that if you delete your account, it may not be possible to completely delete that content from Course Hero’s records, and that your Submissions will remain viewable elsewhere as part of the Services and to the extent that they were downloaded or stored by other Users.",
      "services": [
        "coursehero"
      ],
      "title": "This service holds onto content that you've deleted",
      "topics": [],
      "tosdr": {
        "binding": true,
        "case": "This service holds onto content that you've deleted",
        "point": "blocker",
        "score": 30,
        "tldr": "The Terms of Use state, \"You understand and agree that if you delete your account, it may not be possible to completely delete that content from Course Hero’s records, and that your Submissions will remain viewable elsewhere as part of the Services and to the extent that they were downloaded or stored by other Users.\""
      }
    },
    "5344": {
      "id": "5344",
      "needModeration": false,
      "quoteDoc": "Terms of Use",
      "quoteEnd": 14854,
      "quoteStart": 14709,
      "quoteText": "“Crawls,” “scrapes,” or “spiders” any page, data or portion of or relating to the Services or Content (through use of manual or automated means).",
      "services": [
        "coursehero"
      ],
      "title": "Users cannot scrape the website of the service",
      "topics": [],
      "tosdr": {
        "binding": true,
        "case": "Users cannot scrape the website of the service",
        "point": "bad",
        "score": 20,
        "tldr": "The Terms of Use state, \"You represent, warrant, and agree that you will not contribute any Submission that, or otherwise use the Services or interact with the Services in a manner that . . . \"Crawls,\" \"scrapes,\" or \"spiders\" any page, data or portion of or relating to the Services or Content (through use of manual or automated means).\""
      }
    }
  },
  "urls": [
    "coursehero.com"
  ]
}