{
  "alexa": 105,
  "class": false,
  "links": {
    "Privacy Policy": {
      "name": "Privacy Policy",
      "url": "http://www.craigslist.org/about/privacy_policy"
    }
  },
  "points": [
    "1792",
    "2037"
  ],
  "pointsData": {
    "1792": {
      "discussion": "https://groups.google.com/forum#!topic/tosdr/oytGUk-m-Lw",
      "id": "1792",
      "needModeration": false,
      "quoteDoc": "Terms of Use",
      "quoteEnd": 2081,
      "quoteStart": 1663,
      "quoteText": "you agree not to use or provide software (except general purpose web browsers and email clients) or services that interact or interoperate with CL, e.g.\nfor downloading, uploading, creating/accessing/using an account, posting, flagging, emailing, searching, or mobile use.\nYou agree not to copy/collect CL content via robots, spiders, scripts, scrapers, crawlers, or any automated or manual equivalent (e.g., by hand).",
      "services": [
        "craigslist"
      ],
      "slug": "oytGUk-m-Lw",
      "title": "Users cannot scrape the website of the service",
      "topics": [],
      "tosdr": {
        "binding": true,
        "case": "Users cannot scrape the website of the service",
        "point": "bad",
        "score": 20,
        "tldr": "Craigslist.org [Bad] No scraping"
      }
    },
    "2037": {
      "discussion": "https://groups.google.com/forum#!topic/tosdr/eni8o-3N1JQ",
      "id": "2037",
      "needModeration": false,
      "quoteDoc": "Terms of Use",
      "quoteEnd": 7126,
      "quoteStart": 6756,
      "quoteText": "Any claim, cause of action, demand, or dispute arising from or related to CL (\"Claims\") will be governed by the internal laws of California, without regard to conflict of law provisions, except to the extent governed by US federal law.\nAny Claims will be exclusively resolved by courts in San Francisco, CA (except we may seek preliminary or injunctive relief anywhere).",
      "services": [
        "craigslist"
      ],
      "slug": "eni8o-3N1JQ",
      "title": "The court of law governing the terms is in California",
      "topics": [],
      "tosdr": {
        "binding": true,
        "case": "The court of law governing the terms is in location X",
        "point": "neutral",
        "score": 0,
        "tldr": "Craigslist.org [Info] California Jurisdiction"
      }
    }
  },
  "urls": [
    "craigslist.org"
  ]
}