{
  "alexa": 1199,
  "class": false,
  "links": {},
  "points": [
    "2463",
    "4434"
  ],
  "pointsData": {
    "2463": {
      "approved": false,
      "id": "2463",
      "needModeration": false,
      "quoteDoc": "",
      "quoteText": "",
      "services": [
        "creditkarma"
      ],
      "slug": "JAhPTHzPRgm3sTzY4",
      "submittedBy": "ELDAbHLCWaLpyQqz3",
      "title": "This service ignores the Do Not Track (DNT) header and tracks users anyway even if they set this header.",
      "topics": [
        "track",
        "third",
        "track",
        "user-choice"
      ],
      "tosdr": {
        "binding": true,
        "case": "This service ignores the Do Not Track (DNT) header and tracks users anyway even if they set this header.",
        "point": "bad",
        "score": 60,
        "sources": [
          "https://www.creditkarma.com/about/privacy"
        ],
        "tldr": "Even though the Do Not Track (DNT) header was not implemented perfectly, services should not track users whose browsers send a DNT header."
      }
    },
    "4434": {
      "id": "4434",
      "needModeration": false,
      "services": [
        "creditkarma"
      ],
      "title": "The terms for this service are easy to read and include plain language summaries",
      "topics": [],
      "tosdr": {
        "binding": true,
        "case": "The terms for this service are easy to read",
        "point": "good",
        "score": 15,
        "tldr": "Terms include a table of contents and most, but not all, sections include a plain language summary."
      }
    }
  },
  "urls": [
    "creditkarma.com"
  ]
}