{
  "alexa": 522,
  "class": false,
  "links": {},
  "points": [
    "5034"
  ],
  "pointsData": {
    "5034": {
      "id": "5034",
      "needModeration": false,
      "quoteDoc": "Privacy Policy",
      "quoteEnd": 17692,
      "quoteStart": 17088,
      "quoteText": "We do not knowingly collect personal data from minors under 16 years of age.\nIf you are a parent or legal guardian and become aware that your child has provided personal data to us, you can contact us at privacy@ellation.com and request to review and/or delete any unauthorized information provided by your child.\nTHESE SERVICES ARE INTENDED FOR A MATURE AUDIENCE AND NOT DIRECTED TO CHILDREN UNDER THE AGE OF 16 YEARS OF AGE.\n</li>\n<li> IF YOU ARE UNDER 16 YEARS OF AGE, THEN YOU ARE NOT PERMITTED TO USE OR ACCESS THE SERVICES AT ANY TIME OR IN ANY MANNER WITHOUT AN ADULT’S PERMISSION AND SUPERVISION.",
      "services": [
        "crunchyroll"
      ],
      "title": "This service is only available to users of a certain age (16 years old)",
      "topics": [],
      "tosdr": {
        "binding": true,
        "case": "This service is only available to users of a certain age",
        "point": "neutral",
        "score": 15,
        "tldr": "They do not allow children under 16 on the platform unless allowed and under supervision by the parents. Data can be removed by mailing privacy@ellation.com\r\n"
      }
    }
  },
  "urls": [
    "crunchyroll.com",
    "store.crunchyroll.com"
  ]
}