{
  "alexa": 1000000,
  "class": "D",
  "links": {
    "Privacy Policy": {
      "name": "Privacy Policy",
      "url": "https://del.icio.us/privacy"
    },
    "Terms of Service": {
      "name": "Terms of Service",
      "url": "https://del.icio.us/terms"
    },
    "privacy": {
      "name": "Delicious Privacy Policy",
      "url": "http://www.delicious.com/privacy"
    }
  },
  "points": [
    "981"
  ],
  "pointsData": {
    "981": {
      "discussion": "https://groups.google.com/forum/#!topic/tosdr/lJGsikCSEJ8",
      "id": "981",
      "license-for-this-file": "This work is licensed under the Creative Commons Attribution-ShareAlike 3.0 Unported License. To view a copy of this license, visit http://creativecommons.org/licenses/by-sa/3.0/ or send a letter to Creative Commons, 444 Castro Street, Suite 900, Mountain View, California, 94041, .USA",
      "needModeration": false,
      "services": [
        "delicious"
      ],
      "slug": "lJGsikCSEJ8",
      "source": "http://www.delicious.com/privacy",
      "title": "Your personal information are an asset for business transfers",
      "topics": [
        "business-transfer"
      ],
      "tosdr": {
        "binding": true,
        "case": "may sell your data in merger",
        "point": "bad",
        "privacyRelated": true,
        "score": 20,
        "tldr": "Delicious “may sell, transfer or otherwise share some or all of its assets, including your Personal Information, in connection with a merger, acquisition, reorganization or sale of assets or in the event of bankruptcy.”"
      }
    }
  },
  "twitter": "@Delicious",
  "urls": [
    "del.icio.us"
  ]
}