{
  "alexa": 168,
  "class": false,
  "links": {
    "Copyright Policy": {
      "name": "Copyright Policy",
      "url": "http://about.deviantart.com/policy/copyright/"
    },
    "Etiquette Policy": {
      "name": "Etiquette Policy",
      "url": "http://about.deviantart.com/policy/etiquette/"
    },
    "Privacy Policy": {
      "name": "Privacy Policy",
      "url": "http://about.deviantart.com/policy/privacy/"
    },
    "Terms of Service": {
      "name": "Terms of Service",
      "url": "http://about.deviantart.com/policy/service/"
    }
  },
  "points": [
    "5718",
    "5719"
  ],
  "pointsData": {
    "5718": {
      "id": "5718",
      "quoteDoc": "Terms of Service",
      "quoteEnd": 1510,
      "quoteStart": 1292,
      "quoteText": "This Service is provided by DeviantArt on an \"AS IS\" and \"AS AVAILABLE\" basis and DeviantArt reserves the right to modify, suspend or discontinue the Service, in its sole discretion, at any time and without notice.\n<b>",
      "services": [
        "deviantart"
      ],
      "title": "The service is provided 'as is' and to be used at the users' sole risk",
      "topics": [],
      "tosdr": {
        "binding": true,
        "case": "The service is provided 'as is' and to be used at the users' sole risk",
        "point": "bad",
        "score": 20,
        "tldr": "Generated through the annotate view"
      }
    },
    "5719": {
      "id": "5719",
      "quoteDoc": "Terms of Service",
      "quoteEnd": 3088,
      "quoteStart": 2969,
      "quoteText": "DeviantArt does not claim ownership rights in your works or other materials posted by you to DeviantArt (Your Content).",
      "services": [
        "deviantart"
      ],
      "title": "You maintain ownership of your data",
      "topics": [],
      "tosdr": {
        "binding": true,
        "case": "You maintain ownership of your data",
        "point": "good",
        "score": 50,
        "tldr": "Generated through the annotate view"
      }
    }
  },
  "urls": [
    "deviantart.com"
  ]
}