{
  "alexa": 523,
  "class": false,
  "links": {
    "Privacy Policy": {
      "name": "Privacy Policy",
      "url": "http://dictionary.reference.com/help/privacy.html"
    },
    "Terms of Service & Privacy Policy": {
      "name": "Terms of Service & Privacy Policy",
      "url": "http://www.dictionary.com/e/terms/"
    }
  },
  "points": [
    "1135",
    "5023"
  ],
  "pointsData": {
    "1135": {
      "id": "1135",
      "needModeration": false,
      "quoteDoc": "Privacy & Cookie Policy, Terms of Service",
      "quoteEnd": 1657,
      "quoteStart": 1452,
      "quoteText": "cookies, web beacons, pixel tags, clear gifs, and other similar files or technologies may be used to collect and store the information automatically collected about your computer, device, and Service usage",
      "services": [
        "dictionary-com"
      ],
      "slug": "1135",
      "title": "The service may use tracking pixels, web beacons, browser fingerprinting, and/or device fingerprinting on users.",
      "topics": [],
      "tosdr": {
        "binding": true,
        "case": "The service may use tracking pixels, web beacons, browser fingerprinting, and/or device fingerprinting on users.",
        "point": "bad",
        "privacyRelated": true,
        "score": 50,
        "tldr": "\"When you use the Services, we automatically collect and store [...] Technical information about your computer or mobile device (such as type of device, web browser or operating system)\""
      }
    },
    "5023": {
      "id": "5023",
      "needModeration": false,
      "quoteDoc": "Privacy & Cookie Policy, Terms of Service",
      "quoteEnd": 9198,
      "quoteStart": 8873,
      "quoteText": "Third-parties who provide us with products and services may also place cookies, ad tags and/or beacons that collect the information outlined above in order to provide us with products and services including, analytics tools (Google Analytics), functionalities like playing video content (Brightcove) and targeted advertising.",
      "services": [
        "dictionary-com"
      ],
      "title": "This service allows tracking via third-party cookies for purposes including targeted advertising.",
      "topics": [],
      "tosdr": {
        "binding": true,
        "case": "Tracking via third-party cookies for other purposes without your consent.",
        "point": "bad",
        "privacyRelated": true,
        "score": 70,
        "tldr": "Generated through the annotate view"
      }
    }
  },
  "urls": [
    "dictionary.com"
  ]
}