{
  "alexa": 523,
  "class": false,
  "links": {
    "Privacy Policy": {
      "name": "Privacy Policy",
      "url": "http://dictionary.reference.com/help/privacy.html"
    },
    "Terms of Service & Privacy Policy": {
      "name": "Terms of Service & Privacy Policy",
      "url": "http://www.dictionary.com/e/terms/"
    }
  },
  "points": [
    "1280"
  ],
  "pointsData": {
    "1280": {
      "id": "1280",
      "services": [
        "dictionary"
      ],
      "slug": "1516402800017",
      "title": "Dictionary.com may collect your device fingerprint.",
      "topics": [],
      "tosdr": {
        "binding": true,
        "case": "Device fingerprinting",
        "point": "bad",
        "privacyRelated": true,
        "score": "50",
        "tldr": "\"When you use the Services, we automatically collect and store [...] Technical information about your computer or mobile device (such as type of device, web browser or operating system)\""
      }
    }
  },
  "urls": [
    "dictionary.com"
  ]
}