{
  "alexa": 162541,
  "class": false,
  "links": {},
  "points": [
    "6791",
    "6792",
    "6793"
  ],
  "pointsData": {
    "6791": {
      "id": "6791",
      "quoteDoc": "Cookie Policy",
      "quoteEnd": 2996,
      "quoteStart": 2961,
      "quoteText": "Last Update: May 2018</strong>\n</p>",
      "services": [
        "digitaladvertisingplatform|reklamstore"
      ],
      "title": "There is a date of the last update of the terms",
      "topics": [],
      "tosdr": {
        "binding": true,
        "case": "There is a date of the last update of the terms",
        "point": "neutral",
        "score": 50,
        "tldr": "Generated through the annotate view"
      }
    },
    "6792": {
      "id": "6792",
      "quoteDoc": "Terms and Conditions",
      "quoteEnd": 6595,
      "quoteStart": 6393,
      "quoteText": "REKLAMSTORE USERS UNDERSTAND AND AGREE THAT THIS WEBSITE AND ITS CONTENT, MATERIALS, AND PRODCUTS ARE PRESENTED TO YOU AS IS AND HOWEVER IT IS AVAILABLE.\nWHEN YOU USE REKLAMSTORE IT IS AT YOUR OWN RISK.",
      "services": [
        "digitaladvertisingplatform|reklamstore"
      ],
      "title": "The service is provided 'as is' and to be used at the users' sole risk",
      "topics": [],
      "tosdr": {
        "binding": true,
        "case": "The service is provided 'as is' and to be used at the users' sole risk",
        "point": "bad",
        "score": 20,
        "tldr": "Generated through the annotate view"
      }
    },
    "6793": {
      "id": "6793",
      "quoteDoc": "Privacy Policy",
      "quoteEnd": 11603,
      "quoteStart": 11503,
      "quoteText": "Third parties to whom we may choose to sell, transfer, or merge parts of our business or our assets.",
      "services": [
        "digitaladvertisingplatform|reklamstore"
      ],
      "title": "The service can sell or otherwise transfer your personal data as part of a bankruptcy proceeding or other type of financial transaction.",
      "topics": [],
      "tosdr": {
        "binding": true,
        "case": "The service can sell or otherwise transfer your personal data as part of a bankruptcy proceeding or other type of financial transaction.",
        "point": "bad",
        "score": 50,
        "tldr": "Generated through the annotate view"
      }
    }
  },
  "urls": [
    "reklamstore.com"
  ]
}