{
  "class": false,
  "links": {},
  "points": [
    "6502",
    "6503",
    "6504",
    "6505",
    "6507",
    "6508",
    "6510",
    "6511",
    "6513",
    "6514",
    "6516",
    "6517"
  ],
  "pointsData": {
    "6502": {
      "id": "6502",
      "quoteDoc": "Privacy Policy",
      "quoteEnd": 4568,
      "quoteStart": 4121,
      "quoteText": "<p>DiscourseHosting.com has the discretion to update this privacy policy at any time.\nWhen we do, we will revise the updated date at the bottom of this page.\nWe encourage Users to frequently check this page for any changes to stay informed about how we are helping to protect the personal information we collect.\nYou acknowledge and agree that it is your responsibility to review this privacy policy periodically and become aware of modifications.",
      "services": [
        "discoursehosting"
      ],
      "title": "The privacy policy may be changed any time at their discretion, without notice to the user ",
      "topics": [],
      "tosdr": {
        "binding": true,
        "case": " Terms may be changed any time at their discretion, without notice to the user ",
        "point": "bad",
        "score": 70,
        "tldr": "Their privacy policy state: \"DiscourseHosting.com has the discretion to update this privacy policy at any time. When we do, we will revise the updated date at the bottom of this page. We encourage Users to frequently check this page for any changes to stay informed about how we are helping to protect the personal information we collect. You acknowledge and agree that it is your responsibility to review this privacy policy periodically and become aware of modifications.\""
      }
    },
    "6503": {
      "id": "6503",
      "quoteDoc": "Terms of Service",
      "quoteEnd": 6127,
      "quoteStart": 5950,
      "quoteText": "Changes to the TOS\n<p>DiscourseHosting reserves the right to amend any or all of the above policies, guidelines and disclaimer upon thirty (30) days prior written notice to you.",
      "services": [
        "discoursehosting"
      ],
      "title": "When the service wants to change its Terms of Service, users are notified a month or more in advance",
      "topics": [],
      "tosdr": {
        "binding": true,
        "case": "When the service wants to change its terms, users are notified a month or more in advance",
        "point": "good",
        "score": 40,
        "tldr": "As stated in the Terms of Service, DiscourseHosting reserves the right to amend any or all of the above policies, guidelines and disclaimer upon thirty (30) days prior written notice to you."
      }
    },
    "6504": {
      "id": "6504",
      "quoteDoc": "Terms of Service",
      "quoteEnd": 4429,
      "quoteStart": 3996,
      "quoteText": "Customer agrees that it shall defend, indemnify, save and hold DiscourseHosting harmless from any and all demands, liabilities, losses, costs and claims, including reasonable attorney’s fees asserted against DiscourseHosting, its agents, its customers, officers and employees, that may arise or result from any service provided or performed or agreed to be performed or any product sold by customer, its agents, employees or assigns.",
      "services": [
        "discoursehosting"
      ],
      "title": "You agree to defend, indemnify, and hold the service harmless in case of a claim related to your use of the service",
      "topics": [],
      "tosdr": {
        "binding": true,
        "case": "You agree to defend, indemnify, and hold the service harmless in case of a claim related to your use of the service",
        "point": "bad",
        "score": 60,
        "tldr": "Generated through the annotate view"
      }
    },
    "6505": {
      "id": "6505",
      "quoteDoc": "Terms of Service",
      "quoteEnd": 3220,
      "quoteStart": 2944,
      "quoteText": "We offer an uptime guarantee of 99.9%.\nAny downtime over 0.1% will be refunded with a prorated fee based on actual downtime per month.\nOur network and servers are monitored continuously, and are rarely down except for scheduled maintenance and hardware and software upgrades.\n",
      "services": [
        "discoursehosting"
      ],
      "title": "Accessibility to this service is guaranteed at 99.9%",
      "topics": [],
      "tosdr": {
        "binding": true,
        "case": "Accessibility to this service is guaranteed at 99% or more",
        "point": "good",
        "score": 10,
        "tldr": "The Terms of Service state: \"We offer an uptime guarantee of 99.9%. Any downtime over 0.1% will be refunded with a prorated fee based on actual downtime per month. Our network and servers are monitored continuously, and are rarely down except for scheduled maintenance and hardware and software upgrades.\""
      }
    },
    "6507": {
      "id": "6507",
      "quoteDoc": "Terms of Service",
      "quoteEnd": 3496,
      "quoteStart": 3272,
      "quoteText": "DiscourseHosting shall not be responsible for any claimed damages, including incidental and consequential damages, which may arise from DiscourseHosting’ servers going off-line or being unavailable for any reason whatsoever.",
      "services": [
        "discoursehosting"
      ],
      "title": "This service assumes no liability for any losses or damages resulting from any matter relating to the service",
      "topics": [],
      "tosdr": {
        "binding": true,
        "case": "This service assumes no liability for any losses or damages resulting from any matter relating to the service",
        "point": "bad",
        "score": 50,
        "tldr": "Generated through the annotate view"
      }
    },
    "6508": {
      "id": "6508",
      "quoteDoc": "Terms of Service",
      "quoteEnd": 3993,
      "quoteStart": 3792,
      "quoteText": "Certain services provided by DiscourseHosting are resold.\nThus, certain equipment, routing, software and programming used by DiscourseHosting are not directly owned or written by DiscourseHosting.</p>\n",
      "services": [
        "discoursehosting"
      ],
      "title": "Third parties may be involved in operating the service",
      "topics": [],
      "tosdr": {
        "binding": true,
        "case": "Third parties may be involved in operating the service",
        "point": "bad",
        "score": 15,
        "tldr": "Generated through the annotate view"
      }
    },
    "6510": {
      "id": "6510",
      "quoteDoc": "Privacy Policy",
      "quoteEnd": 2148,
      "quoteStart": 1969,
      "quoteText": "User may choose to set their web browser to refuse cookies, or to alert you when cookies are being sent.\nIf they do so, note that some parts of the Site may not function properly.",
      "services": [
        "discoursehosting"
      ],
      "title": "Blocking cookies may limit your ability to use the service",
      "topics": [],
      "tosdr": {
        "binding": true,
        "case": "Blocking cookies may limit your ability to use the service",
        "point": "bad",
        "score": 50,
        "tldr": "Generated through the annotate view"
      }
    },
    "6511": {
      "id": "6511",
      "quoteDoc": "Privacy Policy",
      "quoteEnd": 3850,
      "quoteStart": 3767,
      "quoteText": "We do not sell, trade, or rent Users personal identification information to others.",
      "services": [
        "discoursehosting"
      ],
      "title": "This service does not sell your personal data",
      "topics": [],
      "tosdr": {
        "binding": true,
        "case": "This service does not sell your personal data",
        "point": "good",
        "score": 25,
        "tldr": "Generated through the annotate view"
      }
    },
    "6513": {
      "id": "6513",
      "quoteDoc": "Privacy Policy",
      "quoteEnd": 4085,
      "quoteStart": 3850,
      "quoteText": "\nWe may share generic aggregated demographic information not linked to any personal identification information regarding visitors and users with our business partners, trusted affiliates and advertisers for the purposes outlined above.",
      "services": [
        "discoursehosting"
      ],
      "title": "Only aggregate data is given to third parties",
      "topics": [],
      "tosdr": {
        "binding": true,
        "case": "Only aggregate data is given to third parties",
        "point": "neutral",
        "score": 10,
        "tldr": "Generated through the annotate view"
      }
    },
    "6514": {
      "id": "6514",
      "quoteDoc": "Privacy Policy",
      "quoteEnd": 5227,
      "quoteStart": 5177,
      "quoteText": "This document was last updated on October 18, 2013",
      "services": [
        "discoursehosting"
      ],
      "title": "There is a date of the last update of the terms",
      "topics": [],
      "tosdr": {
        "binding": true,
        "case": "There is a date of the last update of the terms",
        "point": "neutral",
        "score": 50,
        "tldr": "Generated through the annotate view"
      }
    },
    "6516": {
      "id": "6516",
      "quoteDoc": "Privacy Policy",
      "quoteEnd": 2616,
      "quoteStart": 2485,
      "quoteText": "We may use information in the aggregate to understand how our Users as a group use the services and resources provided on our Site.",
      "services": [
        "discoursehosting"
      ],
      "title": "Your personal data is aggregated into statistics",
      "topics": [],
      "tosdr": {
        "binding": true,
        "case": "Your personal data is aggregated into statistics",
        "point": "neutral",
        "score": 10,
        "tldr": "Generated through the annotate view"
      }
    },
    "6517": {
      "id": "6517",
      "services": [
        "discoursehosting"
      ],
      "title": "The service is not transparent regarding government requests or inquiries that may involve user data. ",
      "topics": [],
      "tosdr": {
        "binding": true,
        "case": "The service is not transparent regarding government requests or inquiries that may involve user data. ",
        "point": "bad",
        "score": 30,
        "tldr": "The Terms of Service and Privacy Policy do not address issues of compliance with government requests or inquiries that may involve user data."
      }
    }
  },
  "urls": [
    "discoursehosting.com"
  ]
}