{
  "alexa": 759,
  "class": false,
  "links": {
    "Privacy Policy": {
      "name": "Privacy Policy",
      "url": "https://help.disqus.com/terms-and-policies/disqus-privacy-policy"
    },
    "Terms of Service": {
      "name": "Terms of Service",
      "url": "https://help.disqus.com/terms-and-policies/terms-of-service"
    },
    "terms": {
      "name": "Terms and Policies",
      "url": "http://docs.disqus.com/kb/terms-and-policies/"
    }
  },
  "points": [
    "6856",
    "6857",
    "938"
  ],
  "pointsData": {
    "938": {
      "discussion": "https://groups.google.com/d/msg/tosdr/lb50aLuegoQ/Vko5nZqx4M8J",
      "id": "938",
      "meta": {
        "author": "Hugo for “Terms of Service; Didn't Read”",
        "contributors": [
          "Hugo Roy <hugo@unhosted.org>"
        ],
        "license-for-this-file": "This work is licensed under the Creative Commons Attribution-ShareAlike 3.0 Unported License. To view a copy of this license, visit http://creativecommons.org/licenses/by-sa/3.0/ or send a letter to Creative Commons, 444 Castro Street, Suite 900, Mountain View, California, 94041, .USA",
        "spec-version": "1.1"
      },
      "needModeration": false,
      "quoteDoc": "Privacy Policy",
      "quoteEnd": 26707,
      "quoteStart": 26350,
      "quoteText": "Disqus may, in its sole discretion, modify or update this Privacy Policy from time to time, and so you should review this page periodically.\nWhen we change the policy, we will update the ‘last modified’ date at the bottom of this page.\nYour continued use of the Site following the posting of any changes to this policy means you accept such changes.</p>\n<p>",
      "services": [
        "disqus"
      ],
      "slug": "any-time-without-notice-disqus",
      "title": "Terms may be changed any time at their discretion, without notice to the user",
      "topics": [
        "changes-notice"
      ],
      "tosdr": {
        "binding": true,
        "case": " Terms may be changed any time at their discretion, without notice to the user ",
        "point": "bad",
        "score": 70,
        "tldr": "They can change the terms of service any time they see fit, even without notification to the user. Your use of the service supposedly constitutes acceptance of the changes in the terms."
      }
    },
    "6856": {
      "id": "6856",
      "quoteDoc": "Privacy Policy",
      "quoteEnd": 49,
      "quoteStart": 29,
      "quoteText": "Updated May 24, 2018",
      "services": [
        "disqus"
      ],
      "title": "There is a date of the last update of the terms",
      "topics": [],
      "tosdr": {
        "binding": true,
        "case": "There is a date of the last update of the terms",
        "point": "neutral",
        "score": 50,
        "tldr": "Generated through the annotate view"
      }
    },
    "6857": {
      "id": "6857",
      "quoteDoc": "Terms of Service",
      "quoteEnd": 21220,
      "quoteStart": 20620,
      "quoteText": "<p>You agree to defend, indemnify and hold harmless Disqus and its subsidiaries, agents, licensors, managers, and other affiliated companies, and their employees, contractors, agents, officers and directors, from and against any and all claims, damages, obligations, losses, liabilities, costs or debt, and expenses (including but not limited to attorney’s fees) relating to your use of Service or actions taken through the Service, your User Content or any other data or content transmitted or received by you.\nor your violation of applicable law, third party proprietary rights or these Terms. </p>",
      "services": [
        "disqus"
      ],
      "title": "You agree to defend, indemnify, and hold the service harmless in case of a claim related to your use of the service",
      "topics": [],
      "tosdr": {
        "binding": true,
        "case": "You agree to defend, indemnify, and hold the service harmless in case of a claim related to your use of the service",
        "point": "bad",
        "score": 60,
        "tldr": "Generated through the annotate view"
      }
    }
  },
  "urls": [
    "disqus.com"
  ]
}