{
  "class": false,
  "links": {},
  "points": [
    "6647"
  ],
  "pointsData": {
    "6647": {
      "id": "6647",
      "quoteDoc": "DIY TUBE Terms and Conditions",
      "quoteEnd": 3993,
      "quoteStart": 3565,
      "quoteText": "The entire compilation of the content found on this website is the exclusive property of DIY TUBE <strong>and</strong> content creators, with copyright authorship for this compilation held <strong>by their respective owners</strong>.\nSimply stated, all content belongs to the original content creator.</p>\n<p>Content creators retain all rights and ownership to their content at all times.\nThis includes copyright protection.</p>",
      "services": [
        "diytubevideocommunity"
      ],
      "title": "You maintain ownership of your data",
      "topics": [],
      "tosdr": {
        "binding": true,
        "case": "You maintain ownership of your data",
        "point": "good",
        "score": 50,
        "tldr": "Generated through the annotate view"
      }
    }
  },
  "urls": [
    "diytube.video"
  ]
}