{
  "alexa": 553346,
  "class": false,
  "links": {},
  "points": [
    "4566"
  ],
  "pointsData": {
    "4566": {
      "id": "4566",
      "quoteDoc": "Privacy Statement",
      "quoteEnd": 15517,
      "quoteStart": 15285,
      "quoteText": "How “Do Not Track” requests are handled<p>This website does not support “Do Not Track” requests.<br>\nTo determine whether any of the third-party services it uses honor the “Do Not Track” requests, please read their privacy policies.",
      "services": [
        "dnd5e-info"
      ],
      "title": "This service ignores the Do Not Track (DNT) header and tracks users anyway even if they set this header.",
      "topics": [],
      "tosdr": {
        "binding": true,
        "case": "This service ignores the Do Not Track (DNT) header and tracks users anyway even if they set this header.",
        "point": "bad",
        "score": 60,
        "tldr": "This website does not support “Do Not Track” requests.\r\nTo determine whether any of the third-party services it uses honor the “Do Not Track” requests, please read their privacy policies."
      }
    }
  },
  "urls": [
    "dnd5e.info"
  ]
}