{
  "alexa": 97,
  "class": false,
  "links": {
    "Privacy Policy": {
      "name": "Privacy Policy",
      "url": "https://www.dropbox.com/privacy"
    }
  },
  "points": [
    "1340",
    "1587",
    "1602",
    "569",
    "679",
    "760"
  ],
  "pointsData": {
    "569": {
      "discussion": "https://groups.google.com/forum/#!topic/tosdr/rsJGso00KLY",
      "id": "569",
      "needModeration": false,
      "quoteDoc": "Terms",
      "quoteEnd": 5038,
      "quoteStart": 4481,
      "quoteText": "Copyright <p>We respect the intellectual property of others and ask that you do too.\nWe respond to notices of alleged copyright infringement if they comply with the law, and such notices should be reported using our Copyright Policy.\nWe reserve the right to delete or disable content alleged to be infringing and terminate accounts of repeat infringers.\nOur designated agent for notice of alleged copyright infringement on the Services is:</p>\n<p>Copyright Agent<br> Dropbox, Inc.<br> 333 Brannan Street<br> San Francisco, CA 94107<br> copyright@dropbox.com",
      "services": [
        "dropbox"
      ],
      "set": "set+service+and+topic",
      "slug": "rsJGso00KLY",
      "title": "If you are the target of a copyright claim, your content may be removed",
      "topics": [
        "suspension"
      ],
      "tosdr": {
        "binding": true,
        "case": "If you are the target of a copyright claim, your content may be removed",
        "point": "neutral",
        "score": 50,
        "tldr": "Dropbox removes Copyright intellectual property after a claim"
      }
    },
    "679": {
      "discussion": "https://groups.google.com/d/topic/tosdr/m4IRrxn4SOo/discussion",
      "id": "679",
      "meta": {
        "author": "Hugo for “Terms of Service; Didn't Read”",
        "contributors": [
          "Hugo Roy <hugo@tosdr.org>"
        ],
        "license-for-this-file": "This work is licensed under the Creative Commons Attribution-ShareAlike 3.0 Unported License. To view a copy of this license, visit http://creativecommons.org/licenses/by-sa/3.0/ or send a letter to Creative Commons, 444 Castro Street, Suite 900, Mountain View, California, 94041, .USA",
        "spec-version": "1.1"
      },
      "needModeration": false,
      "quoteDoc": "Terms",
      "quoteEnd": 17101,
      "quoteStart": 16449,
      "quoteText": "<p>We may revise these Terms from time to time to better reflect:</p>\n<p>(a) changes to the law,</p>\n<p>(b) new regulatory requirements, or</p>\n<p>(c) improvements or enhancements made to our Services.</p>\n<p>If an update affects your use of the Services or your legal rights as a user of our Services, we’ll notify you prior to the update's effective date by sending an email to the email address associated with your account or via an in-product notification.\nThese updated terms will be effective no less than 30 days from when we notify you.</p>\n<p>If you don’t agree to the updates we make, please cancel your account before they become effective.",
      "services": [
        "dropbox"
      ],
      "slug": "any-time-with-notice-dropbox",
      "title": "When the service wants to change its terms, users are notified a month or more in advance",
      "topics": [
        "changes-notice"
      ],
      "tosdr": {
        "binding": true,
        "case": "When the service wants to change its terms, users are notified a month or more in advance",
        "point": "good",
        "score": 40,
        "tldr": "They can change the terms of service any time they see fit, but they will notify the user. Your use of the service supposedly constitutes acceptance of the changes in the terms."
      }
    },
    "760": {
      "discussion": "https://groups.google.com/forum/#!topic/tosdr/Qwep4dL1cYw",
      "id": "760",
      "needModeration": false,
      "quoteDoc": "Privacy Policy",
      "quoteEnd": 6686,
      "quoteStart": 6623,
      "quoteText": "If you delete your account, we'll also delete this information.",
      "services": [
        "dropbox"
      ],
      "set": "set+service+and+topic",
      "slug": "Qwep4dL1cYw",
      "title": "You have the right to leave this service at any time",
      "topics": [
        "leave"
      ],
      "tosdr": {
        "binding": true,
        "case": "You have the right to leave this service at any time",
        "point": "good",
        "score": 15,
        "tldr": "[Good] Dropbox allows you to leave the service"
      }
    },
    "1340": {
      "approved": false,
      "id": "1340",
      "needModeration": false,
      "quoteDoc": "Terms",
      "quoteEnd": 1834,
      "quoteStart": 1618,
      "quoteText": "These and other features may require our systems to access, store, and scan Your Stuff.\nYou give us permission to do those things, and this permission extends to our affiliates and trusted third parties we work with.",
      "services": [
        "dropbox"
      ],
      "slug": "rxs6xP753Ra8bYEhp",
      "subbmittedTimestamp": 1498249914419,
      "submittedBy": "YzXyGdyCicZ6xQS2N",
      "title": "Third parties may be involved in operating the service",
      "topics": [
        "third"
      ],
      "tosdr": {
        "binding": true,
        "case": "Third parties may be involved in operating the service",
        "point": "bad",
        "score": 15,
        "sources": [
          "https://www.dropbox.com/terms"
        ],
        "tldr": "\"These and other features may require our systems to access, store and scan Your Stuff. You give us permission to do those things, and this permission extends to our affiliates and trusted third parties we work with.\""
      }
    },
    "1587": {
      "discussion": "https://groups.google.com/forum#!topic/tosdr/SSpj3ATtA4Q",
      "id": "1587",
      "needModeration": false,
      "quoteDoc": "Terms",
      "quoteEnd": 5830,
      "quoteStart": 5787,
      "quoteText": "Refunds are only issued if required by law.",
      "services": [
        "dropbox"
      ],
      "slug": "SSpj3ATtA4Q",
      "title": "no refund policy",
      "topics": [],
      "tosdr": {
        "binding": true,
        "case": "The service has a no refund policy",
        "point": "neutral",
        "score": 50,
        "tldr": "No refund policy"
      }
    },
    "1602": {
      "approved": false,
      "id": "1602",
      "needModeration": false,
      "quoteDoc": "Terms",
      "quoteEnd": 1353,
      "quoteStart": 1235,
      "quoteText": "These Terms don’t give us any rights to Your Stuff except for the limited rights that enable us to offer the Services.",
      "services": [
        "dropbox"
      ],
      "slug": "mxXLCR4apwqnHwovB",
      "subbmittedTimestamp": 1498250035824,
      "submittedBy": "YzXyGdyCicZ6xQS2N",
      "title": "You maintain ownership of your data",
      "topics": [
        "ownership",
        "ownership"
      ],
      "tosdr": {
        "binding": true,
        "case": "You maintain ownership of your data",
        "point": "good",
        "score": 50,
        "sources": [
          "https://www.dropbox.com/terms"
        ],
        "tldr": "\"These Terms don't give us any rights to Your Stuff except for the limited rights that enable us to offer the Services.\""
      }
    }
  },
  "urls": [
    "dropbox.com"
  ]
}