{
  "alexa": 331,
  "class": "A",
  "links": {
    "Privacy Policy": {
      "name": "Privacy Policy",
      "url": "https://duckduckgo.com/privacy"
    }
  },
  "points": [
    "1090",
    "4474",
    "5589",
    "5590"
  ],
  "pointsData": {
    "1090": {
      "discussion": "https://groups.google.com/forum/#!topic/tosdr/g4RWiArs104",
      "id": "1090",
      "license-for-this-file": "This work is licensed under the Creative Commons Attribution-ShareAlike 3.0 Unported License. To view a copy of this license, visit http://creativecommons.org/licenses/by-sa/3.0/ or send a letter to Creative Commons, 444 Castro Street, Suite 900, Mountain View, California, 94041, .USA",
      "needModeration": false,
      "quoteDoc": "Privacy Policy",
      "quoteEnd": 10318,
      "quoteStart": 10185,
      "quoteText": "We also save searches, but again, not in a personally identifiable way, as we do not store IP addresses or unique User agent strings.",
      "services": [
        "duckduckgo"
      ],
      "slug": "g4RWiArs104",
      "source": "http://donttrack.us/",
      "title": "No Tracking",
      "topics": [
        "track"
      ],
      "tosdr": {
        "binding": true,
        "case": "This service does not track you",
        "point": "good",
        "score": 100,
        "tldr": "DuckDuckGo doesn't save <em>your</em> searches and doesn't send your searches to other sites. No personal information is saved either. No cookies are used by default, but cookies can be saved on your computer for some features (e.g. settings). “We also save searches, but again, not in a personally identifiable way, as we do not store IP addresses or unique User agent strings. We use aggregate, non-personal search data to improve things like misspellings.”"
      }
    },
    "4474": {
      "id": "4474",
      "needModeration": false,
      "quoteDoc": "Privacy Policy",
      "quoteEnd": 12744,
      "quoteStart": 12499,
      "quoteText": "If this policy is substantively updated,\nwe will update the text of this page and provide notice to you\nat https://duckduckgo.com/about by\nwriting '(Updated)' in red next to the link to this page (in the footer) for a period\nof at least 30 days.",
      "services": [
        "duckduckgo"
      ],
      "title": "Conditions may change, but your continued acceptance is not inferred from an earlier acceptance flow",
      "topics": [],
      "tosdr": {
        "binding": true,
        "case": "Conditions may change, but your continued acceptance is not inferred from an earlier acceptance",
        "point": "neutral",
        "score": 50,
        "tldr": "I think this is the correct case: although they mark updates, they do not contact the user. (Which makes sense because they don't have contact details, but still.) Also, the changes take effect immediately."
      }
    },
    "5589": {
      "id": "5589",
      "needModeration": false,
      "quoteDoc": "Privacy Policy",
      "quoteEnd": 523,
      "quoteStart": 493,
      "quoteText": "\n<li>Last updated on 04/11/12.",
      "services": [
        "duckduckgo"
      ],
      "title": "There is a date of the last update of the terms",
      "topics": [],
      "tosdr": {
        "binding": true,
        "case": "There is a date of the last update of the terms",
        "point": "neutral",
        "score": 50,
        "tldr": "Generated through the annotate view"
      }
    },
    "5590": {
      "id": "5590",
      "needModeration": false,
      "quoteDoc": "Privacy Policy",
      "quoteEnd": 9482,
      "quoteStart": 9276,
      "quoteText": "<p>At DuckDuckGo, no cookies are used by default.\nIf you have changed any settings, then cookies are used to store those changes.\nHowever, in that case, they are not stored in a personally identifiable way.",
      "services": [
        "duckduckgo"
      ],
      "title": "The cookies used by this service do not contain information that would personally identify you",
      "topics": [],
      "tosdr": {
        "binding": true,
        "case": "The cookies used by this service do not contain information that would personally identify you",
        "point": "good",
        "privacyRelated": true,
        "score": 50,
        "tldr": "Generated through the annotate view"
      }
    }
  },
  "twitter": "@duckduckgo",
  "urls": [
    "duckduckgo.com",
    "donttrack.us",
    "spreadprivacy.com",
    "duckduckhack.com",
    "privatebrowsingmyths.com",
    "duck.co",
    "cispaletter.org"
  ]
}