{
  "alexa": 906,
  "class": false,
  "links": {},
  "points": [
    "4971",
    "4972",
    "4973",
    "4978",
    "4979",
    "4980",
    "4982",
    "4983",
    "4984",
    "4986",
    "4989",
    "4990",
    "4991",
    "5970"
  ],
  "pointsData": {
    "4971": {
      "id": "4971",
      "needModeration": false,
      "quoteDoc": "Privacy Policy",
      "quoteEnd": 16660,
      "quoteStart": 16534,
      "quoteText": "To export the personal data you have provided to Duolingo in a format that can be transferred electronically to a third party.",
      "services": [
        "duolingo"
      ],
      "title": "This service provides a way for you to export your data",
      "topics": [],
      "tosdr": {
        "binding": true,
        "case": "This service provides a way for you to export your data",
        "point": "good",
        "score": 30,
        "tldr": "Generated through the annotate view"
      }
    },
    "4972": {
      "id": "4972",
      "needModeration": false,
      "quoteDoc": "Terms of Service",
      "quoteEnd": 25578,
      "quoteStart": 25431,
      "quoteText": "ANY DISPUTE OR CLAIM RELATING IN ANY WAY TO THESE TERMS AND CONDITIONS OR THE SERVICE WILL BE RESOLVED BY BINDING ARBITRATION, RATHER THAN IN COURT",
      "services": [
        "duolingo"
      ],
      "title": "This service forces users into binding arbitration in the case of disputes",
      "topics": [],
      "tosdr": {
        "binding": true,
        "case": "This service forces users into binding arbitration in the case of disputes",
        "point": "bad",
        "score": 50,
        "tldr": "Generated through the annotate view"
      }
    },
    "4973": {
      "id": "4973",
      "needModeration": false,
      "quoteDoc": "Terms of Service",
      "quoteEnd": 1578,
      "quoteStart": 1302,
      "quoteText": "PLEASE NOTE THAT THESE TERMS AND CONDITIONS CONTAIN A MANDATORY ARBITRATION OF DISPUTES PROVISION THAT REQUIRES THE USE OF ARBITRATION ON AN INDIVIDUAL BASIS TO RESOLVE DISPUTES IN CERTAIN CIRCUMSTANCES, RATHER THAN JURY TRIALS OR CLASS ACTION LAWSUITS.\nVIEW THESE TERMS HERE.",
      "services": [
        "duolingo"
      ],
      "title": "You waive your right to a class action.",
      "topics": [],
      "tosdr": {
        "binding": true,
        "case": "You waive your right to a class action.",
        "point": "bad",
        "score": 50,
        "tldr": "Generated through the annotate view"
      }
    },
    "4978": {
      "id": "4978",
      "needModeration": false,
      "quoteDoc": "Terms of Service",
      "quoteEnd": 30446,
      "quoteStart": 30406,
      "quoteText": "</ol>Last revised on December 11th, 2017",
      "services": [
        "duolingo"
      ],
      "title": "There is a date of the last update of the terms",
      "topics": [],
      "tosdr": {
        "binding": true,
        "case": "There is a date of the last update of the terms",
        "point": "neutral",
        "score": 50,
        "tldr": "Generated through the annotate view"
      }
    },
    "4979": {
      "id": "4979",
      "needModeration": false,
      "quoteDoc": "Privacy Policy",
      "quoteEnd": 9816,
      "quoteStart": 9551,
      "quoteText": "You may opt out of any non-essential service e-mails at any time.</p>\n<p>We may also use your contact information to send you notifications regarding new services, offers and promotions offered by Duolingo if you affirmatively consent to receive such communications",
      "services": [
        "duolingo"
      ],
      "title": "You can opt out of promotional communications",
      "topics": [],
      "tosdr": {
        "binding": true,
        "case": "You can opt out of promotional communications",
        "point": "good",
        "score": 10,
        "tldr": "Generated through the annotate view"
      }
    },
    "4980": {
      "id": "4980",
      "needModeration": false,
      "quoteDoc": "Terms of Service",
      "quoteEnd": 18288,
      "quoteStart": 18040,
      "quoteText": "NO REPRESENTATIONS OR WARRANTIES BY DUOLINGO<p>THE SERVICE, INCLUDING ALL IMAGES, AUDIO FILES AND OTHER CONTENT THEREIN, AND ANY OTHER INFORMATION, PROPERTY AND RIGHTS GRANTED OR PROVIDED TO YOU BY DUOLINGO ARE PROVIDED TO YOU ON AN “AS IS” BASIS.\n",
      "services": [
        "duolingo"
      ],
      "title": "The service is provided 'as is' and to be used at the users' sole risk",
      "topics": [],
      "tosdr": {
        "binding": true,
        "case": "The service is provided 'as is' and to be used at the users' sole risk",
        "point": "bad",
        "score": 20,
        "tldr": "Generated through the annotate view"
      }
    },
    "4982": {
      "id": "4982",
      "needModeration": false,
      "quoteDoc": "Terms of Service",
      "quoteEnd": 19032,
      "quoteStart": 18860,
      "quoteText": "ACCESS AND USE OF THE SERVICE MAY BE UNAVAILABLE DURING PERIODS OF PEAK DEMAND, SYSTEM UPGRADES, MALFUNCTIONS OR SCHEDULED OR UNSCHEDULED MAINTENANCE OR FOR OTHER REASONS.\n",
      "services": [
        "duolingo"
      ],
      "title": "The service provider makes no warranty regarding uninterrupted, timely, secure or error-free service",
      "topics": [],
      "tosdr": {
        "binding": true,
        "case": "The service provider makes no warranty regarding uninterrupted, timely, secure or error-free service",
        "point": "bad",
        "score": 30,
        "tldr": "Generated through the annotate view"
      }
    },
    "4983": {
      "id": "4983",
      "needModeration": false,
      "quoteDoc": "Privacy Policy",
      "quoteEnd": 30042,
      "quoteStart": 29950,
      "quoteText": "The Service is not designed to respond to “do not track” signals sent by some browsers.</p>\n",
      "services": [
        "duolingo"
      ],
      "title": "This service ignores the Do Not Track (DNT) header and tracks users anyway even if they set this header.",
      "topics": [],
      "tosdr": {
        "binding": true,
        "case": "This service ignores the Do Not Track (DNT) header and tracks users anyway even if they set this header.",
        "point": "bad",
        "score": 60,
        "tldr": "Generated through the annotate view"
      }
    },
    "4984": {
      "id": "4984",
      "needModeration": false,
      "quoteDoc": "Privacy Policy",
      "quoteEnd": 6686,
      "quoteStart": 6377,
      "quoteText": " Third Parties<p>To support and enhance the Service, we work with a variety of third party advertising networks, marketing analytics service providers and website analysis firms, such as Google, Facebook, Oath, Unity, and Quantcast (collectively, “<strong>Third Party Advertising Service Providers</strong>”).",
      "services": [
        "duolingo"
      ],
      "title": "The service may use tracking pixels, web beacons, browser fingerprinting, and/or device fingerprinting on users.",
      "topics": [],
      "tosdr": {
        "binding": true,
        "case": "The service may use tracking pixels, web beacons, browser fingerprinting, and/or device fingerprinting on users.",
        "point": "bad",
        "privacyRelated": true,
        "score": 50,
        "tldr": "Generated through the annotate view"
      }
    },
    "4986": {
      "id": "4986",
      "needModeration": false,
      "quoteDoc": "Privacy Policy",
      "quoteEnd": 16093,
      "quoteStart": 16021,
      "quoteText": "\n<p>You also have the following rights in relation to the personal data ",
      "services": [
        "duolingo"
      ],
      "title": "This service allows you to retrieve an archive of your data",
      "topics": [],
      "tosdr": {
        "binding": true,
        "case": "This service allows you to retrieve an archive of your data",
        "point": "good",
        "score": 40,
        "tldr": "Generated through the annotate view"
      }
    },
    "4989": {
      "id": "4989",
      "needModeration": false,
      "quoteDoc": "Privacy Policy",
      "quoteEnd": 7452,
      "quoteStart": 7160,
      "quoteText": "We use Google Analytics which is a web analytics tool that helps us understand how users engage with the Website.\nLike many services, Google Analytics uses first-party cookies to track user interactions as in our case, where they are used to collect information about how users use our site.\n",
      "services": [
        "duolingo"
      ],
      "title": "This service uses third-party cookies for statistics",
      "topics": [],
      "tosdr": {
        "binding": true,
        "case": "This service uses third-party cookies for statistics",
        "point": "bad",
        "privacyRelated": true,
        "score": 10,
        "tldr": "Generated through the annotate view"
      }
    },
    "4990": {
      "id": "4990",
      "needModeration": false,
      "quoteDoc": "Terms of Service",
      "quoteEnd": 7314,
      "quoteStart": 7260,
      "quoteText": "libelous, defamatory, abusive, threatening, harassing,",
      "services": [
        "duolingo"
      ],
      "title": "Users agree not to submit libelous, harassing or threatening content",
      "topics": [],
      "tosdr": {
        "binding": true,
        "case": "Users agree not to submit libelous, harassing or threatening content",
        "point": "neutral",
        "score": 20,
        "tldr": "Generated through the annotate view"
      }
    },
    "4991": {
      "id": "4991",
      "needModeration": false,
      "quoteDoc": "Privacy Policy",
      "quoteEnd": 15664,
      "quoteStart": 15566,
      "quoteText": "\nIn any such transfer of information, your personal data would remain subject to this section.</p>",
      "services": [
        "duolingo"
      ],
      "title": "Promises will be kept after a merger or acquisition",
      "topics": [],
      "tosdr": {
        "binding": true,
        "case": "Promises will be kept after a merger or acquisition",
        "point": "good",
        "score": 50,
        "tldr": "Generated through the annotate view"
      }
    },
    "5970": {
      "id": "5970",
      "needModeration": false,
      "quoteDoc": "Terms of Service",
      "quoteEnd": 15329,
      "quoteStart": 15103,
      "quoteText": "<p>In the event that Duolingo suspends or terminates your use of the Service or these Terms and Conditions or you close your account voluntarily, you understand and agree that you will receive no refund or exchange of any kind",
      "services": [
        "duolingo"
      ],
      "title": "The service has a no refund policy",
      "topics": [],
      "tosdr": {
        "binding": true,
        "case": "The service has a no refund policy",
        "point": "neutral",
        "score": 50,
        "tldr": "Generated through the annotate view"
      }
    }
  },
  "urls": [
    "duolingo.com"
  ]
}