{
  "alexa": 40,
  "class": false,
  "links": {
    "Privacy Policy": {
      "name": "Privacy Policy",
      "url": "http://pages.ebay.com/help/policies/privacy-policy.html?rt=nc"
    },
    "Terms of Service": {
      "name": "Terms of Service",
      "url": "http://pages.ebay.com/help/policies/user-agreement.html?rt=nc"
    }
  },
  "points": [
    "1250",
    "1535",
    "1600"
  ],
  "pointsData": {
    "1250": {
      "approved": false,
      "id": "1250",
      "needModeration": false,
      "quoteDoc": "Privacy Policy",
      "quoteEnd": 216,
      "quoteStart": 20,
      "quoteText": "This Privacy Notice was posted on <b>May 1, 2015</b>.\nIt is effective upon acceptance for new users, and from <b>June 15, 2015</b> for all other users.\nSee previous version of this Privacy Notice.",
      "services": [
        "ebay"
      ],
      "slug": "gRfA7YaJcCRP3YSDs",
      "submittedBy": "euuLXKG9G2vNLbLDK",
      "title": "eBay’s previous Privacy Notices are available for viewing.",
      "topics": [
        "changes-notice",
        "changes"
      ],
      "tosdr": {
        "binding": true,
        "case": "This service provides archives of their terms of service so that changes can be viewed over time",
        "point": "good",
        "score": 50,
        "sources": [
          "http://pages.ebay.com/help/policies/privacy-policy.html"
        ],
        "tldr": "See quote."
      }
    },
    "1535": {
      "approved": false,
      "id": "1535",
      "needModeration": false,
      "quoteDoc": "Cookie notice",
      "quoteEnd": 14131,
      "quoteStart": 13992,
      "quoteText": "Because there currently isn't an industry or legal standard for recognizing or honoring DNT signals, we don't respond to them at this time.",
      "services": [
        "ebay"
      ],
      "slug": "GnyQjkRasp5BPJjT6",
      "submittedBy": "euuLXKG9G2vNLbLDK",
      "title": "This service ignores the Do Not Track (DNT) header and tracks users anyway even if they set this header.",
      "topics": [
        "track",
        "cookies",
        "track"
      ],
      "tosdr": {
        "binding": true,
        "case": "This service ignores the Do Not Track (DNT) header and tracks users anyway even if they set this header.",
        "point": "bad",
        "score": 60,
        "sources": [
          "http://pages.ebay.com/help/policies/privacy-policy.html"
        ],
        "tldr": "eBay does not respond to Do Not Track signals, but provides a notice for their use of Cookies (http://pages.ebay.com/help/account/cookies-web-beacons.html)"
      }
    },
    "1600": {
      "approved": false,
      "id": "1600",
      "needModeration": false,
      "quoteDoc": "Terms of Service",
      "quoteEnd": 7586,
      "quoteStart": 7442,
      "quoteText": "we may, in our sole discretion and without limiting other remedies, limit, suspend, or terminate your user account(s) and access to our Services",
      "services": [
        "ebay"
      ],
      "slug": "5W3kpxcSSYewtgzAo",
      "submittedBy": "euuLXKG9G2vNLbLDK",
      "title": "The service can delete your account without prior notice and without a reason",
      "topics": [
        "changes",
        "suspension"
      ],
      "tosdr": {
        "binding": true,
        "case": "The service can delete your account without prior notice and without a reason",
        "point": "bad",
        "score": 60,
        "sources": [
          "http://pages.ebay.com/help/policies/user-agreement.html"
        ],
        "tldr": "They can modify or discontinue their Services and reserve the right to refuse or terminate all or part of their Services to anyone for any reason at their discretion."
      }
    }
  },
  "urls": [
    "ebay.com"
  ]
}