{
  "alexa": 30880,
  "class": false,
  "links": {},
  "points": [
    "6303"
  ],
  "pointsData": {
    "6303": {
      "id": "6303",
      "needModeration": false,
      "quoteDoc": "Terms of Use",
      "quoteEnd": 9921,
      "quoteStart": 9258,
      "quoteText": "You agree to indemnify, defend, and hold harmless Cornell Lab of Ornithology.\nits affiliates and partners.\nand their respective officers, directors, employees, agents, members, licensors, representatives, and third party providers to the&nbsp;Services from and against all losses, expenses, damages, and costs, including reasonable attorneys’ fees, resulting from any violation of these Terms.\nCornell Lab of Ornithology reserves the right to assume, at its sole expense, the exclusive defense and control of any matter subject to indemnification by you, in which event you will fully cooperate with Cornell Lab of Ornithology in asserting any available defenses.",
      "services": [
        "ebird"
      ],
      "title": "You agree to defend, indemnify, and hold the service harmless in case of a claim related to your use of the service",
      "topics": [],
      "tosdr": {
        "binding": true,
        "case": "You agree to defend, indemnify, and hold the service harmless in case of a claim related to your use of the service",
        "point": "bad",
        "score": 60,
        "tldr": "Generated through the annotate view"
      }
    }
  },
  "urls": [
    "ebird.org"
  ]
}