{
  "alexa": 846,
  "class": "B",
  "links": {},
  "points": [
    "4378",
    "5192",
    "5193",
    "5920",
    "5975",
    "5976",
    "5977",
    "5978",
    "5980"
  ],
  "pointsData": {
    "4378": {
      "id": "4378",
      "needModeration": false,
      "quoteDoc": "Privacy",
      "quoteEnd": 15283,
      "quoteStart": 13203,
      "quoteText": "In the case of use of the website for purely informational purposes, if you do not – for instance, using our search function – provide us with information in any other way, we gather only the personal data which your browser transmits to our server.\nIf you wish to view our website, we gather the following data, which we technically require in order to show you our website and to guarantee stability and security.\nThe legal basis for the temporary storage of the data is Art.\n6 Para.\n1 lit.\nf of the General Data Protection Regulation.</p>\n<ul>\n<li>IP address</li>\n<li>Date and time of enquiry</li>\n<li>Difference between time zone and Greenwich Mean Time (GMT)</li>\n<li>Content of the request (specific webpage)</li>\n<li>Access status / HTTP status code</li>\n<li>Respectively transferred data quantity</li>\n<li>Website from which the request comes</li>\n<li>Browser</li>\n<li>Operating system and its surface</li>\n<li>Language and version of the browser software.</li>\n</ul>\n<p>The data are saved in the logfiles of our system.\nThis data can never be connected to other personal data of our users.\nThe data are deleted once they are no longer required to achieve the purpose of your gathering.\nIn the event that the data are saved in log files, this occurs at the most seven days later.</p>\n<p>It is possible to save the data for longer than this.\nIn this case, the users’ IP addresses are deleted or anonymised so that they can no longer be associated with the visiting client.</p>\n<p>In addition, while you are using our website, cookies are saved on your computer.\nSee below and section 4 in this regard.</p>\n<p>We gather anonymous data in order to identify and gather errors and problems in Ecosia products and services.\nThese data include data in connection with program crashes.\nWe use several third-party providers for the gathering of error logs.\nDuring the use of the Ecosia’s website, various pieces of personal data that are necessary for the performance are saved on the technical infrastructure of the third-party supplier a limited period of time in encrypted form.",
      "services": [
        "ecosia"
      ],
      "title": "info given about what personal data they collect",
      "topics": [],
      "tosdr": {
        "binding": true,
        "case": "The service provides details about what kinds of personal information they collect",
        "point": "good",
        "score": 30,
        "tldr": "info given about what personal data they collect"
      }
    },
    "5192": {
      "id": "5192",
      "needModeration": false,
      "quoteDoc": "Privacy",
      "quoteEnd": 16631,
      "quoteStart": 16493,
      "quoteText": "Please note that you may not be able to use all functions of this website within the full scope if you deactivate cookies for our website.",
      "services": [
        "ecosia"
      ],
      "title": "Blocking cookies may limit your ability to use the service",
      "topics": [],
      "tosdr": {
        "binding": true,
        "case": "Blocking cookies may limit your ability to use the service",
        "point": "bad",
        "score": 50,
        "tldr": "Generated through the annotate view"
      }
    },
    "5193": {
      "id": "5193",
      "needModeration": false,
      "quoteDoc": "Privacy",
      "quoteEnd": 12639,
      "quoteStart": 12471,
      "quoteText": "You have the following rights with respect to us regarding the personal data relating to you:</p>\n<ul>\n<li>Right to information</li>\n<li>Right to correction or deletion",
      "services": [
        "ecosia"
      ],
      "title": "You can request access and deletion of personal data",
      "topics": [],
      "tosdr": {
        "binding": true,
        "case": "You can request access and deletion of personal data",
        "point": "good",
        "privacyRelated": true,
        "score": 50,
        "tldr": "Generated through the annotate view"
      }
    },
    "5920": {
      "id": "5920",
      "quoteDoc": "Privacy",
      "quoteEnd": 2977,
      "quoteStart": 2917,
      "quoteText": "We only keep fully anonymised search data after 7 days</li>\n",
      "services": [
        "ecosia"
      ],
      "title": "The service may keep a secure, anonymized record of users' data for analytical purposes even after the data retention period",
      "topics": [],
      "tosdr": {
        "binding": true,
        "case": "The service may keep a secure, anonymized record of users' data for analytical purposes even after the data retention period",
        "point": "bad",
        "privacyRelated": true,
        "score": 40,
        "tldr": "Generated through the annotate view"
      }
    },
    "5975": {
      "id": "5975",
      "quoteDoc": "Privacy",
      "quoteEnd": 18154,
      "quoteStart": 18017,
      "quoteText": "We use the locational data in order to give you a better Ecosia experience or to show more relevant search results or advertising to you.",
      "services": [
        "ecosia"
      ],
      "title": "This service may collect, use, and share location data",
      "topics": [],
      "tosdr": {
        "binding": true,
        "case": "This service may collect, use, and share location data",
        "point": "bad",
        "privacyRelated": true,
        "score": 75,
        "tldr": "Generated through the annotate view"
      }
    },
    "5976": {
      "id": "5976",
      "quoteDoc": "Privacy",
      "quoteEnd": 9790,
      "quoteStart": 9710,
      "quoteText": "For more information on how Bing handles your data see their privacy policy.</p>",
      "services": [
        "ecosia"
      ],
      "title": "The service refers users to external documents for more information",
      "topics": [],
      "tosdr": {
        "binding": true,
        "case": "The service refers users to external documents for more information",
        "point": "bad",
        "privacyRelated": true,
        "score": 25,
        "tldr": "Generated through the annotate view"
      }
    },
    "5977": {
      "id": "5977",
      "needModeration": false,
      "quoteDoc": "Privacy",
      "quoteEnd": 25695,
      "quoteStart": 25338,
      "quoteText": "You can also register via your accounts with the third-party providers Facebook, Twitter and Google.\nWhen you register via the login details of a third-party provider, the provider will also process your personal data.\nhowever, we will not have access to this information.\nInformation collected by the commenting function is made available to us via Disqus.",
      "services": [
        "ecosia"
      ],
      "title": "Many third parties are involved in operating the service",
      "topics": [],
      "tosdr": {
        "binding": true,
        "case": "Many third parties are involved in operating the service",
        "point": "bad",
        "score": 50,
        "tldr": "Generated through the annotate view"
      }
    },
    "5978": {
      "id": "5978",
      "needModeration": false,
      "quoteDoc": "Privacy",
      "quoteEnd": 41322,
      "quoteStart": 41270,
      "quoteText": "Data protection declaration version date: 02/08/2018",
      "services": [
        "ecosia"
      ],
      "title": "There is a date of the last update of the terms",
      "topics": [],
      "tosdr": {
        "binding": true,
        "case": "There is a date of the last update of the terms",
        "point": "neutral",
        "score": 50,
        "tldr": "Generated through the annotate view"
      }
    },
    "5980": {
      "id": "5980",
      "quoteDoc": "Privacy",
      "quoteEnd": 37467,
      "quoteStart": 37350,
      "quoteText": "Ecosia allows third-party providers to set cookies in order to check the success of Ecosia advertising campaigns.</p>",
      "services": [
        "ecosia"
      ],
      "title": "This service allows tracking via third-party cookies for purposes including targeted advertising.",
      "topics": [],
      "tosdr": {
        "binding": true,
        "case": "Tracking via third-party cookies for other purposes without your consent.",
        "point": "bad",
        "privacyRelated": true,
        "score": 70,
        "tldr": "Generated through the annotate view"
      }
    }
  },
  "urls": [
    "ecosia.org"
  ]
}