{
  "alexa": 43737,
  "class": false,
  "links": {},
  "points": [
    "1557"
  ],
  "pointsData": {
    "1557": {
      "discussion": "https://groups.google.com/forum#!topic/tosdr/EMrhOgyTHX4",
      "id": "1557",
      "needModeration": false,
      "quoteDoc": "Terms",
      "quoteEnd": 2602,
      "quoteStart": 2472,
      "quoteText": "We reserve the right, in its sole discretion, to (a) refuse to issue a particular username, or (b) remove or reclaim any username.",
      "services": [
        "ello"
      ],
      "slug": "EMrhOgyTHX4",
      "title": "Usernames can be rejected for any reason",
      "topics": [],
      "tosdr": {
        "binding": true,
        "case": "Usernames can be rejected for any reason",
        "point": "bad",
        "score": 20,
        "tldr": "Terms of Use for www.ello.co"
      }
    }
  },
  "urls": [
    "ello.co"
  ]
}