{
  "alexa": 1345,
  "class": false,
  "links": {
    "Privacy Policy": {
      "name": "Privacy Policy",
      "url": "https://envato.com/privacy/"
    }
  },
  "points": [
    "1350"
  ],
  "pointsData": {
    "1350": {
      "discussion": "https://groups.google.com/d/topic/tosdr/ugUk3u-8siQ/discussion",
      "id": "1350",
      "needModeration": false,
      "quoteDoc": "Envato Market Terms",
      "quoteEnd": 12926,
      "quoteStart": 12754,
      "quoteText": "We do not refund any monies placed into your Envato Market account to buy Envato Credits (but you may have rights under an applicable consumer law, which we don’t exclude).",
      "services": [
        "envato"
      ],
      "set": "set+service+and+topic",
      "slug": "ugUk3u-8siQ",
      "title": "Credits are non-refundable",
      "topics": [
        "refunds"
      ],
      "tosdr": {
        "binding": true,
        "case": "The service has a no refund policy",
        "point": "neutral",
        "score": 50,
        "tldr": ""
      }
    }
  },
  "urls": [
    "envato.com"
  ]
}