{
  "class": false,
  "links": {},
  "points": [
    "4529"
  ],
  "pointsData": {
    "4529": {
      "id": "4529",
      "needModeration": false,
      "quoteDoc": "Terms",
      "quoteEnd": 658,
      "quoteStart": 612,
      "quoteText": "We will not sell your email address to anyone.",
      "services": [
        "etesync"
      ],
      "title": "You maintain ownership of your data",
      "topics": [],
      "tosdr": {
        "binding": true,
        "case": "You maintain ownership of your data",
        "point": "good",
        "score": 50,
        "tldr": "Generated through the annotate view"
      }
    }
  },
  "urls": [
    "etesync.com"
  ]
}