{
  "alexa": 169,
  "class": false,
  "links": {
    "Privacy Policy": {
      "name": "Privacy Policy",
      "url": "http://www.etsy.com/help/article/1262"
    }
  },
  "points": [
    "1138",
    "6744"
  ],
  "pointsData": {
    "1138": {
      "id": "1138",
      "needModeration": false,
      "quoteDoc": "Privacy Policy",
      "quoteEnd": 20177,
      "quoteStart": 19863,
      "quoteText": "We may also automatically collect device-specific information when you install, access, or use our Services.\nThis information may include information such as the hardware model, operating system information, app version, app usage and debugging information, browser information, IP address, and device identifiers.",
      "services": [
        "etsy"
      ],
      "slug": "1138",
      "title": "The service may use tracking pixels, web beacons, browser fingerprinting, and/or device fingerprinting on users.",
      "topics": [],
      "tosdr": {
        "binding": true,
        "case": "The service may use tracking pixels, web beacons, browser fingerprinting, and/or device fingerprinting on users.",
        "point": "bad",
        "privacyRelated": true,
        "score": 50,
        "tldr": "\"We may also collect information about your use of the Services [...], including your IP address, browser information (including referrers), device information (such as [...])\""
      }
    },
    "6744": {
      "id": "6744",
      "quoteDoc": "Terms of Use",
      "quoteEnd": 20309,
      "quoteStart": 20112,
      "quoteText": "By posting Your Content through our Services, you grant Etsy a license to use it.\nWe don’t claim any ownership to Your Content, but we have your permission to use it to help Etsy function and grow.",
      "services": [
        "etsy"
      ],
      "title": "You maintain ownership of your data",
      "topics": [],
      "tosdr": {
        "binding": true,
        "case": "You maintain ownership of your data",
        "point": "good",
        "score": 50,
        "tldr": "Generated through the annotate view"
      }
    }
  },
  "urls": [
    "etsy.com"
  ]
}