{
  "alexa": 1000000,
  "class": false,
  "links": {},
  "points": [
    "6280",
    "6282",
    "6283"
  ],
  "pointsData": {
    "6280": {
      "id": "6280",
      "quoteDoc": "Privacy Policy Effective Date: Last Updated as of March 18, 2019.",
      "quoteEnd": 211,
      "quoteStart": 158,
      "quoteText": "<p>Effective Date: Last Updated as of March 18, 2019.",
      "services": [
        "expertsattheheartofai"
      ],
      "title": "There is a date of the last update of the terms",
      "topics": [],
      "tosdr": {
        "binding": true,
        "case": "There is a date of the last update of the terms",
        "point": "neutral",
        "score": 50,
        "tldr": "Generated through the annotate view"
      }
    },
    "6282": {
      "id": "6282",
      "quoteDoc": "Privacy Policy Effective Date: Last Updated as of March 18, 2019.",
      "quoteEnd": 8629,
      "quoteStart": 8246,
      "quoteText": "Third parties serve third party cookies through our website for advertising, analytics and other purposes.\nThese third parties may use information about your visits to directly.com and other websites to provide relevant advertisements about goods and services that you may be interested in.\nThey may also employ technology that is used to measure the effectiveness of advertisements.",
      "services": [
        "expertsattheheartofai"
      ],
      "title": "This service allows tracking via third-party cookies for purposes including targeted advertising.",
      "topics": [],
      "tosdr": {
        "binding": true,
        "case": "This service allows tracking via third-party cookies for purposes including targeted advertising.",
        "point": "bad",
        "score": 10,
        "tldr": "Generated through the annotate view"
      }
    },
    "6283": {
      "id": "6283",
      "quoteDoc": "Privacy Policy Effective Date: Last Updated as of March 18, 2019.",
      "quoteEnd": 9080,
      "quoteStart": 8947,
      "quoteText": "Please note that if you choose to block cookies, doing so may impair the Services or prevent certain elements of it from functioning.",
      "services": [
        "expertsattheheartofai"
      ],
      "title": "Blocking cookies may limit your ability to use the service",
      "topics": [],
      "tosdr": {
        "binding": true,
        "case": "Blocking cookies may limit your ability to use the service",
        "point": "bad",
        "score": 50,
        "tldr": "Generated through the annotate view"
      }
    }
  },
  "urls": [
    "expertsattheheartofai"
  ]
}