{
  "alexa": 449277,
  "class": false,
  "links": {},
  "points": [
    "6304"
  ],
  "pointsData": {
    "6304": {
      "id": "6304",
      "needModeration": false,
      "quoteDoc": "Terms & Privacy Policy",
      "quoteEnd": 4885,
      "quoteStart": 4810,
      "quoteText": "If you decline cookies from EyeWire then functionality may be impaired.</p>",
      "services": [
        "eyewire"
      ],
      "title": "Blocking cookies may limit your ability to use the service",
      "topics": [],
      "tosdr": {
        "binding": true,
        "case": "Blocking cookies may limit your ability to use the service",
        "point": "bad",
        "score": 50,
        "tldr": "Generated through the annotate view"
      }
    }
  },
  "urls": [
    "eyewire.org"
  ]
}