{
  "alexa": 21283,
  "class": false,
  "links": {},
  "points": [
    "6551",
    "6554"
  ],
  "pointsData": {
    "6551": {
      "id": "6551",
      "quoteDoc": "Privacy Policy",
      "quoteEnd": 2703,
      "quoteStart": 2570,
      "quoteText": "Please note, if you choose to block cookies, doing so may impair the Services or prevent certain aspects of it from functioning.</p>\n",
      "services": [
        "fakku"
      ],
      "title": "Blocking cookies may limit your ability to use the service",
      "topics": [],
      "tosdr": {
        "binding": true,
        "case": "Blocking cookies may limit your ability to use the service",
        "point": "bad",
        "score": 50,
        "tldr": "Generated through the annotate view"
      }
    },
    "6554": {
      "id": "6554",
      "quoteDoc": "Terms of Service",
      "quoteEnd": 21293,
      "quoteStart": 20716,
      "quoteText": "You agree to indemnify and hold FAKKU, LLC harmless from and against any loss, liability, claim, demand, damages, costs and expenses, including reasonable attorney's fees, arising out of or in connection with (i) your use of and access to the Services.\n(ii) your violation of any part of these Terms.\n(iii) your violation of any third-party right, including without limitation any copyright, property, or privacy right or any third-party agreement.\nor (iv) any of Your Content or information in your Account or any other information you post or share on or through the Service.",
      "services": [
        "fakku"
      ],
      "title": "You agree to defend, indemnify, and hold the service harmless in case of a claim related to your use of the service",
      "topics": [],
      "tosdr": {
        "binding": true,
        "case": "You agree to defend, indemnify, and hold the service harmless in case of a claim related to your use of the service",
        "point": "bad",
        "score": 60,
        "tldr": "Generated through the annotate view"
      }
    }
  },
  "urls": [
    "fakku.net"
  ]
}