{
  "alexa": 20054,
  "class": false,
  "links": {},
  "points": [
    "4593"
  ],
  "pointsData": {
    "4593": {
      "id": "4593",
      "needModeration": false,
      "quoteDoc": "Privacy Policy",
      "quoteEnd": 24488,
      "quoteStart": 24270,
      "quoteText": "Where you request that we delete your account from our system, we will\nimmediately lock the account and archive the information, then delete it from\nour severs within approximately 7 days from the date of your request.",
      "services": [
        "fastmail"
      ],
      "title": "You can delete your content from this service",
      "topics": [],
      "tosdr": {
        "binding": true,
        "case": "You can delete your content from this service",
        "point": "good",
        "score": 50,
        "tldr": "Generated through the annotate view"
      }
    }
  },
  "urls": [
    "fastmail.com"
  ]
}