{
  "alexa": 1000000,
  "class": false,
  "links": {},
  "points": [
    "5621",
    "5727",
    "5728",
    "5729",
    "5730"
  ],
  "pointsData": {
    "5621": {
      "id": "5621",
      "quoteDoc": "Privacy Policy",
      "quoteEnd": 16453,
      "quoteStart": 16190,
      "quoteText": "Any changes to this Privacy Policy will be effective upon the earlier of thirty (30) calendar days following our dispatch of an e-mail notice to you or thirty (30) calendar days following our posting of notice of the changes on our Site or within the Application.",
      "services": [
        "feedly"
      ],
      "title": "When the service wants to change its terms, users are notified a month or more in advance",
      "topics": [],
      "tosdr": {
        "binding": true,
        "case": "When the service wants to change its terms, users are notified a month or more in advance",
        "point": "good",
        "score": 40,
        "tldr": "Generated through the annotate view"
      }
    },
    "5727": {
      "id": "5727",
      "quoteDoc": "Privacy Policy",
      "quoteEnd": 7274,
      "quoteStart": 7125,
      "quoteText": "We use a number of third party service provides, such as Google Analytics, to help analyze how users use the Service (“<b>Analytics Companies</b>”).\n",
      "services": [
        "feedly"
      ],
      "title": "This service gathers information about you through third parties",
      "topics": [],
      "tosdr": {
        "binding": true,
        "case": "This service gathers information about you through third parties",
        "point": "bad",
        "privacyRelated": true,
        "score": 50,
        "tldr": "Generated through the annotate view"
      }
    },
    "5728": {
      "id": "5728",
      "quoteDoc": "Privacy Policy",
      "quoteEnd": 6457,
      "quoteStart": 6356,
      "quoteText": "\nIn addition, we use “<b>Pixel Tagsb</b>” (also referred to as clear Gifs, Web beacons, or Web bugs).",
      "services": [
        "feedly"
      ],
      "title": "The service may use tracking pixels, web beacons, browser fingerprinting, and/or device fingerprinting on users.",
      "topics": [],
      "tosdr": {
        "binding": true,
        "case": "The service may use tracking pixels, web beacons, browser fingerprinting, and/or device fingerprinting on users.",
        "point": "bad",
        "privacyRelated": true,
        "score": 50,
        "tldr": "Generated through the annotate view"
      }
    },
    "5729": {
      "id": "5729",
      "quoteDoc": "Privacy Policy",
      "quoteEnd": 7481,
      "quoteStart": 7274,
      "quoteText": "These Analytics Companies uses Cookies to collect information such as how often users visit the Service, what features they use on our Application, and what other sites they used prior to coming to the Site.",
      "services": [
        "feedly"
      ],
      "title": "This service uses third-party cookies for statistics",
      "topics": [],
      "tosdr": {
        "binding": true,
        "case": "This service uses third-party cookies for statistics",
        "point": "bad",
        "privacyRelated": true,
        "score": 10,
        "tldr": "Generated through the annotate view"
      }
    },
    "5730": {
      "id": "5730",
      "quoteDoc": "Terms of Service",
      "quoteEnd": 22660,
      "quoteStart": 22442,
      "quoteText": "YOU EXPRESSLY UNDERSTAND AND AGREE THAT TO THE EXTENT PERMITTED BY APPLICABLE LAW, YOUR USE OF THE COMPANY PROPERTIES IS AT YOUR SOLE RISK, AND THE COMPANY PROPERTIES ARE PROVIDED ON AN “AS IS” AND “AS AVAILABLE” BASIS",
      "services": [
        "feedly"
      ],
      "title": "The service is provided 'as is' and to be used at the users' sole risk",
      "topics": [],
      "tosdr": {
        "binding": true,
        "case": "The service is provided 'as is' and to be used at the users' sole risk",
        "point": "bad",
        "score": 20,
        "tldr": "Generated through the annotate view"
      }
    }
  },
  "urls": [
    "feedly"
  ]
}