{
  "alexa": 466,
  "class": false,
  "links": {},
  "points": [
    "5257",
    "5259"
  ],
  "pointsData": {
    "5257": {
      "id": "5257",
      "needModeration": false,
      "quoteDoc": "Privacy Policy",
      "quoteEnd": 25278,
      "quoteStart": 25178,
      "quoteText": "Please be aware that some of our services will not function if your browser does not accept cookies.",
      "services": [
        "fiverr"
      ],
      "title": "Blocking cookies may limit your ability to use the service",
      "topics": [],
      "tosdr": {
        "binding": true,
        "case": "Blocking cookies may limit your ability to use the service",
        "point": "bad",
        "score": 50,
        "tldr": "Generated through the annotate view"
      }
    },
    "5259": {
      "id": "5259",
      "needModeration": false,
      "quoteDoc": "Privacy Policy",
      "quoteEnd": 17213,
      "quoteStart": 17001,
      "quoteText": "Our Site is not intended for children under 13 years of age.\nNo one under age 13 should provide any personal information to or on the Site.\nWe do not knowingly collect personal information from children under 13.",
      "services": [
        "fiverr"
      ],
      "title": "This service is only available to users of a certain age",
      "topics": [],
      "tosdr": {
        "binding": true,
        "case": "This service is only available to users of a certain age",
        "point": "neutral",
        "score": 15,
        "tldr": "Generated through the annotate view"
      }
    }
  },
  "urls": [
    "fiverr.com"
  ]
}