{
  "alexa": 100428,
  "class": false,
  "links": {
    "Privacy Policy": {
      "name": "Privacy Policy",
      "url": "https://flattr.com/privacy"
    },
    "Terms of Use": {
      "name": "Terms of Use",
      "url": "https://flattr.com/terms"
    }
  },
  "points": [
    "567",
    "678"
  ],
  "pointsData": {
    "567": {
      "discussion": "https://groups.google.com/d/msg/tosdr/_ZNQ9J07ntI/aPGR2C_AkskJ",
      "id": "567",
      "license-for-this-file": "This work is licensed under the Creative Commons Attribution-ShareAlike 3.0 Unported License. To view a copy of this license, visit http://creativecommons.org/licenses/by-sa/3.0/ or send a letter to Creative Commons, 444 Castro Street, Suite 900, Mountain View, California, 94041, .USA",
      "needModeration": false,
      "quoteDoc": "Terms of Use",
      "quoteEnd": 5059,
      "quoteStart": 4891,
      "quoteText": "\nAll Users that are natural persons must be of full legal age, meaning at least 18 years old (“<strong>Adults</strong>”).\nAS A MINOR YOU ARE NOT ENTITLED TO USE FLATTR.",
      "services": [
        "flattr"
      ],
      "slug": "_ZNQ9J07ntI",
      "source": "https://flattr.com/terms",
      "title": "Age limit of 18",
      "topics": [
        "governance"
      ],
      "tosdr": {
        "binding": true,
        "case": "This service is only available to users of a certain age",
        "point": "neutral",
        "score": 15,
        "tldr": "Flattr is available only to individuals who are at least 18 years old. "
      }
    },
    "678": {
      "discussion": "https://groups.google.com/d/topic/tosdr/m4IRrxn4SOo/discussion",
      "id": "678",
      "meta": {
        "author": "Hugo for “Terms of Service; Didn't Read”",
        "contributors": [
          "Hugo Roy <hugo@tosdr.org>"
        ],
        "license-for-this-file": "This work is licensed under the Creative Commons Attribution-ShareAlike 3.0 Unported License. To view a copy of this license, visit http://creativecommons.org/licenses/by-sa/3.0/ or send a letter to Creative Commons, 444 Castro Street, Suite 900, Mountain View, California, 94041, .USA",
        "spec-version": "1.1"
      },
      "needModeration": false,
      "quoteDoc": "Privacy Policy",
      "quoteEnd": 29599,
      "quoteStart": 29374,
      "quoteText": "As our Services evolve, we may change this Privacy Policy from time to time.\nThe respective current version is available at flattr.com/privacy.\nWe encourage you to check the Privacy Policy frequently to see if it has changed.",
      "services": [
        "flattr"
      ],
      "slug": "any-time-with-notice-flattr",
      "title": " Terms may be changed any time at their discretion, without notice to the user ",
      "topics": [
        "changes-notice"
      ],
      "tosdr": {
        "binding": true,
        "case": " Terms may be changed any time at their discretion, without notice to the user ",
        "point": "bad",
        "score": 70,
        "tldr": "They can change the terms of service any time they see fit. Your use of the service supposedly constitutes acceptance of the changes in the terms."
      }
    }
  },
  "urls": [
    "flattr.com"
  ]
}