{
  "alexa": 365,
  "class": false,
  "links": {
    "Additional Terms of Service": {
      "name": "Additional Terms of Service",
      "url": "http://www.flickr.com/atos/pro/"
    },
    "Community Guidelines": {
      "name": "Community Guidelines",
      "url": "http://www.flickr.com/help/guidelines/"
    },
    "Flickr Privacy Policy": {
      "name": "Flickr Privacy Policy",
      "url": "https://policies.oath.com/us/en/oath/privacy/products/flickr/index.html"
    },
    "Privacy Policy": {
      "name": "Privacy Policy",
      "url": "https://policies.oath.com/us/en/oath/privacy/index.html"
    },
    "Terms of Service": {
      "name": "Terms of Service",
      "url": "https://policies.oath.com/us/en/oath/terms/otos/index.html"
    },
    "terms": {
      "name": "Yahoo! Terms of Service",
      "url": "http://www.yahoo.com/r/ts"
    }
  },
  "points": [
    "773"
  ],
  "pointsData": {
    "773": {
      "discussion": "https://groups.google.com/d/msg/tosdr/WEwv5V2M9zw/Fevl-3Wq_BsJ",
      "id": "773",
      "meta": {
        "license-for-this-file": "This work is licensed under the Creative Commons Attribution-ShareAlike 3.0 Unported License. To view a copy of this license, visit http://creativecommons.org/licenses/by-sa/3.0/ or send a letter to Creative Commons, 444 Castro Street, Suite 900, Mountain View, California, 94041, .USA",
        "spec-version": "1.1"
      },
      "needModeration": false,
      "quoteDoc": "Additional Terms of Service",
      "quoteEnd": 6057,
      "quoteStart": 5574,
      "quoteText": "rvices, you grant Oath the following worldwide, royalty-free and non-exclusive license: the license to use, distribute, reproduce, modify, adapt, publicly perform and publicly display such Content on the Services solely for the purpose for which such Content was submitted or made available.\nThis license exists only for as long as you elect to continue to include such Content on the Services and will terminate at the time you remove or Oath removes such Content from the Services.",
      "services": [
        "flickr"
      ],
      "slug": "WEwv5V2M9zw-flickr",
      "source": {
        "terms": "http://info.yahoo.com/legal/us/yahoo/utos/utos-173.html"
      },
      "title": "Yahoo's copyright license for photos, graphics, audio and video limited for purpose",
      "topics": [
        "copyright-scope"
      ],
      "tosdr": {
        "binding": true,
        "case": "Copyright license limited for the purposes of that same service but transferable and sublicenseable",
        "point": "good",
        "score": 15,
        "tldr": "The copyright license granted to Yahoo for photos, graphics, audio and video is limited “solely for the purpose for which such Content was submitted or made available”. "
      }
    }
  },
  "urls": [
    "flickr.com"
  ]
}