{
  "alexa": 17243,
  "class": false,
  "links": {},
  "points": [
    "6433",
    "6434",
    "6435",
    "6436"
  ],
  "pointsData": {
    "6433": {
      "id": "6433",
      "needModeration": false,
      "quoteDoc": "Privacy Policy",
      "quoteEnd": 1982,
      "quoteStart": 1884,
      "quoteText": "\nIt is possible, however, that some areas of the site will not function properly if you do so.</p>",
      "services": [
        "freesteamkeys"
      ],
      "title": "Blocking cookies may limit your ability to use the service",
      "topics": [],
      "tosdr": {
        "binding": true,
        "case": "Blocking cookies may limit your ability to use the service",
        "point": "bad",
        "score": 50,
        "tldr": "Generated through the annotate view"
      }
    },
    "6434": {
      "id": "6434",
      "needModeration": false,
      "services": [
        "freesteamkeys"
      ],
      "title": "The terms for this service are easy to read",
      "topics": [],
      "tosdr": {
        "binding": true,
        "case": "The terms for this service are easy to read",
        "point": "good",
        "score": 15,
        "tldr": "The terms for this service are easy to read"
      }
    },
    "6435": {
      "id": "6435",
      "needModeration": false,
      "quoteDoc": "Privacy Policy",
      "quoteEnd": 469,
      "quoteStart": 340,
      "quoteText": "<p>FreeSteamKeys.com does not sell, exchange, or release your personal information without your consent to any third parties.</p>",
      "services": [
        "freesteamkeys"
      ],
      "title": "This service does not sell your personal data",
      "topics": [],
      "tosdr": {
        "binding": true,
        "case": "This service does not sell your personal data",
        "point": "good",
        "score": 25,
        "tldr": "Generated through the annotate view"
      }
    },
    "6436": {
      "id": "6436",
      "needModeration": false,
      "quoteDoc": "Terms of Use",
      "quoteEnd": 7555,
      "quoteStart": 7289,
      "quoteText": "Please be aware that the Agreement may change from time to time.\nWe will post any changes on this page and, if the changes are significant, we will provide a more prominent notice.\nYou are advised to check our Website regularly to view our most recent Agreement.</p>",
      "services": [
        "freesteamkeys"
      ],
      "title": "Users should revisit the terms periodically, although in case of material changes, the service will notify",
      "topics": [],
      "tosdr": {
        "binding": true,
        "case": "Users should revisit the terms periodically, although in case of material changes, the service will notify",
        "point": "neutral",
        "score": 50,
        "tldr": "Generated through the annotate view"
      }
    }
  },
  "urls": [
    "freesteamkeys.com"
  ]
}