{
  "alexa": 3373,
  "class": false,
  "links": {},
  "points": [
    "4249"
  ],
  "pointsData": {
    "4249": {
      "id": "4249",
      "quoteDoc": "Terms of Service",
      "quoteEnd": 1678,
      "quoteStart": 1634,
      "quoteText": "You must be at least thirteen years old.</p>",
      "services": [
        "freecodecamp"
      ],
      "title": "age limit",
      "topics": [],
      "tosdr": {
        "binding": true,
        "case": "This service is only available to users of a certain age",
        "point": "neutral",
        "score": 15,
        "tldr": "age limit"
      }
    }
  },
  "urls": [
    "freecodecamp.org"
  ]
}