{
  "alexa": 2403,
  "class": false,
  "links": {},
  "points": [
    "5367",
    "5661",
    "5662",
    "5663",
    "5664",
    "5665",
    "5666",
    "5668",
    "5669",
    "5670",
    "5673",
    "5674",
    "5675",
    "5676",
    "5677",
    "5678",
    "5679"
  ],
  "pointsData": {
    "5367": {
      "id": "5367",
      "needModeration": false,
      "quoteDoc": "Privacy Policy",
      "quoteEnd": 9460,
      "quoteStart": 8593,
      "quoteText": "Your right of access</strong>\n<br> You have the right to obtain a copy of all personal data that Fur Affinity holds about you, such as personal details or correspondence, generally, within a 30 day time limit and free of charge.\nYou may limit the amount of data that you would like to obtain if you do not wish to access all of the records.<br>\n<br> Requests for your right of access can be sent to <strong>myinfo@furaffinity.net</strong>.\n</li>\n<li>\n<strong>Your right to move your data (portability)</strong>\n<br> Under certain circumstances you can request that a data collector move your data to another service provider.\nThis is not an automatic right, and because Fur Affinity provides unique Services, it may not be able to honor your right to data portability.<br>\n<br> Requests for your right of access can be sent to <strong>myinfo@furaffinity.net</strong>.",
      "services": [
        "furaffinity"
      ],
      "title": "This service provides a way for you to export your data",
      "topics": [],
      "tosdr": {
        "binding": true,
        "case": "This service provides a way for you to export your data",
        "point": "good",
        "score": 30,
        "tldr": "Generated through the annotate view"
      }
    },
    "5661": {
      "id": "5661",
      "needModeration": false,
      "quoteDoc": "Terms of Service",
      "quoteEnd": 435,
      "quoteStart": 383,
      "quoteText": "Terms of Service\n<strong>Updated:</strong> 5/25/2018",
      "services": [
        "furaffinity"
      ],
      "title": "There is a date of the last update of the terms",
      "topics": [],
      "tosdr": {
        "binding": true,
        "case": "There is a date of the last update of the terms",
        "point": "neutral",
        "score": 50,
        "tldr": "Generated through the annotate view"
      }
    },
    "5662": {
      "id": "5662",
      "needModeration": false,
      "quoteDoc": "Terms of Service",
      "quoteEnd": 1150,
      "quoteStart": 1037,
      "quoteText": "Fur Affinity reserves the right to enforce these terms via content removal (submissions, journals, comments, etc)",
      "services": [
        "furaffinity"
      ],
      "title": "The service can delete specific content without prior notice and without a reason",
      "topics": [],
      "tosdr": {
        "binding": true,
        "case": "The service can delete specific content without prior notice and without a reason",
        "point": "blocker",
        "score": 50,
        "tldr": "Generated through the annotate view"
      }
    },
    "5663": {
      "id": "5663",
      "needModeration": false,
      "quoteDoc": "Terms of Service",
      "quoteEnd": 1226,
      "quoteStart": 1152,
      "quoteText": "account suspension, and account termination at the discretion of its staff",
      "services": [
        "furaffinity"
      ],
      "title": "The service can delete your account without prior notice and without a reason",
      "topics": [],
      "tosdr": {
        "binding": true,
        "case": "The service can delete your account without prior notice and without a reason",
        "point": "bad",
        "score": 60,
        "tldr": "Generated through the annotate view"
      }
    },
    "5664": {
      "id": "5664",
      "needModeration": false,
      "quoteDoc": "Terms of Service",
      "quoteEnd": 1524,
      "quoteStart": 1371,
      "quoteText": "In order to investigate claims and comply with local law enforcement, we reserve the right to monitor any communication using Fur Affinity as the medium.",
      "services": [
        "furaffinity"
      ],
      "title": "Your private content may be accessed by people working for the service",
      "topics": [],
      "tosdr": {
        "binding": true,
        "case": "Your private content may be accessed by people working for the service",
        "point": "neutral",
        "score": 30,
        "tldr": "Generated through the annotate view"
      }
    },
    "5665": {
      "id": "5665",
      "needModeration": false,
      "quoteDoc": "Terms of Service",
      "quoteEnd": 1947,
      "quoteStart": 1711,
      "quoteText": "<p>If for any reason, your account is suspended, banned, restricted, blocked (via users), or otherwise disabled by Fur Affinity, you agree to not create another account with the intent to bypass these limitations without our permission.",
      "services": [
        "furaffinity"
      ],
      "title": "Service does not allow alternative accounts",
      "topics": [],
      "tosdr": {
        "binding": true,
        "case": "Service does not allow alternative accounts",
        "point": "neutral",
        "score": 30,
        "tldr": "Generated through the annotate view"
      }
    },
    "5666": {
      "id": "5666",
      "needModeration": false,
      "quoteDoc": "Terms of Service",
      "quoteEnd": 3125,
      "quoteStart": 2847,
      "quoteText": "Fur Affinity reserves the right to change these documents at any time, without prior notice, and for any reason.\nYou will be notified of these changes via site announcements.\nContinued usage of the site after being notified constitutes acceptance and agreement with any changes.",
      "services": [
        "furaffinity"
      ],
      "title": "The service may change its terms at any time, but the user will receive notification of the changes.",
      "topics": [],
      "tosdr": {
        "binding": true,
        "case": "The service may change its terms at any time, but the user will receive notification of the changes.",
        "point": "neutral",
        "score": 0,
        "tldr": "Generated through the annotate view"
      }
    },
    "5668": {
      "id": "5668",
      "needModeration": false,
      "quoteDoc": "Terms of Service",
      "quoteEnd": 4706,
      "quoteStart": 4088,
      "quoteText": "By registering an account, you agree that you are at least thirteen (13) years of age in the US or are sixteen (16) if you are a resident of the EU.\nNo individual under the age of thirteen (13) may register an account, use our services, provide any personal information to Fur Affinity, or otherwise upload or transmit personal information through our services (Name, address, telephone number, email address, etc).</p>\n<p>\n<i>In other words...</i>\n<br>You must be a minimum of at least 13 years old to use this site.\nDue to various policies in the EU policy we require EU residents be at least 16 years or older.</p> ",
      "services": [
        "furaffinity"
      ],
      "title": "This service is only available to users of a certain age",
      "topics": [],
      "tosdr": {
        "binding": true,
        "case": "This service is only available to users of a certain age",
        "point": "neutral",
        "score": 15,
        "tldr": "Generated through the annotate view"
      }
    },
    "5669": {
      "id": "5669",
      "needModeration": false,
      "quoteDoc": "Terms of Service",
      "quoteEnd": 10653,
      "quoteStart": 10023,
      "quoteText": "<p>Our services may change without prior notice to you.\nWe retain the right to create limits on our services at any time with or without notice.\nWe may also impose limits on services or aspects of them or restrict your access to part or all of our services without notice or liability.\nWe may change, suspend, or discontinue any or all of our services at any time, including availability of any product, feature, database, and content (yours or ours).</p>\n<p>\n<i>In other words...</i>\n<br>If need be, we reserve the right to disable or remove features or even limit access to the site completely if need be.\nWe try not to do this.",
      "services": [
        "furaffinity"
      ],
      "title": "The service provider makes no warranty regarding uninterrupted, timely, secure or error-free service",
      "topics": [],
      "tosdr": {
        "binding": true,
        "case": "The service provider makes no warranty regarding uninterrupted, timely, secure or error-free service",
        "point": "bad",
        "score": 30,
        "tldr": "Generated through the annotate view"
      }
    },
    "5670": {
      "id": "5670",
      "needModeration": false,
      "quoteDoc": "Terms of Service",
      "quoteEnd": 10841,
      "quoteStart": 10661,
      "quoteText": "<p>Fur Affinity's services are provided on an \"as is\" and \"as available\" basis.\nWe do not warranty our services or content (yours or ours).\nYou release us from liability concerning",
      "services": [
        "furaffinity"
      ],
      "title": "The service is provided 'as is' and to be used at the users' sole risk",
      "topics": [],
      "tosdr": {
        "binding": true,
        "case": "The service is provided 'as is' and to be used at the users' sole risk",
        "point": "bad",
        "score": 20,
        "tldr": "Generated through the annotate view"
      }
    },
    "5673": {
      "id": "5673",
      "needModeration": false,
      "quoteDoc": "Privacy Policy",
      "quoteEnd": 5061,
      "quoteStart": 4605,
      "quoteText": "<p>We may track information that will be maintained, used and disclosed in aggregate form only and which will not contain your personally identifiable information.\nFor example, we may collect IP addresses, browser type and cookie numbers.\nWe may analyze this data for trends and statistics in the aggregate, and we may use such aggregate information to administer the Site, track users' movement, and gather broad demographic information for aggregate use.",
      "services": [
        "furaffinity"
      ],
      "title": "Your personal data is aggregated into statistics",
      "topics": [],
      "tosdr": {
        "binding": true,
        "case": "Your personal data is aggregated into statistics",
        "point": "neutral",
        "score": 10,
        "tldr": "Generated through the annotate view"
      }
    },
    "5674": {
      "id": "5674",
      "needModeration": false,
      "quoteDoc": "Privacy Policy",
      "quoteEnd": 4578,
      "quoteStart": 4462,
      "quoteText": "You can read more about privacy and cookies set by DoubleClick by Google at https://www.google.com/intl/en/policies.",
      "services": [
        "furaffinity"
      ],
      "title": "The service refers users to external documents for more information",
      "topics": [],
      "tosdr": {
        "binding": true,
        "case": "The service refers users to external documents for more information",
        "point": "bad",
        "privacyRelated": true,
        "score": 25,
        "tldr": "Generated through the annotate view"
      }
    },
    "5675": {
      "id": "5675",
      "needModeration": false,
      "quoteDoc": "Privacy Policy",
      "quoteEnd": 2098,
      "quoteStart": 1926,
      "quoteText": "To register an account at Fur Affinity we request certain personal data from you on the registration form such as your username, password, email address, and date of birth.",
      "services": [
        "furaffinity"
      ],
      "title": "The service allows you to use pseudonyms",
      "topics": [],
      "tosdr": {
        "binding": true,
        "case": "The service allows you to use pseudonyms",
        "point": "good",
        "score": 20,
        "tldr": "Generated through the annotate view"
      }
    },
    "5676": {
      "id": "5676",
      "needModeration": false,
      "quoteDoc": "Privacy Policy",
      "quoteEnd": 10341,
      "quoteStart": 9529,
      "quoteText": "You have to right to request that Fur Affinity stop certain data processing activities that involve processing your personal data.\nThis isn't an automatic right, and Fur Affinity's ability to restrict processing will depend on the type of data that for which you are making this request.<br>\n<br> Requests for your personal information can be sent to <strong>stop@furaffinity.net</strong>.\n</li>\n<li>\n<strong>You have a right request deletion</strong>\n<br> You have a right to request that Fur Affinity delete your personal data that it holds.\nThis isn't an automatic right, and what Fur Affinity is able to delete will depend on the type of data that we hold about you, whether it was obtained via consent, what purpose it serves, and whether Fur Affinity has an obligation to keep the data, among other things.",
      "services": [
        "furaffinity"
      ],
      "title": "The service provides a complaint mechanism for the handling of personal data",
      "topics": [],
      "tosdr": {
        "binding": true,
        "case": "The service provides a complaint mechanism for the handling of personal data",
        "point": "good",
        "privacyRelated": true,
        "score": 30,
        "tldr": "Generated through the annotate view"
      }
    },
    "5677": {
      "id": "5677",
      "needModeration": false,
      "quoteDoc": "Privacy Policy",
      "quoteEnd": 12874,
      "quoteStart": 12085,
      "quoteText": "Our computer systems and third party hosting provider systems are currently based in the United States and may be located in other countries, so your personal data will be processed by us in the U.S.\nand other countries where data protection and privacy regulations may not offer the same level of protection as in other parts of the world, such as the European Union.\nIf you create a user account with the Site as a visitor from outside the United States, by using the Site you agree to this Privacy Policy and you consent to the transfer of all such information to the United States, which may not offer an equivalent level of protection of that required in the European Union or certain other countries, and to the processing of that information as described in this Privacy Policy.</p>",
      "services": [
        "furaffinity"
      ],
      "title": "Your data may be processed and stored anywhere in the world",
      "topics": [],
      "tosdr": {
        "binding": true,
        "case": "Your data may be processed and stored anywhere in the world",
        "point": "bad",
        "score": 25,
        "tldr": "Generated through the annotate view"
      }
    },
    "5678": {
      "id": "5678",
      "needModeration": false,
      "quoteDoc": "Code of Conduct",
      "quoteEnd": 9869,
      "quoteStart": 9127,
      "quoteText": "<b>Do not post links to content prohibited by Fur Affinity's policies.</b>\n<br> If you are not permitted to upload or discuss the content on Fur Affinity, then do not link to it.\nViolating this rule may also result in citation under the site rule the content violates.\n</p>\n<p>Mature/Adult links are prohibited on General-rated or public areas unless the content requires a login or age verification.\nThis includes advertisements visible on the target URL.</p>\n<p>\n<strong>Exemptions:</strong> AUP 2.8, 2.9, 4.1, 4.2, and others by staff discretion.</p>\n<p>\n<i>\n<strong>In other words...</strong>\n</i>\n<br>Do not post comments or content which violate site rules.\nIf it's against the rules it can not be linked, except in instances noted.</p>",
      "services": [
        "furaffinity"
      ],
      "title": "Users agree not to submit illegal content",
      "topics": [],
      "tosdr": {
        "binding": true,
        "case": "Users agree not to submit illegal content",
        "point": "neutral",
        "score": 10,
        "tldr": "Generated through the annotate view"
      }
    },
    "5679": {
      "id": "5679",
      "needModeration": false,
      "quoteDoc": "Terms of Service",
      "quoteEnd": 9144,
      "quoteStart": 8828,
      "quoteText": "These permissions do not transfer the rights of your content or allow us to create any deviations of that content outside the aforementioned purposes.</p>\n<p>\n<i>In other words...</i>\n<br>By uploading your content to the site you give us permission to host and share it.\nYou retain the copyright to your content.</p>",
      "services": [
        "furaffinity"
      ],
      "title": "You maintain ownership of your data",
      "topics": [],
      "tosdr": {
        "binding": true,
        "case": "You maintain ownership of your data",
        "point": "good",
        "score": 50,
        "tldr": "Generated through the annotate view"
      }
    }
  },
  "urls": [
    "furaffinity.net"
  ]
}