{
  "class": "A",
  "links": {},
  "points": [
    "4364",
    "4365",
    "4369",
    "4370"
  ],
  "pointsData": {
    "4364": {
      "id": "4364",
      "needModeration": false,
      "services": [
        "fwg1240"
      ],
      "title": "IP addresses of website visitors are not tracked",
      "topics": [],
      "tosdr": {
        "binding": true,
        "case": "IP addresses of website visitors are not tracked",
        "point": "neutral",
        "score": 30,
        "tldr": "IP addresses of website visitors are not tracked"
      }
    },
    "4365": {
      "id": "4365",
      "needModeration": false,
      "services": [
        "fwg1240"
      ],
      "title": "no tracking",
      "topics": [],
      "tosdr": {
        "binding": true,
        "case": "This service does not track you",
        "point": "good",
        "score": 100,
        "tldr": "no tracking"
      }
    },
    "4369": {
      "id": "4369",
      "needModeration": false,
      "services": [
        "fwg1240"
      ],
      "title": "easy to read",
      "topics": [],
      "tosdr": {
        "binding": true,
        "case": "The terms for this service are easy to read",
        "point": "good",
        "score": 15,
        "tldr": "easy to read"
      }
    },
    "4370": {
      "id": "4370",
      "needModeration": false,
      "services": [
        "fwg1240"
      ],
      "title": "info given about what personal data they collect",
      "topics": [],
      "tosdr": {
        "binding": true,
        "case": "The service provides details about what kinds of personal information they collect",
        "point": "good",
        "score": 30,
        "tldr": "info given about what personal data they collect"
      }
    }
  },
  "urls": [
    "fwg1240.de"
  ]
}