{
  "alexa": 12029,
  "class": false,
  "links": {},
  "points": [
    "5508"
  ],
  "pointsData": {
    "5508": {
      "id": "5508",
      "needModeration": false,
      "quoteDoc": "Guidelines",
      "quoteEnd": 106,
      "quoteStart": 71,
      "quoteText": "<em>Last updated: January 2nd, 2017",
      "services": [
        "gab"
      ],
      "title": "There is a date of the last update of the terms",
      "topics": [],
      "tosdr": {
        "binding": true,
        "case": "There is a date of the last update of the terms",
        "point": "neutral",
        "score": 50,
        "tldr": " If we make any material changes to this Privacy Policy, we'll notify you of those changes by posting them on the Services or by sending you an email or other notification, and we'll update the \"Last Updated Date\" above to indicate when those changes will become effective."
      }
    }
  },
  "urls": [
    "gab.ai",
    "gab.com"
  ]
}