{
  "class": false,
  "links": {},
  "points": [
    "5051",
    "5052",
    "5054",
    "5055",
    "5056",
    "5057",
    "5058"
  ],
  "pointsData": {
    "5051": {
      "id": "5051",
      "needModeration": false,
      "services": [
        "getrentback"
      ],
      "title": "The service provides a complete list of all cookies set by its website",
      "topics": [],
      "tosdr": {
        "binding": true,
        "case": "The service provides a complete list of all cookies set by its website",
        "point": "good",
        "privacyRelated": true,
        "score": 40,
        "tldr": "In addition, the user may opt out of all cookie tracking except the one cookie which tracks the user's cookie preferences."
      }
    },
    "5052": {
      "id": "5052",
      "needModeration": false,
      "services": [
        "getrentback"
      ],
      "title": "The terms for this service are easy to read",
      "topics": [],
      "tosdr": {
        "binding": true,
        "case": "The terms for this service are easy to read",
        "point": "good",
        "score": 15,
        "tldr": "One single A4 sheet, divided into columns."
      }
    },
    "5054": {
      "id": "5054",
      "needModeration": false,
      "services": [
        "getrentback"
      ],
      "title": "This service does not sell your personal data",
      "topics": [],
      "tosdr": {
        "binding": true,
        "case": "This service does not sell your personal data",
        "point": "good",
        "score": 25,
        "tldr": "The Privacy Policy states \"Flat Justice will never sell, rent, or lease your personally identifiable information to others.\". Note: FlatJustice is the community interest company which owns the GetRentBack website."
      }
    },
    "5055": {
      "id": "5055",
      "needModeration": false,
      "services": [
        "getrentback"
      ],
      "title": "You can request access and deletion of personal data",
      "topics": [],
      "tosdr": {
        "binding": true,
        "case": "You can request access and deletion of personal data",
        "point": "good",
        "privacyRelated": true,
        "score": 50,
        "tldr": "The Privacy Policy states \"Flat Justice recognises that individuals have the right to access their personal data and can make a request verbally or in writing. If we receive a subject access request asking what information is held about them, we will deal with the request without undue delay and at the latest within one month of receipt.\"\r\n"
      }
    },
    "5056": {
      "id": "5056",
      "needModeration": false,
      "services": [
        "getrentback"
      ],
      "title": "Users can access most of the pages on the service's website without revealing any personal information",
      "topics": [],
      "tosdr": {
        "binding": true,
        "case": "Users can access most of the pages on the service's website without revealing any personal information",
        "point": "good",
        "privacyRelated": true,
        "score": 60,
        "tldr": "The Privacy Policy states \"There is no requirement to provide us with any personal information if you want to use the free online information resource on our website.\""
      }
    },
    "5057": {
      "id": "5057",
      "needModeration": false,
      "services": [
        "getrentback"
      ],
      "title": "This service only shares user information with third parties when given specific consent",
      "topics": [],
      "tosdr": {
        "binding": true,
        "case": "This service only shares user information with third parties when given specific consent",
        "point": "good",
        "privacyRelated": true,
        "score": 80,
        "tldr": "The Privacy Policy states \"All information and supporting documentation that you share with us will be held securely and will never by disclosed to a third party without your prior written agreement.\""
      }
    },
    "5058": {
      "id": "5058",
      "services": [
        "getrentback"
      ],
      "title": "The service allows you to opt out of providing personal information to third parties",
      "topics": [],
      "tosdr": {
        "binding": true,
        "case": "The service allows you to opt out of providing personal information to third parties",
        "point": "good",
        "privacyRelated": true,
        "score": 50,
        "tldr": "The Cookie pop-up menu displays checkboxes for the user to opt out of third party cookie tracking. If all available boxes are unticked by the user, the only cookie which is kept is the one which stores these user preferences."
      }
    }
  },
  "urls": [
    "getrentback.org"
  ]
}