{
  "alexa": 73,
  "class": "B",
  "links": {
    "Privacy Policy": {
      "name": "Privacy Policy",
      "url": "https://help.github.com/en/articles/github-privacy-statement"
    },
    "Security": {
      "name": "Security",
      "url": "https://help.github.com/articles/github-security/"
    },
    "Terms of Service": {
      "name": "Terms of Service",
      "url": "https://help.github.com/en/articles/github-terms-of-service"
    }
  },
  "points": [
    "4589",
    "5971",
    "652",
    "849",
    "915"
  ],
  "pointsData": {
    "652": {
      "discussion": "https://groups.google.com/d/topic/tosdr/hI5Too_uDVk/discussion",
      "id": "652",
      "meta": {
        "author": "ToS;DR by Unhosted",
        "contributors": [
          "Hugo Roy <hugo@unhosted.org>"
        ],
        "license-for-this-file": "This work is licensed under the Creative Commons Attribution-ShareAlike 3.0 Unported License. To view a copy of this license, visit http://creativecommons.org/licenses/by-sa/3.0/ or send a letter to Creative Commons, 444 Castro Street, Suite 900, Mountain View, California, 94041, .USA",
        "spec-version": "1.1"
      },
      "needModeration": false,
      "quoteDoc": "Terms of Service",
      "quoteEnd": 36040,
      "quoteStart": 35781,
      "quoteText": "GitHub has the right to suspend or terminate your access to all or any part of the Website at any time, with or without cause, with or without notice, effective immediately.\nGitHub reserves the right to refuse service to anyone for any reason at any time.</p>",
      "services": [
        "github"
      ],
      "slug": "hI5Too_uDVk",
      "source": {
        "terms": "https://github.com/site/terms"
      },
      "title": "Your account can be suspended and your data deleted any time for any reason",
      "topics": [
        "suspension"
      ],
      "tosdr": {
        "binding": true,
        "case": "The service can delete your account without prior notice and without a reason",
        "point": "bad",
        "score": 60,
        "tldr": "“GitHub, in its sole discretion, has the right to suspend or terminate your account and refuse any and all current or future use of the Service, or any other GitHub service, for any reason at any time. Such termination of the Service will result in the deactivation or deletion of your Account or your access to your Account, and the forfeiture and relinquishment of all Content in your Account. GitHub reserves the right to refuse service to anyone for any reason at any time. ” However, most of your data at GitHub can be exported with 'git clone' (for the wiki) and with the API (for the issues)."
      }
    },
    "849": {
      "discussion": "https://groups.google.com/d/topic/tosdr/8LDE2ZPXRW4/discussion",
      "id": "849",
      "meta": {
        "author": "ToS;DR by Unhosted",
        "contributors": [
          "Hugo Roy <hugo@unhosted.org>"
        ],
        "license-for-this-file": "This work is licensed under the Creative Commons Attribution-ShareAlike 3.0 Unported License. To view a copy of this license, visit http://creativecommons.org/licenses/by-sa/3.0/ or send a letter to Creative Commons, 444 Castro Street, Suite 900, Mountain View, California, 94041, .USA",
        "spec-version": "1.1"
      },
      "needModeration": false,
      "quoteDoc": "Privacy Policy",
      "quoteEnd": 16816,
      "quoteStart": 16317,
      "quoteText": "We may share User Personal Information if we are involved in a merger, sale, or acquisition.\nIf any such change of ownership happens, we will ensure that it is under terms that preserve the confidentiality of User Personal Information, and we will notify you on our website or by email before any transfer of your User Personal Information.\nThe organization receiving any User Personal Information will have to honor any promises we have made in our Privacy Statement or in our Terms of Service.</p>",
      "services": [
        "github"
      ],
      "slug": "8LDE2ZPXRW4",
      "source": {
        "terms": "https://github.com/site/terms"
      },
      "title": "Promises will be kept after a merger or acquisition",
      "topics": [
        "business-transfer"
      ],
      "tosdr": {
        "binding": true,
        "case": "Promises will be kept after a merger or acquisition",
        "point": "good",
        "score": 50,
        "tldr": "“We transfer information about you if GitHub is acquired by or merged with another company. In this event, GitHub will notify you before information about you is transferred and becomes subject to a different privacy policy. ”"
      }
    },
    "915": {
      "discussion": "https://groups.google.com/d/topic/tosdr/EpPNnYXBW_w/discussion",
      "id": "915",
      "meta": {
        "author": "ToS;DR by Unhosted",
        "contributors": [
          "Hugo Roy <hugo@unhosted.org>"
        ],
        "license-for-this-file": "This work is licensed under the Creative Commons Attribution-ShareAlike 3.0 Unported License. To view a copy of this license, visit http://creativecommons.org/licenses/by-sa/3.0/ or send a letter to Creative Commons, 444 Castro Street, Suite 900, Mountain View, California, 94041, .USA",
        "spec-version": "1.1"
      },
      "needModeration": false,
      "quoteDoc": "Terms of Service",
      "quoteEnd": 41306,
      "quoteStart": 40622,
      "quoteText": "You agree to indemnify us, defend us, and hold us harmless from and against any and all claims, liabilities, and expenses, including attorneys’ fees, arising out of your use of the Website and the Service, including but not limited to your violation of this Agreement, provided that GitHub (1) promptly gives you written notice of the claim, demand, suit or proceeding.\n(2) gives you sole control of the defense and settlement of the claim, demand, suit or proceeding (provided that you may not settle any claim, demand, suit or proceeding unless the settlement unconditionally releases GitHub of all liability).\nand (3) provides to you all reasonable assistance, at your expense.</p>",
      "services": [
        "github"
      ],
      "slug": "EpPNnYXBW_w",
      "source": {
        "privacy": "https://github.com/site/terms"
      },
      "title": "You shall defend and indemnify GitHub",
      "topics": [
        "governance"
      ],
      "tosdr": {
        "binding": true,
        "case": "You agree to defend, indemnify, and hold the service harmless in case of a claim related to your use of the service",
        "point": "bad",
        "score": 60,
        "tldr": ""
      }
    },
    "4589": {
      "id": "4589",
      "services": [
        "github"
      ],
      "title": "This service provides archives of their terms of service so that changes can be viewed over time",
      "topics": [],
      "tosdr": {
        "binding": true,
        "case": "This service provides archives of their terms of service so that changes can be viewed over time",
        "point": "good",
        "score": 50,
        "tldr": "History can be found via the source link."
      }
    },
    "5971": {
      "id": "5971",
      "quoteDoc": "Privacy Policy",
      "quoteEnd": 26953,
      "quoteStart": 26391,
      "quoteText": "Some browsers have incorporated \"Do Not Track\" (DNT) features that can send a signal to the websites you visit indicating you do not wish to be tracked.\nGitHub responds to browser DNT signals and follows the W3C standard for responding to DNT signals.\nIf you have not enabled DNT on a browser that supports it, cookies on some parts of our website will track your online browsing activity on other online services over time, though we do not permit third parties other than our analytics and service providers to track GitHub users' activity over time on GitHub.",
      "services": [
        "github"
      ],
      "title": "This service respects your browser's Do Not Track (DNT) headers",
      "topics": [],
      "tosdr": {
        "binding": true,
        "case": "This service respects your browser's Do Not Track (DNT) headers",
        "point": "good",
        "privacyRelated": true,
        "score": 30,
        "tldr": "Generated through the annotate view"
      }
    }
  },
  "urls": [
    "github.com"
  ]
}