{
  "alexa": 213,
  "class": false,
  "links": {
    "Civil Subpoena Policy": {
      "name": "Civil Subpoena Policy",
      "url": "https://www.godaddy.com/agreements/showdoc.aspx?pageid=CIVIL_SUBPOENA"
    },
    "Domain Name Proxy Agreement": {
      "name": "Domain Name Proxy Agreement",
      "url": "https://www.godaddy.com/agreements/showdoc.aspx?pageid=DOMAIN_NAMEPROXY"
    },
    "Domain Name Registration Agreement": {
      "name": "Domain Name Registration Agreement",
      "url": "https://www.godaddy.com/agreements/showdoc.aspx?pageid=REG_SA"
    },
    "Privacy Policy": {
      "name": "Privacy Policy",
      "url": "https://www.godaddy.com/agreements/showdoc.aspx?pageid=PRIVACY&ci=20803&app_hdr=0"
    },
    "Trademark and Copyright Infringement Policy": {
      "name": "Trademark and Copyright Infringement Policy",
      "url": "https://www.godaddy.com/agreements/showdoc.aspx?pageid=TRADMARK_COPY"
    },
    "Uniform Domain Name Dispute Resolution Policy": {
      "name": "Uniform Domain Name Dispute Resolution Policy",
      "url": "https://www.godaddy.com/agreements/showdoc.aspx?pageid=UNIFORM_DOMAIN"
    },
    "Universal Terms Of Service": {
      "name": "Universal Terms Of Service",
      "url": "https://www.godaddy.com/legal-agreements.aspx?ci=20802"
    }
  },
  "points": [
    "5135"
  ],
  "pointsData": {
    "5135": {
      "id": "5135",
      "needModeration": false,
      "quoteDoc": "Privacy Policy",
      "quoteEnd": 8048,
      "quoteStart": 7636,
      "quoteText": "<p>We only share your personal data as necessary for any third party to provide the services as requested or as needed on our behalf.\nThese third parties (and any subcontractors) are subject to strict data processing terms and conditions and are prohibited from utilizing, sharing or retaining your personal data for any purpose other than as they have been specifically contracted for (or without your consent).",
      "services": [
        "godaddy"
      ],
      "title": "Third parties used by the service are bound by confidentiality obligations",
      "topics": [],
      "tosdr": {
        "binding": true,
        "case": "Third parties used by the service are bound by confidentiality obligations",
        "point": "good",
        "score": 20,
        "tldr": "Generated through the annotate view"
      }
    }
  },
  "urls": [
    "godaddy.com"
  ]
}