{
  "class": false,
  "links": {},
  "points": [
    "4262"
  ],
  "pointsData": {
    "4262": {
      "id": "4262",
      "needModeration": false,
      "quoteDoc": "Privacy Policy",
      "quoteEnd": 3963,
      "quoteStart": 2955,
      "quoteText": "<p>Other information we collect:</p>\n<ul>\n<li>\n<p>Website: When you access Goodtodo.com, your Web browser automatically transmits to our servers your IP address, as well as the page address you are accessing.\nCreative Good does not use that information except in the aggregate, to help us identify the Good Todo features that customers use the most.\n<strong>The goodtodo.com website does not use third-party trackers such as those created by Google and Facebook.</strong>\n</p>\n</li>\n<li>\n<p>Mobile apps: The Good Todo mobile apps do not capture any additional data except anonymous crash data for crash-log reporting, so that we can identify if the app has a bug that needs to be fixed.\nOur mobile apps do not access users' location, camera, or microphone.\nnor do they employ any other tracking or surveillance.\nHowever, outside of Creative Good's control, the mobile apps may include tracking employed by Apple or Google that may be built into their iOS and Android mobile operating systems.</p>\n</li>\n</ul>",
      "services": [
        "goodtodo"
      ],
      "title": "no tracking",
      "topics": [],
      "tosdr": {
        "binding": true,
        "case": "This service does not track you",
        "point": "good",
        "score": 100,
        "tldr": "no tracking"
      }
    }
  },
  "urls": [
    "goodtodo.com"
  ]
}