{
  "alexa": 818,
  "class": false,
  "links": {
    "Privacy Policy": {
      "name": "Privacy Policy",
      "url": "https://www.grammarly.com/privacy-policy"
    },
    "Terms of Service and License Agreement": {
      "name": "Terms of Service and License Agreement",
      "url": "https://www.grammarly.com/terms"
    }
  },
  "points": [
    "1011",
    "1093",
    "1103",
    "1471",
    "1481",
    "4927"
  ],
  "pointsData": {
    "1011": {
      "discussion": "https://groups.google.com/d/topic/tosdr/V0TEGIyY-Mw/discussion",
      "id": "1011",
      "meta": {
        "author": "Ian McGowan",
        "contributors": [
          "Robin Monks <devlinks@gmail.com>"
        ],
        "license-for-this-file": "This work is licensed under the Creative Commons Attribution-ShareAlike 3.0 Unported License. To view a copy of this license, visit http://creativecommons.org/licenses/by-sa/3.0/ or send a letter to Creative Commons, 444 Castro Street, Suite 900, Mountain View, California, 94041, .USA",
        "spec-version": "1.1"
      },
      "needModeration": false,
      "quoteDoc": "Terms of Service and License Agreement",
      "quoteEnd": 13120,
      "quoteStart": 12834,
      "quoteText": "You are solely responsible for all activity in connection with access to the Site and/or Services through your account or using your password, and for the security of your computer systems, and in no event shall Grammarly be liable for any loss or damages relating to such activity.</p>",
      "services": [
        "grammarly"
      ],
      "slug": "V0TEGIyY-Mw",
      "source": {
        "terms": "http://privacy-policy.truste.com/verified-policy/www.grammarly.com"
      },
      "title": "You are responsible for all activity in your account",
      "topics": [
        "governance"
      ],
      "tosdr": {
        "binding": true,
        "case": "You are responsible for maintaining the security of your account and for the activities on your account",
        "point": "neutral",
        "score": 10,
        "tldr": ""
      }
    },
    "1093": {
      "discussion": "https://groups.google.com/d/topic/tosdr/6tV-Tf0IAU8/discussion",
      "id": "1093",
      "irrelevant": "",
      "meta": {
        "author": "Ian McGowan",
        "contributors": [
          "Robin Monks <devlinks@gmail.com>"
        ],
        "license-for-this-file": "This work is licensed under the Creative Commons Attribution-ShareAlike 3.0 Unported License. To view a copy of this license, visit http://creativecommons.org/licenses/by-sa/3.0/ or send a letter to Creative Commons, 444 Castro Street, Suite 900, Mountain View, California, 94041, .USA",
        "spec-version": "1.1"
      },
      "needModeration": false,
      "services": [
        "grammarly"
      ],
      "slug": "6tV-Tf0IAU8",
      "source": {
        "terms": "http://privacy-policy.truste.com/verified-policy/www.grammarly.com"
      },
      "title": "Grammarly does not notify users before being involved in a merger, sale, or acquisition",
      "topics": [
        "business-transfer"
      ],
      "tosdr": {
        "binding": true,
        "case": "may sell your data in merger",
        "point": "bad",
        "privacyRelated": true,
        "score": 20,
        "tldr": "Grammarly does not inform users before being involved in a merger, sale, or acquisition. They do, however, notify users via email and post a notice on their site regarding any choices you may have regarding your personal information."
      }
    },
    "1103": {
      "discussion": "https://groups.google.com/d/topic/tosdr/xeCU16INcCI/discussion",
      "id": "1103",
      "meta": {
        "author": "Ian McGowan",
        "contributors": [
          "Robin Monks <devlinks@gmail.com>"
        ],
        "license-for-this-file": "This work is licensed under the Creative Commons Attribution-ShareAlike 3.0 Unported License. To view a copy of this license, visit http://creativecommons.org/licenses/by-sa/3.0/ or send a letter to Creative Commons, 444 Castro Street, Suite 900, Mountain View, California, 94041, .USA",
        "spec-version": "1.1"
      },
      "needModeration": false,
      "quoteDoc": "Privacy Policy",
      "quoteEnd": 11418,
      "quoteStart": 11058,
      "quoteText": "\nGrammarly uses cookies and similar technologies, including tracking pixels and web beacons, to collect usage and analytic data that helps us provide our Site, Software, and/or Services to you, as well as to help deliver ads for relevant Grammarly products and services to you when you visit certain pages on the Site and then visit certain third-party sites.\n",
      "reason": "merged with NodO6svScog.json",
      "services": [
        "grammarly"
      ],
      "slug": "xeCU16INcCI",
      "source": {
        "terms": "http://privacy-policy.truste.com/verified-policy/www.grammarly.com"
      },
      "title": "The service may use tracking pixels, web beacons, browser fingerprinting, and/or device fingerprinting on users.",
      "topics": [
        "cookies"
      ],
      "tosdr": {
        "binding": true,
        "case": "The service may use tracking pixels, web beacons, browser fingerprinting, and/or device fingerprinting on users.",
        "irrelevant": false,
        "point": "bad",
        "privacyRelated": true,
        "reason": true,
        "score": 50,
        "tldr": "Grammarly uses third-party cookies to track your preferences and profile information, as well as general usage and volume stats, which don't include personal information. The web beacons are used along with cookies to analyze how their site is used, and to gauge how effective their customer communications and marketing campaigns are. For example, they know how many users access a specific page and which links they clicked on."
      }
    },
    "1471": {
      "discussion": "https://groups.google.com/d/topic/tosdr/RxSqGYydyVU/discussion",
      "id": "1471",
      "needModeration": false,
      "quoteDoc": "Terms of Service and License Agreement",
      "quoteEnd": 12365,
      "quoteStart": 12023,
      "quoteText": "You shall be solely responsible for the security and proper use of all user IDs, passwords or other security devices used in connection with the Site and/or the Services, and shall take all reasonable steps to ensure that they are kept confidential and secure, are used properly and are not disclosed to or used by any other person or entity.",
      "services": [
        "grammarly"
      ],
      "set": "set+service+and+topic",
      "slug": "RxSqGYydyVU",
      "title": "You are responsible for maintaining the security of your account and for the activities on your account",
      "topics": [
        "governance"
      ],
      "tosdr": {
        "binding": true,
        "case": "You are responsible for maintaining the security of your account and for the activities on your account",
        "point": "neutral",
        "score": 10,
        "tldr": "Grammarly not responsible for unauthorized access"
      }
    },
    "1481": {
      "discussion": "https://groups.google.com/d/topic/tosdr/io-IADJLDvs/discussion",
      "id": "1481",
      "needModeration": false,
      "quoteDoc": "Terms of Service and License Agreement",
      "quoteEnd": 28798,
      "quoteStart": 28483,
      "quoteText": "If Grammarly updates or revises this Agreement, Grammarly will notify you either by email to your most recently provided email address, by posting the updated or revised Terms of Service and End User License Agreement on the Site or by any other manner chosen by Grammarly in its commercially reasonable discretion.",
      "services": [
        "grammarly"
      ],
      "set": "set+service+and+topic",
      "slug": "io-IADJLDvs",
      "title": " Terms may be changed any time at their discretion, without notice to the user ",
      "topics": [
        "payment%22%2C+%22changes"
      ],
      "tosdr": {
        "binding": true,
        "case": " Terms may be changed any time at their discretion, without notice to the user ",
        "point": "bad",
        "score": 70,
        "tldr": "This is very vaguely defined and can basically mean \"We post it somewhere and it will count as notification\". I doubt this can be counted as \"notification\"."
      }
    },
    "4927": {
      "id": "4927",
      "needModeration": false,
      "quoteDoc": "Terms of Service and License Agreement",
      "quoteEnd": 27551,
      "quoteStart": 27082,
      "quoteText": "By uploading or entering any User Content, you give Grammarly (and those it works with) a nonexclusive, worldwide, royalty-free and fully-paid, transferable and sublicensable, perpetual, and irrevocable license to copy, store and use your User Content (and, if you are an Authorized User, your Enterprise Subscriber’s User Content) in connection with the provision of the Software and the Services and to improve the algorithms underlying the Software and the Services.",
      "services": [
        "grammarly"
      ],
      "title": "This service can use your content for all their existing and future services",
      "topics": [],
      "tosdr": {
        "binding": true,
        "case": "This service can use your content for all their existing and future services",
        "point": "bad",
        "score": 50,
        "tldr": "As per the Grammarly's \"Terms of Service and License Agreement,\" accessed 2018-10-31, \"By uploading or entering any User Content, you give Grammarly (and those it works with) a nonexclusive, worldwide, royalty-free and fully-paid, transferable and sublicensable, perpetual, and irrevocable license to copy, store and use your User Content (and, if you are an Authorized User, your Enterprise Subscriber’s User Content) in connection with the provision of the Software and the Services and to improve the algorithms underlying the Software and the Services.\"\r\n\r\nA perpetual, irrevocable license that is transferable and sublicensable use user content in a vague way isn't necessary. (The \"provision of the Software and the Services\" isn't defined or limited.)"
      }
    }
  },
  "urls": [
    "grammarly.com"
  ]
}