{
  "alexa": 513,
  "class": false,
  "links": {
    "Privacy Policy": {
      "name": "Privacy Policy",
      "url": "http://www.groupon.com/privacy"
    }
  },
  "points": [
    "1334",
    "1560"
  ],
  "pointsData": {
    "1334": {
      "approved": false,
      "id": "1334",
      "needModeration": false,
      "quoteDoc": "Privacy Policy",
      "quoteEnd": 16109,
      "quoteStart": 15811,
      "quoteText": "If you wish to cancel your account or request that we no longer use your Personal Information to provide you services contact us at support@groupon.com.\nWe will retain and use your Personal Information as necessary to comply with our legal obligations, resolve disputes, and enforce our agreements.",
      "services": [
        "groupon"
      ],
      "slug": "M53pi6dXRqHWD6C8Q",
      "submittedBy": "euuLXKG9G2vNLbLDK",
      "title": "If you deactivate your account, Groupon cannot guarantee that they will always delete records.",
      "topics": [
        "user-info"
      ],
      "tosdr": {
        "binding": true,
        "case": "This service retains rights to your content even after you stop using your account",
        "point": "bad",
        "score": 25,
        "sources": [
          "https://www.groupon.com/privacy"
        ],
        "tldr": ""
      }
    },
    "1560": {
      "approved": false,
      "id": "1560",
      "needModeration": false,
      "quoteDoc": "Privacy Policy",
      "quoteEnd": 12992,
      "quoteStart": 12703,
      "quoteText": "We also use cookies, tags, web beacons, local shared objects, files, tools and programs to keep records, store your preferences, improve our advertising, and collect Non-Identifying Information, including Device Data and your interaction with the Site and our Business Partners' web sites.",
      "services": [
        "groupon"
      ],
      "slug": "K6NDng5ni3b3sN8A8",
      "submittedBy": "euuLXKG9G2vNLbLDK",
      "title": "Tracking",
      "topics": [
        "track",
        "cookies",
        "track"
      ],
      "tosdr": {
        "binding": true,
        "case": "The service may use tracking pixels, web beacons, browser fingerprinting, and/or device fingerprinting on users.",
        "point": "bad",
        "privacyRelated": true,
        "score": 50,
        "sources": [
          "https://www.groupon.com/cookie-policy"
        ],
        "tldr": ""
      }
    }
  },
  "urls": [
    "groupon.com"
  ]
}