{
  "alexa": 33975,
  "class": false,
  "links": {
    "Privacy Policy": {
      "name": "Privacy Policy",
      "url": "https://help.habbo.com/hc/en-us/articles/221644748"
    },
    "Terms of Service": {
      "name": "Terms of Service",
      "url": "https://help.habbo.com/hc/en-us/articles/221644728"
    }
  },
  "points": [
    "6215",
    "6216",
    "6217",
    "6218",
    "6219",
    "6220",
    "6221",
    "6222",
    "6223"
  ],
  "pointsData": {
    "6215": {
      "id": "6215",
      "quoteDoc": "Privacy Policy",
      "quoteEnd": 2170,
      "quoteStart": 1913,
      "quoteText": "Right of access and Right to data portability</strong>\n<p>You can check your own data or receive the data you have provided yourself while using our Services in machine-readable form.\nDo this by accessing Settings or by contacting our customer service desk.",
      "services": [
        "habbo"
      ],
      "title": "This service allows you to retrieve an archive of your data",
      "topics": [],
      "tosdr": {
        "binding": true,
        "case": "This service allows you to retrieve an archive of your data",
        "point": "good",
        "score": 40,
        "tldr": "Generated through the annotate view"
      }
    },
    "6216": {
      "id": "6216",
      "quoteDoc": "Privacy Policy",
      "quoteEnd": 5047,
      "quoteStart": 4963,
      "quoteText": "<li>Chat logs.\nWe may keep chat log records for safety and moderation purposes.</li>",
      "services": [
        "habbo"
      ],
      "title": "The service can read your private messages",
      "topics": [],
      "tosdr": {
        "binding": true,
        "case": "The service can read your private messages",
        "point": "bad",
        "privacyRelated": true,
        "score": 70,
        "tldr": "Generated through the annotate view"
      }
    },
    "6217": {
      "id": "6217",
      "quoteDoc": "Terms of Service",
      "quoteEnd": 13316,
      "quoteStart": 13117,
      "quoteText": "No Young Children and Parents Responsible for Minors: You shall not create an Account or access the Service if you are under the age of 13 and shall not permit access to children under the age of 13.",
      "services": [
        "habbo"
      ],
      "title": "This service is only available to users that are 13 years old and up",
      "topics": [],
      "tosdr": {
        "binding": true,
        "case": "This service is only available to users of a certain age",
        "point": "neutral",
        "score": 15,
        "tldr": "This service is only available to users that are 13 years old and up"
      }
    },
    "6218": {
      "id": "6218",
      "quoteDoc": "Terms of Service",
      "quoteEnd": 26453,
      "quoteStart": 25811,
      "quoteText": "<p>TO THE FULLEST EXTENT PERMITTED BY APPLICABLE LAW, SULAKE SHALL NOT BE LIABLE TO YOU FOR ANY DIRECT, INDIRECT, INCIDENTAL, CONSEQUENTIAL, SPECIAL, PUNITIVE OR OTHER SIMILAR DAMAGES, INCLUDING BUT NOT LIMITED TO LOSS OF REVENUES, LOST PROFITS, LOST DATA OR BUSINESS INTERRUPTION OR OTHER INTANGIBLE LOSSES (HOWEVER SUCH LOSSES ARE QUALIFIED), ARISING OUT OF OR RELATING IN ANY WAY TO YOUR ACCESS TO AND USE OF THE SERVICE AND YOUR RIGHTS UNDER THESE TERMS OF SERVICE OR ANY APPLICABLE ADDITIONAL TERMS, WHETHER BASED ON CONTRACT, TORT OR ANY OTHER LEGAL THEORY, AND WHETHER OR NOT SULAKE HAS BEEN ADVISED OF THE POSSIBILITY OF SUCH DAMAGES.",
      "services": [
        "habbo"
      ],
      "title": "This service assumes no liability for any losses or damages resulting from any matter relating to the service",
      "topics": [],
      "tosdr": {
        "binding": true,
        "case": "This service assumes no liability for any losses or damages resulting from any matter relating to the service",
        "point": "bad",
        "score": 50,
        "tldr": "Generated through the annotate view"
      }
    },
    "6219": {
      "id": "6219",
      "quoteDoc": "Terms of Service",
      "quoteEnd": 29062,
      "quoteStart": 28073,
      "quoteText": "You agree to indemnify, defend and hold Sulake and its successors and assigns harmless from any claim, demand, damages or other losses, including reasonable attorneys’ fees, asserted by any third party resulting from or arising out of: our use of information you submit to us (including your User-Generated Content) through the Service.\nyour use of the Service and your activities in connection with the Service.\nany breach by you of these Terms or any applicable Additional Terms.\nyour violation of any laws in connection with your use of the Service or your activities in connection with the Service.\ncontent transmitted through your Device that infringes, violates, or misappropriates any copyright, trademark, trade secret, trade dress, patent, publicity, privacy, or other right of any person or entity.\nand any misrepresentation made by you (all of the foregoing, “<strong>Claims and Losses</strong>”).\nYou will cooperate as fully required by us in the defense of any Claim and Loss.",
      "services": [
        "habbo"
      ],
      "title": "You agree to defend, indemnify, and hold the service harmless in case of a claim related to your use of the service",
      "topics": [],
      "tosdr": {
        "binding": true,
        "case": "You agree to defend, indemnify, and hold the service harmless in case of a claim related to your use of the service",
        "point": "bad",
        "score": 60,
        "tldr": "Generated through the annotate view"
      }
    },
    "6220": {
      "id": "6220",
      "quoteDoc": "Terms of Service",
      "quoteEnd": 34431,
      "quoteStart": 34240,
      "quoteText": "Disputes will be arbitrated only on an individual basis and will not be consolidated with any other arbitrations or other proceedings that involve any claim or controversy of any other party.",
      "services": [
        "habbo"
      ],
      "title": "You waive your right to a class action.",
      "topics": [],
      "tosdr": {
        "binding": true,
        "case": "You waive your right to a class action.",
        "point": "bad",
        "score": 50,
        "tldr": "Generated through the annotate view"
      }
    },
    "6221": {
      "id": "6221",
      "quoteDoc": "Terms of Service",
      "quoteEnd": 9052,
      "quoteStart": 8975,
      "quoteText": "To the extent permitted by applicable laws, you hereby waive any moral rights",
      "services": [
        "habbo"
      ],
      "title": "You sign away moral rights",
      "topics": [],
      "tosdr": {
        "binding": true,
        "case": "You sign away moral rights",
        "point": "blocker",
        "score": 50,
        "tldr": "Generated through the annotate view"
      }
    },
    "6222": {
      "id": "6222",
      "quoteDoc": "Terms of Service",
      "quoteEnd": 10300,
      "quoteStart": 9960,
      "quoteText": "We have the right, but not the obligation, to edit, refuse to post, or remove any User-Generated Content posted on the Service that we deem objectionable or think&nbsp;&nbsp.\nviolates these Terms and any applicable Additional Terms, or the spirit of these Terms and any applicable Additional Terms, in our sole discretion and determination.",
      "services": [
        "habbo"
      ],
      "title": "The service can delete specific content without prior notice and without a reason",
      "topics": [],
      "tosdr": {
        "binding": true,
        "case": "The service can delete specific content without prior notice and without a reason",
        "point": "blocker",
        "score": 50,
        "tldr": "Generated through the annotate view"
      }
    },
    "6223": {
      "id": "6223",
      "quoteDoc": "Terms of Service",
      "quoteEnd": 24408,
      "quoteStart": 24387,
      "quoteText": "mandatory arbitration",
      "services": [
        "habbo"
      ],
      "title": "This service forces users into binding arbitration in the case of disputes",
      "topics": [],
      "tosdr": {
        "binding": true,
        "case": "This service forces users into binding arbitration in the case of disputes",
        "point": "bad",
        "score": 50,
        "tldr": "Generated through the annotate view"
      }
    }
  },
  "urls": [
    "habbo.com"
  ]
}