{
  "class": false,
  "links": {},
  "points": [
    "4456",
    "4457",
    "4458",
    "4459",
    "4460",
    "4461",
    "4462",
    "4463",
    "4464",
    "4465",
    "4466"
  ],
  "pointsData": {
    "4456": {
      "id": "4456",
      "needModeration": false,
      "quoteDoc": "Terms of Use",
      "quoteEnd": 1790,
      "quoteStart": 1447,
      "quoteText": "We will also notify you, either through the Site user interface, in an email notification or through other reasonable means.\nAny such changes will become effective no earlier than fourteen (14) days after they are posted, except that changes addressing new functions of the Site or changes made for legal reasons will be effective immediately.",
      "services": [
        "hackernews"
      ],
      "title": "When the service wants to change its terms, users are notified a week or more in advance.",
      "topics": [],
      "tosdr": {
        "binding": true,
        "case": "When the service wants to change its terms, users are notified a week or more in advance.",
        "point": "good",
        "score": 15,
        "tldr": "Generated through the annotate view"
      }
    },
    "4457": {
      "id": "4457",
      "needModeration": false,
      "quoteDoc": "Terms of Use",
      "quoteEnd": 3246,
      "quoteStart": 3161,
      "quoteText": "If you are under 13 years of age, you are not authorized to register to use the Site.",
      "services": [
        "hackernews"
      ],
      "title": "This service is only available to users of a certain age",
      "topics": [],
      "tosdr": {
        "binding": true,
        "case": "This service is only available to users of a certain age",
        "point": "neutral",
        "score": 15,
        "tldr": "Generated through the annotate view"
      }
    },
    "4458": {
      "id": "4458",
      "needModeration": false,
      "quoteDoc": "Terms of Use",
      "quoteEnd": 3733,
      "quoteStart": 3311,
      "quoteText": "You are responsible for maintaining the confidentiality of your password and account, if any, and are fully responsible for any and all activities that occur under your password or account.\nYou agree to (a) immediately notify Y Combinator of any unauthorized use of your password or account or any other breach of security, and (b) ensure that you exit from your account at the end of each session when accessing the Site.",
      "services": [
        "hackernews"
      ],
      "title": "You are responsible for maintaining the security of your account and for the activities on your account",
      "topics": [],
      "tosdr": {
        "binding": true,
        "case": "You are responsible for maintaining the security of your account and for the activities on your account",
        "point": "neutral",
        "score": 10,
        "tldr": "Generated through the annotate view"
      }
    },
    "4459": {
      "id": "4459",
      "needModeration": false,
      "quoteDoc": "Terms of Use",
      "quoteEnd": 4715,
      "quoteStart": 4243,
      "quoteText": "You acknowledge that Y Combinator may establish general practices and limits concerning use of the Site, including without limitation the maximum period of time that data or other content will be retained by the Site and the maximum storage space that will be allotted on Y Combinator’s servers on your behalf.\nYou agree that Y Combinator has no responsibility or liability for the deletion or failure to store any data or other content maintained or uploaded by the Site.",
      "services": [
        "hackernews"
      ],
      "title": "This services gives no guarantee regarding quality",
      "topics": [],
      "tosdr": {
        "binding": true,
        "case": "This services gives no guarantee regarding quality",
        "point": "bad",
        "score": 20,
        "tldr": "Generated through the annotate view"
      }
    },
    "4460": {
      "id": "4460",
      "needModeration": false,
      "quoteDoc": "Privacy Policy",
      "quoteEnd": 3342,
      "quoteStart": 3122,
      "quoteText": "We may, and we may allow third party service providers to, use cookies or similar technologies to collect information about your browsing activities over time and across different websites following your use of the Site.",
      "services": [
        "hackernews"
      ],
      "title": "This service tracks you on other websites",
      "topics": [],
      "tosdr": {
        "binding": true,
        "case": "This service tracks you on other websites",
        "point": "bad",
        "score": 60,
        "tldr": "Generated through the annotate view"
      }
    },
    "4461": {
      "id": "4461",
      "needModeration": false,
      "quoteDoc": "Privacy Policy",
      "quoteEnd": 3664,
      "quoteStart": 3343,
      "quoteText": "For example, we use Google Analytics, a web analytics service provided by Google, Inc.\n(“Google”).\nGoogle Analytics uses cookies to help us analyze how users use the Site and enhance your experience when you use the Site.\nFor more information on how Google uses this data, go to www.google.com/policies/privacy/partners/.",
      "services": [
        "hackernews"
      ],
      "title": "This service allows tracking via third-party cookies for purposes including targeted advertising.",
      "topics": [],
      "tosdr": {
        "binding": true,
        "case": "Tracking via third-party cookies for other purposes without your consent.",
        "point": "bad",
        "privacyRelated": true,
        "score": 70,
        "tldr": "Generated through the annotate view"
      }
    },
    "4462": {
      "id": "4462",
      "needModeration": false,
      "quoteDoc": "Terms of Use",
      "quoteEnd": 12079,
      "quoteStart": 11746,
      "quoteText": "With respect to the content or other materials you upload through the Site or share with other users or recipients (collectively, “User Content”), you represent and warrant that you own all right, title and interest in and to such User Content, including, without limitation, all copyrights and rights of publicity contained therein.",
      "services": [
        "hackernews"
      ],
      "title": "You maintain ownership of your data",
      "topics": [],
      "tosdr": {
        "binding": true,
        "case": "You maintain ownership of your data",
        "point": "good",
        "score": 50,
        "tldr": "Generated through the annotate view"
      }
    },
    "4463": {
      "id": "4463",
      "needModeration": false,
      "quoteDoc": "Terms of Use",
      "quoteEnd": 12299,
      "quoteStart": 12280,
      "quoteText": "irrevocable license",
      "services": [
        "hackernews"
      ],
      "title": "This service keeps a license on user-generated content even after users close their accounts.",
      "topics": [],
      "tosdr": {
        "binding": true,
        "case": "This service keeps a license on user-generated content even after users close their accounts.",
        "point": "bad",
        "score": 50,
        "tldr": "Generated through the annotate view"
      }
    },
    "4464": {
      "id": "4464",
      "needModeration": false,
      "quoteDoc": "Terms of Use",
      "quoteEnd": 30176,
      "quoteStart": 29978,
      "quoteText": "You agree that Y Combinator, in its sole discretion, may suspend or terminate your account (or any part thereof) or use of the Site and remove and discard any content within the Site, for any reason",
      "services": [
        "hackernews"
      ],
      "title": "The service can delete your account without prior notice and without a reason",
      "topics": [],
      "tosdr": {
        "binding": true,
        "case": "The service can delete your account without prior notice and without a reason",
        "point": "bad",
        "score": 60,
        "tldr": "Generated through the annotate view"
      }
    },
    "4465": {
      "id": "4465",
      "needModeration": false,
      "quoteDoc": "Privacy Policy",
      "quoteEnd": 8807,
      "quoteStart": 8629,
      "quoteText": "Please note that we have no obligation to delete any of stories, favorites or comments listed in your profile or otherwise remove their association with your profile or username.",
      "services": [
        "hackernews"
      ],
      "title": "You cannot delete your account for this service",
      "topics": [],
      "tosdr": {
        "binding": true,
        "case": "You cannot delete your account of this service",
        "point": "blocker",
        "privacyRelated": true,
        "score": 70,
        "tldr": "Generated through the annotate view"
      }
    },
    "4466": {
      "id": "4466",
      "needModeration": false,
      "quoteDoc": "Privacy Policy",
      "quoteEnd": 8180,
      "quoteStart": 7761,
      "quoteText": "Y Combinator may disclose your Personal Data if required to do so by law or in the good faith belief that such action is necessary to (i) comply with a legal obligation, (ii) protect and defend the rights or property of Y Combinator or individuals associated with Y Combinator, (iii) act in urgent circumstances to protect the personal safety of users of the Site or the public, or (iv) protect against legal liability.",
      "services": [
        "hackernews"
      ],
      "title": "This service can share your personal information to third parties ",
      "topics": [],
      "tosdr": {
        "binding": true,
        "case": "This service can share your personal information to third parties ",
        "point": "bad",
        "score": 50,
        "tldr": "Generated through the annotate view"
      }
    }
  },
  "urls": [
    "news.ycombinator.com"
  ]
}