{
  "class": false,
  "links": {},
  "points": [
    "6452",
    "6454"
  ],
  "pointsData": {
    "6452": {
      "id": "6452",
      "needModeration": false,
      "quoteDoc": "Privacy Policy – Harper Macaw",
      "quoteEnd": 2567,
      "quoteStart": 2440,
      "quoteText": "We reserve the right to update or change our Privacy Policy at any time and you should check this Privacy Policy periodically.\n",
      "services": [
        "harpermacawshop"
      ],
      "title": "Users should revisit the terms periodically, although in case of material changes, the service will notify",
      "topics": [],
      "tosdr": {
        "binding": true,
        "case": "Users should revisit the terms periodically, although in case of material changes, the service will notify",
        "point": "neutral",
        "score": 50,
        "tldr": "Generated through the annotate view"
      }
    },
    "6454": {
      "id": "6454",
      "needModeration": false,
      "quoteDoc": "Terms & Conditions – Harper Macaw",
      "quoteEnd": 3532,
      "quoteStart": 2903,
      "quoteText": "Once an order has been placed and processed by Harper Macaw, it may only be cancelled with the consent of Harper Macaw.\nItems may be added to processed orders, but additional product and shipping charges will apply.\nIf items are cancelled from a processed order, a 20% restocking fee may apply.\nAny return of product should occur within thirty (30) days of delivery of product and will be solely at your expense.\nAny refund for returned product will be determined at Harper Macaw’s discretion and may incur a 20% restocking fee.\nHarper Macaw will make any refund within thirty (30) days of Harper Macaw’s receipt of product.</p>\n",
      "services": [
        "harpermacawshop"
      ],
      "title": "Users are entitled to a refund if certain thresholds or standards are not met by the service",
      "topics": [],
      "tosdr": {
        "binding": true,
        "case": "Users are entitled to a refund if certain thresholds or standards are not met by the service",
        "point": "good",
        "score": 30,
        "tldr": "Generated through the annotate view"
      }
    }
  },
  "urls": [
    "harpermacaw.com"
  ]
}