{
  "alexa": 3134,
  "class": false,
  "links": {},
  "points": [
    "6628",
    "6629",
    "6630",
    "6631",
    "6632"
  ],
  "pointsData": {
    "6628": {
      "id": "6628",
      "quoteDoc": " Service Terms",
      "quoteEnd": 46,
      "quoteStart": 1,
      "quoteText": "Service Terms Effective date:&nbsp;04/12/2015",
      "services": [
        "heretechnologies|here"
      ],
      "title": "There is a date of the last update of the terms",
      "topics": [],
      "tosdr": {
        "binding": true,
        "case": "There is a date of the last update of the terms",
        "point": "neutral",
        "score": 50,
        "tldr": "Generated through the annotate view"
      }
    },
    "6629": {
      "id": "6629",
      "quoteDoc": " Privacy Policy",
      "quoteEnd": 16327,
      "quoteStart": 16215,
      "quoteText": "HERE uses cookies, web beacons and other similar technologies to operate and improve our websites and offerings.",
      "services": [
        "heretechnologies|here"
      ],
      "title": "The service may use tracking pixels, web beacons, browser fingerprinting, and/or device fingerprinting on users.",
      "topics": [],
      "tosdr": {
        "binding": true,
        "case": "The service may use tracking pixels, web beacons, browser fingerprinting, and/or device fingerprinting on users.",
        "point": "bad",
        "privacyRelated": true,
        "score": 50,
        "tldr": "Generated through the annotate view"
      }
    },
    "6630": {
      "id": "6630",
      "quoteDoc": "HERE WeGo, HERE application and HERE Maps Service Terms ",
      "quoteEnd": 27643,
      "quoteStart": 27270,
      "quoteText": "You are responsible for, and will indemnify and hold the Company, its affiliates, and its and their respective directors, officers, employees, contractors, agents, representatives, successor and assigns, harmless from and against any claims arising out of your responsibilities or failure to comply with this Agreement, or your failure to use the Service as intended.</li>\n",
      "services": [
        "heretechnologies|here"
      ],
      "title": "You agree to defend, indemnify, and hold the service harmless in case of a claim related to your use of the service",
      "topics": [],
      "tosdr": {
        "binding": true,
        "case": "You agree to defend, indemnify, and hold the service harmless in case of a claim related to your use of the service",
        "point": "bad",
        "score": 60,
        "tldr": "Generated through the annotate view"
      }
    },
    "6631": {
      "id": "6631",
      "quoteDoc": "Mobility Products Privacy Policy",
      "quoteEnd": 26938,
      "quoteStart": 26536,
      "quoteText": "Your information, including Personal Data might be transferred outside the country where you use the </em>\n<em>Services</em>\n<em>.\n</em>&nbsp;</p>\n<p>The Services may be provided using resources and servers located in various countries around the world.\nTherefore, your Personal Data may be transferred across international borders outside the country where you use the Services or access our Website.\n",
      "services": [
        "heretechnologies|here"
      ],
      "title": "Your data may be processed and stored anywhere in the world",
      "topics": [],
      "tosdr": {
        "binding": true,
        "case": "Your data may be processed and stored anywhere in the world",
        "point": "bad",
        "score": 25,
        "tldr": "Generated through the annotate view"
      }
    },
    "6632": {
      "id": "6632",
      "quoteDoc": "Mobility Products Terms of Use",
      "quoteEnd": 18457,
      "quoteStart": 18169,
      "quoteText": "All Charges paid by you are final and non-refundable, unless otherwise determined by the Transport Provider in accordance with its terms.\nIf you want to cancel a ride, please refer to the cancellation policy of the relevant Transport Provider with whom you booked a ride via the Services.",
      "services": [
        "heretechnologies|here"
      ],
      "title": "The service has a no refund policy",
      "topics": [],
      "tosdr": {
        "binding": true,
        "case": "The service has a no refund policy",
        "point": "neutral",
        "score": 50,
        "tldr": "Generated through the annotate view"
      }
    }
  },
  "urls": [
    "here.com"
  ]
}