{
  "class": false,
  "links": {},
  "points": [
    "4507"
  ],
  "pointsData": {
    "4507": {
      "id": "4507",
      "needModeration": false,
      "quoteDoc": "Privacy Policy",
      "quoteEnd": 5621,
      "quoteStart": 5379,
      "quoteText": "Få en kopi af dine data eller bliv glemt!<p>Skriv til webre­dak­tør (og DPO), hvis du ger­ne vil have til­sendt de data, vi har om dig, eller hvis du vil bru­ge din “ret til at bli­ve glemt” og vil have slet­tet alle data om dig på sitet.</p>",
      "services": [
        "historielærer-dk"
      ],
      "title": "This service allows you to retrieve an archive of your data",
      "topics": [],
      "tosdr": {
        "binding": true,
        "case": "This service allows you to retrieve an archive of your data",
        "point": "good",
        "score": 40,
        "tldr": "The privacy policy states that you can write to the admin for a copy of data about you on the site."
      }
    }
  },
  "urls": [
    "historielaerer.dk"
  ]
}