{
  "alexa": 222039,
  "class": false,
  "links": {},
  "points": [
    "4666"
  ],
  "pointsData": {
    "4666": {
      "id": "4666",
      "needModeration": false,
      "quoteDoc": "Privacy Policy",
      "quoteEnd": 7332,
      "quoteStart": 7241,
      "quoteText": "The specified data and your entire user account can always be deleted in the customer area.",
      "services": [
        "honeypot"
      ],
      "title": "You can delete your content from this service",
      "topics": [],
      "tosdr": {
        "binding": true,
        "case": "You can delete your content from this service",
        "point": "good",
        "score": 50,
        "tldr": "Generated through the annotate view"
      }
    }
  },
  "urls": [
    "honeypot.io"
  ]
}