{
  "class": false,
  "links": {},
  "points": [
    "6936",
    "6937",
    "6938",
    "6939",
    "6940"
  ],
  "pointsData": {
    "6936": {
      "id": "6936",
      "quoteDoc": "Rules",
      "quoteEnd": 765,
      "quoteStart": 670,
      "quoteText": "the Contest is open to individual persons who are at least 18 years old as of the date of entry",
      "services": [
        "hq"
      ],
      "title": "This service is only available to users of a certain age",
      "topics": [],
      "tosdr": {
        "binding": true,
        "case": "This service is only available to users of a certain age",
        "point": "neutral",
        "score": 15,
        "tldr": "Generated through the annotate view"
      }
    },
    "6937": {
      "id": "6937",
      "quoteDoc": "Rest of the World Privacy Policy",
      "quoteEnd": 5422,
      "quoteStart": 5268,
      "quoteText": "We may continue to disclose such content to third parties in a manner that does not reveal Personal Information, as described in this Privacy Policy.</p>\n",
      "services": [
        "hq"
      ],
      "title": "Only aggregate data is given to third parties",
      "topics": [],
      "tosdr": {
        "binding": true,
        "case": "Only aggregate data is given to third parties",
        "point": "neutral",
        "score": 10,
        "tldr": "Generated through the annotate view"
      }
    },
    "6938": {
      "id": "6938",
      "quoteDoc": "Terms of Use",
      "quoteEnd": 20158,
      "quoteStart": 19878,
      "quoteText": "Termination</strong>.\nWe may terminate your access to all or any part of the Services at any time, with or without cause, with or without notice, effective immediately, which may result in the forfeiture and destruction of all information associated with your use of the Services.",
      "services": [
        "hq"
      ],
      "title": "The service can delete your account without prior notice and without a reason",
      "topics": [],
      "tosdr": {
        "binding": true,
        "case": "The service can delete your account without prior notice and without a reason",
        "point": "bad",
        "score": 60,
        "tldr": "Generated through the annotate view"
      }
    },
    "6939": {
      "id": "6939",
      "quoteDoc": "Terms of Use",
      "quoteEnd": 39095,
      "quoteStart": 39025,
      "quoteText": "<strong>Effective Date of Terms of Use</strong>: July&nbsp;6, 2017</p>",
      "services": [
        "hq"
      ],
      "title": "There is a date of the last update of the terms",
      "topics": [],
      "tosdr": {
        "binding": true,
        "case": "There is a date of the last update of the terms",
        "point": "neutral",
        "score": 50,
        "tldr": "Generated through the annotate view"
      }
    },
    "6940": {
      "id": "6940",
      "quoteDoc": "Terms of Use",
      "quoteEnd": 1088,
      "quoteStart": 842,
      "quoteText": "Terms of Use and all other operating rules, policies and procedures that may be published from time to time through the App by us, each of which is incorporated by reference and each of which may be updated from time to time without notice to you",
      "services": [
        "hq"
      ],
      "title": " Terms may be changed any time at their discretion, without notice to the user ",
      "topics": [],
      "tosdr": {
        "binding": true,
        "case": " Terms may be changed any time at their discretion, without notice to the user ",
        "point": "bad",
        "score": 70,
        "tldr": "Generated through the annotate view"
      }
    }
  },
  "urls": [
    "hqtrivia.com"
  ]
}