{
  "alexa": 969,
  "class": false,
  "links": {},
  "points": [
    "6861",
    "6862",
    "6863",
    "6865"
  ],
  "pointsData": {
    "6861": {
      "id": "6861",
      "quoteDoc": "Cookies Policy",
      "quoteEnd": 6480,
      "quoteStart": 6384,
      "quoteText": "If you enable Do Not Track in your browser, all Huawei websites will respect your selection.</p>",
      "services": [
        "huawei"
      ],
      "title": "This service respects your browser's Do Not Track (DNT) headers",
      "topics": [],
      "tosdr": {
        "binding": true,
        "case": "This service respects your browser's Do Not Track (DNT) headers",
        "point": "good",
        "privacyRelated": true,
        "score": 30,
        "tldr": "Generated through the annotate view"
      }
    },
    "6862": {
      "id": "6862",
      "quoteDoc": "Privacy Policy",
      "quoteEnd": 12905,
      "quoteStart": 12820,
      "quoteText": "Disabling cookies may affect your use of some or all functions of these services.</p>",
      "services": [
        "huawei"
      ],
      "title": "Blocking cookies may limit your ability to use the service",
      "topics": [],
      "tosdr": {
        "binding": true,
        "case": "Blocking cookies may limit your ability to use the service",
        "point": "bad",
        "score": 50,
        "tldr": "Generated through the annotate view"
      }
    },
    "6863": {
      "id": "6863",
      "quoteDoc": "Terms of Use",
      "quoteEnd": 13856,
      "quoteStart": 13728,
      "quoteText": "The place of signing of this Agreement will be regarded as Longgang District in Shenzhen City in the People's Republic of China.",
      "services": [
        "huawei"
      ],
      "title": "The court of law governing the terms is in location X",
      "topics": [],
      "tosdr": {
        "binding": true,
        "case": "The court of law governing the terms is in location X",
        "point": "neutral",
        "score": 0,
        "tldr": "Generated through the annotate view"
      }
    },
    "6865": {
      "id": "6865",
      "quoteDoc": "Cookies Policy",
      "quoteEnd": 4637,
      "quoteStart": 4556,
      "quoteText": "Huawei and some third parties may also use web beacons and pixel tags on websites",
      "services": [
        "huawei"
      ],
      "title": "The service may use tracking pixels, web beacons, browser fingerprinting, and/or device fingerprinting on users.",
      "topics": [],
      "tosdr": {
        "binding": true,
        "case": "The service may use tracking pixels, web beacons, browser fingerprinting, and/or device fingerprinting on users.",
        "point": "bad",
        "privacyRelated": true,
        "score": 50,
        "tldr": "Generated through the annotate view"
      }
    }
  },
  "urls": [
    "huawei.com"
  ]
}