{
  "alexa": 552,
  "class": false,
  "links": {},
  "points": [
    "4942",
    "5261",
    "5266"
  ],
  "pointsData": {
    "4942": {
      "id": "4942",
      "needModeration": false,
      "quoteDoc": "Terms and Conditions",
      "quoteEnd": 69,
      "quoteStart": 5,
      "quoteText": "Last modified on August 6, 2018 and effective on August 6, 2018.",
      "services": [
        "humblebundle"
      ],
      "title": "There is a date of the last update of the terms",
      "topics": [],
      "tosdr": {
        "binding": true,
        "case": "There is a date of the last update of the terms",
        "point": "neutral",
        "score": 50,
        "tldr": "Generated through the annotate view"
      }
    },
    "5261": {
      "id": "5261",
      "needModeration": false,
      "quoteDoc": "Cookie Policy",
      "quoteEnd": 7455,
      "quoteStart": 7363,
      "quoteText": "In addition to cookies, we may also use other similar tracking technologies on our services.",
      "services": [
        "humblebundle"
      ],
      "title": "The service may use tracking pixels, web beacons, browser fingerprinting, and/or device fingerprinting on users.",
      "topics": [],
      "tosdr": {
        "binding": true,
        "case": "The service may use tracking pixels, web beacons, browser fingerprinting, and/or device fingerprinting on users.",
        "point": "bad",
        "privacyRelated": true,
        "score": 50,
        "tldr": "The Cookie Policy states that they use Web Beacons (also called \"tracking pixels\", \"internet tags\", \"pixel tags\" or \"clear gifs\"), Embedded Scripts, Device Fingerprinting, and Local Storage."
      }
    },
    "5266": {
      "id": "5266",
      "needModeration": false,
      "quoteDoc": "Cookie Policy",
      "quoteEnd": 9617,
      "quoteStart": 9560,
      "quoteText": "We do not respond to \"do not track\" signals at this time.",
      "services": [
        "humblebundle"
      ],
      "title": "This service ignores the Do Not Track (DNT) header and tracks users anyway even if they set this header.",
      "topics": [],
      "tosdr": {
        "binding": true,
        "case": "This service ignores the Do Not Track (DNT) header and tracks users anyway even if they set this header.",
        "point": "bad",
        "score": 60,
        "tldr": "Generated through the annotate view"
      }
    }
  },
  "urls": [
    "humblebundle.com"
  ]
}