{
  "alexa": 10906,
  "class": false,
  "links": {},
  "points": [
    "5948",
    "5949",
    "5950",
    "5951",
    "5952",
    "5953",
    "5954",
    "5955",
    "5956",
    "5957",
    "5958",
    "5961",
    "5963",
    "5964"
  ],
  "pointsData": {
    "5948": {
      "id": "5948",
      "quoteDoc": "Terms of service",
      "quoteEnd": 216,
      "quoteStart": 174,
      "quoteText": "<strong>Last Updated: 21 May 2018</strong>",
      "services": [
        "icann"
      ],
      "title": "There is a date of the last update of the terms",
      "topics": [],
      "tosdr": {
        "binding": true,
        "case": "There is a date of the last update of the terms",
        "point": "neutral",
        "score": 50,
        "tldr": "Generated through the annotate view"
      }
    },
    "5949": {
      "id": "5949",
      "quoteDoc": "Terms of service",
      "quoteEnd": 7214,
      "quoteStart": 6705,
      "quoteText": "Under no circumstances is the Website intended for direct use by persons under 13 years of age.\nIn order to use the Website on your own behalf, you must be at least 18 years of age.\nIf you are between the ages of 13 and 18, you may still be able to use the Website, but you must have a parent or legal guardian provide valid and verifiable consent to your use of the Website and acceptance of these Terms of Service.\nWe do not knowingly collect any personal data directly from persons under the age of 13.</p>",
      "services": [
        "icann"
      ],
      "title": "This service is only available to users of at least 18 years of age",
      "topics": [],
      "tosdr": {
        "binding": true,
        "case": "This service is only available to users of a certain age",
        "point": "neutral",
        "score": 15,
        "tldr": "Generated through the annotate view"
      }
    },
    "5950": {
      "id": "5950",
      "quoteDoc": "Cookies policy",
      "quoteEnd": 6233,
      "quoteStart": 5856,
      "quoteText": "<strong>3.2 Third-Party Cookies</strong>: We may use third-party service providers to assist us by providing certain statistical and analytics information.\nFor example, third-party cookies are used to measure site performance, events, and visitor activity to make sure the Website is meeting the needs of users and help us make improvements for navigation, search, and content.",
      "services": [
        "icann"
      ],
      "title": "This service uses third-party cookies for statistics",
      "topics": [],
      "tosdr": {
        "binding": true,
        "case": "This service uses third-party cookies for statistics",
        "point": "bad",
        "privacyRelated": true,
        "score": 10,
        "tldr": "Generated through the annotate view"
      }
    },
    "5951": {
      "id": "5951",
      "quoteDoc": "Cookies policy",
      "quoteEnd": 8606,
      "quoteStart": 8465,
      "quoteText": "Please be aware, however, that if you turn off cookies, you may not be able to take full advantage of all of the features of our Website.</p>",
      "services": [
        "icann"
      ],
      "title": "Blocking cookies may limit your ability to use the service",
      "topics": [],
      "tosdr": {
        "binding": true,
        "case": "Blocking cookies may limit your ability to use the service",
        "point": "bad",
        "score": 50,
        "tldr": "Generated through the annotate view"
      }
    },
    "5952": {
      "id": "5952",
      "quoteDoc": "Cookies policy",
      "quoteEnd": 10735,
      "quoteStart": 10466,
      "quoteText": "We may use web beacons (also called web bugs, pixel tags, or clear GIFs) primarily to collect and maintain aggregated data (such as the number of visitors) to help us see which areas are most popular with our users and improve and update the content on our Website.</p>",
      "services": [
        "icann"
      ],
      "title": "The service may use tracking pixels, web beacons, browser fingerprinting, and/or device fingerprinting on users.",
      "topics": [],
      "tosdr": {
        "binding": true,
        "case": "The service may use tracking pixels, web beacons, browser fingerprinting, and/or device fingerprinting on users.",
        "point": "bad",
        "privacyRelated": true,
        "score": 50,
        "tldr": "Generated through the annotate view"
      }
    },
    "5953": {
      "id": "5953",
      "quoteDoc": "Privacy policy",
      "quoteEnd": 10936,
      "quoteStart": 10426,
      "quoteText": "We may share certain Personal Information with contractors and other agents for the purpose of Processing this information on our behalf, and providing other services to us or to the User on our behalf.\nThese third parties include providers that provide services such as data analysis, email transmission, customer relationship management (CRM), IT security, cloud service providers, database management, hotel and other travel service, asset management solutions, consultants, and financial or legal advisors.",
      "services": [
        "icann"
      ],
      "title": "Many third parties are involved in operating the service",
      "topics": [],
      "tosdr": {
        "binding": true,
        "case": "Many third parties are involved in operating the service",
        "point": "bad",
        "score": 50,
        "tldr": "Generated through the annotate view"
      }
    },
    "5954": {
      "id": "5954",
      "quoteDoc": "Privacy policy",
      "quoteEnd": 11081,
      "quoteStart": 10937,
      "quoteText": "We require that these parties agree to handle this information in compliance with appropriate confidentiality obligations and security measures.",
      "services": [
        "icann"
      ],
      "title": "Third parties used by the service are bound by confidentiality obligations",
      "topics": [],
      "tosdr": {
        "binding": true,
        "case": "Third parties used by the service are bound by confidentiality obligations",
        "point": "good",
        "score": 20,
        "tldr": "Generated through the annotate view"
      }
    },
    "5955": {
      "id": "5955",
      "quoteDoc": "Privacy policy",
      "quoteEnd": 15862,
      "quoteStart": 15431,
      "quoteText": "While we will take reasonable and appropriate security measures to protect against unauthorized access, disclosure, alteration or destruction of Personal Information received, <strong>WE DISCLAIM ANY AND ALL LIABILITY FOR UNAUTHORIZED ACCESS OR USE OR COMPROMISE OF YOUR PERSONAL INFORMATION TO THE MAXIMUM EXTENT PERMITTED BY APPLICABLE LAW.\nUSERS ARE ADVISED THAT THEY SUBMIT SUCH PERSONAL INFORMATION AT THEIR OWN RISK</strong>.",
      "services": [
        "icann"
      ],
      "title": "This service assumes no liability for unauthorized access to your personal information",
      "topics": [],
      "tosdr": {
        "binding": true,
        "case": "This service assumes no liability for unauthorized access to your personal information",
        "point": "bad",
        "score": 30,
        "tldr": "Generated through the annotate view"
      }
    },
    "5956": {
      "id": "5956",
      "quoteDoc": "Privacy policy",
      "quoteEnd": 16042,
      "quoteStart": 15891,
      "quoteText": "<p>Users' browsers may allow users to set a \"Do Not track\" preference.\nUnless otherwise stated, the Website does not honor \"Do Not Track\" requests.</p>",
      "services": [
        "icann"
      ],
      "title": "This service ignores the Do Not Track (DNT) header and tracks users anyway even if they set this header.",
      "topics": [],
      "tosdr": {
        "binding": true,
        "case": "This service ignores the Do Not Track (DNT) header and tracks users anyway even if they set this header.",
        "point": "bad",
        "score": 60,
        "tldr": "Generated through the annotate view"
      }
    },
    "5957": {
      "id": "5957",
      "quoteDoc": "Terms of service",
      "quoteEnd": 22373,
      "quoteStart": 22257,
      "quoteText": "Modification.</strong> This Agreement may be modified by the posting by us of a revised version on the Website.</li>",
      "services": [
        "icann"
      ],
      "title": " Terms may be changed any time at their discretion, without notice to the user ",
      "topics": [],
      "tosdr": {
        "binding": true,
        "case": " Terms may be changed any time at their discretion, without notice to the user ",
        "point": "bad",
        "score": 70,
        "tldr": "Generated through the annotate view"
      }
    },
    "5958": {
      "id": "5958",
      "needModeration": false,
      "quoteDoc": "Terms of service",
      "quoteEnd": 5971,
      "quoteStart": 5751,
      "quoteText": "We have the right (though not the obligation) to, in our sole discretion (i) refuse or remove any content that, in our reasonable opinion, violates any of our policy or procedure or is in any way harmful or objectionable",
      "services": [
        "icann"
      ],
      "title": "The service can delete specific content without prior notice and without a reason",
      "topics": [],
      "tosdr": {
        "binding": true,
        "case": "The service can delete specific content without prior notice and without a reason",
        "point": "blocker",
        "score": 50,
        "tldr": "Generated through the annotate view"
      }
    },
    "5961": {
      "id": "5961",
      "needModeration": false,
      "quoteDoc": "Terms of service",
      "quoteEnd": 15692,
      "quoteStart": 15416,
      "quoteText": "Without limiting the foregoing, everything in the Website is provided to you \"as is\" without warranty of any kind, either expressed or implied, including, but not limited to, the implied warranties of merchantability, fitness for a particular purpose, or non-infringement.</p>",
      "services": [
        "icann"
      ],
      "title": "The service is provided 'as is' and to be used at the users' sole risk",
      "topics": [],
      "tosdr": {
        "binding": true,
        "case": "The service is provided 'as is' and to be used at the users' sole risk",
        "point": "bad",
        "score": 20,
        "tldr": "Generated through the annotate view"
      }
    },
    "5963": {
      "id": "5963",
      "needModeration": false,
      "quoteDoc": "Terms of service",
      "quoteEnd": 16496,
      "quoteStart": 16329,
      "quoteText": "YOU UNDERSTAND THAT BY USING AND/OR BECOMING A REGISTERED USER OF THE WEBSITE OR SERVICES, YOU CONSENT AND CHOOSE TO HAVE SUCH CLAIMS SUBMITTED TO BINDING ARBITRATION.",
      "services": [
        "icann"
      ],
      "title": "This service forces users into binding arbitration in the case of disputes",
      "topics": [],
      "tosdr": {
        "binding": true,
        "case": "This service forces users into binding arbitration in the case of disputes",
        "point": "bad",
        "score": 50,
        "tldr": "Generated through the annotate view"
      }
    },
    "5964": {
      "id": "5964",
      "needModeration": false,
      "quoteDoc": "Terms of service",
      "quoteEnd": 23655,
      "quoteStart": 23497,
      "quoteText": "We may, in our sole discretion, transfer, delegate, subcontract or assign, without notifying you, any rights or obligations under these Terms of Service.</li>",
      "services": [
        "icann"
      ],
      "title": "The service can sell or otherwise transfer your personal data as part of a bankruptcy proceeding or other type of financial transaction.",
      "topics": [],
      "tosdr": {
        "binding": true,
        "case": "The service can sell or otherwise transfer your personal data as part of a bankruptcy proceeding or other type of financial transaction.",
        "point": "bad",
        "score": 50,
        "tldr": "Generated through the annotate view"
      }
    }
  },
  "urls": [
    "icann.org"
  ]
}