{
  "alexa": 15139,
  "class": false,
  "links": {},
  "points": [
    "4624",
    "4626",
    "4627",
    "4628",
    "4629",
    "4630",
    "4631",
    "4633",
    "4634"
  ],
  "pointsData": {
    "4624": {
      "id": "4624",
      "quoteDoc": "Privacy Policy",
      "quoteEnd": 3653,
      "quoteStart": 3309,
      "quoteText": "(a) anonymous encrypted code representing your Internet protocol (IP) address or your device identifier (if using a mobile device) and being used as a persistent identifier, anonymous login information, browser type and version, time zone setting, browser plug-in types and versions, operating system and version, device information.\nas well as",
      "services": [
        "icepop"
      ],
      "title": "The service may use tracking pixels, web beacons, browser fingerprinting, and/or device fingerprinting on users.",
      "topics": [],
      "tosdr": {
        "binding": true,
        "case": "The service may use tracking pixels, web beacons, browser fingerprinting, and/or device fingerprinting on users.",
        "point": "bad",
        "privacyRelated": true,
        "score": 50,
        "tldr": "Generated through the annotate view"
      }
    },
    "4626": {
      "id": "4626",
      "quoteDoc": "Privacy Policy",
      "quoteEnd": 5095,
      "quoteStart": 4582,
      "quoteText": "In addition, when you engage with advertisements that are displayed on the Services, Novelty, third party advertisers and data service providers may use industry-wide tracking methods (e.g., cookies, web beacons, etc.) which store certain information (“<strong>Methods</strong>”) and which allow us or such third parties to collect certain data for the purpose of serving advertisements through the use of the Novelty Services (including without limitation, serving advertisements that may be of interest to you).",
      "services": [
        "icepop"
      ],
      "title": "This service allows tracking via third-party cookies for purposes including targeted advertising.",
      "topics": [],
      "tosdr": {
        "binding": true,
        "case": "Tracking via third-party cookies for other purposes without your consent.",
        "point": "bad",
        "privacyRelated": true,
        "score": 70,
        "tldr": "Generated through the annotate view"
      }
    },
    "4627": {
      "id": "4627",
      "quoteDoc": "Privacy Policy",
      "quoteEnd": 2573,
      "quoteStart": 1924,
      "quoteText": "<p>If you have any questions or concerns about Novelty’s Privacy Policy or data processing or if you would like to make a complaint about a possible breach of local privacy laws, please contact us at:</p>\n<p>Novelty Magazines Ltd.</p>\n<p>Email address: Contact@novelty.media</p>\n<p>Postal address: 1 Habarzel Street, Tel Aviv, Israel 69710.</p>\n<p>Telephone number: 972-36209614</p>\n<p>If you are an EU resident, you have the right to make a complaint at any time to the relevant supervisory authority.\nWe would, however, appreciate the chance to deal with your concerns before you approach such authority, so please contact us in the first instance",
      "services": [
        "icepop"
      ],
      "title": "The service provides a complaint mechanism for the handling of personal data",
      "topics": [],
      "tosdr": {
        "binding": true,
        "case": "The service provides a complaint mechanism for the handling of personal data",
        "point": "good",
        "privacyRelated": true,
        "score": 30,
        "tldr": "Generated through the annotate view"
      }
    },
    "4628": {
      "id": "4628",
      "quoteDoc": "Privacy Policy",
      "quoteEnd": 5585,
      "quoteStart": 5179,
      "quoteText": "In such case, you will be subject to such third-party advertisers’ privacy policy.\nPlease note, however, that we do not control such third-party advertisers or service providers, i.e.\nthe third-party advertisers or service providers solely determine the purposes and means of the processing of personal data and are thus data controllers.\nWe generally do not have any access to the information so collected",
      "services": [
        "icepop"
      ],
      "title": "Third parties may be involved in operating the service",
      "topics": [],
      "tosdr": {
        "binding": true,
        "case": "Third parties may be involved in operating the service",
        "point": "bad",
        "score": 15,
        "tldr": "Generated through the annotate view"
      }
    },
    "4629": {
      "id": "4629",
      "quoteDoc": "Privacy Policy",
      "quoteEnd": 5585,
      "quoteStart": 5179,
      "quoteText": "In such case, you will be subject to such third-party advertisers’ privacy policy.\nPlease note, however, that we do not control such third-party advertisers or service providers, i.e.\nthe third-party advertisers or service providers solely determine the purposes and means of the processing of personal data and are thus data controllers.\nWe generally do not have any access to the information so collected",
      "services": [
        "icepop"
      ],
      "title": "Third parties may be involved in operating the service",
      "topics": [],
      "tosdr": {
        "binding": true,
        "case": "Third parties may be involved in operating the service",
        "point": "bad",
        "score": 15,
        "tldr": "Generated through the annotate view"
      }
    },
    "4630": {
      "id": "4630",
      "quoteDoc": "Privacy Policy",
      "quoteEnd": 6826,
      "quoteStart": 6538,
      "quoteText": "Third party vendors, including Google, use cookies to serve ads based on a user’s prior visits to our website or other websites.</li>\n<li>Google’s use of advertising cookies enables it and its partners to serve ads to you based on you visit to our sites and/or other sites on the Internet",
      "services": [
        "icepop"
      ],
      "title": "This service allows tracking via third-party cookies for purposes including targeted advertising.",
      "topics": [],
      "tosdr": {
        "binding": true,
        "case": "Tracking via third-party cookies for other purposes without your consent.",
        "point": "bad",
        "privacyRelated": true,
        "score": 70,
        "tldr": "Generated through the annotate view"
      }
    },
    "4631": {
      "id": "4631",
      "quoteDoc": "Privacy Policy",
      "quoteEnd": 8346,
      "quoteStart": 7660,
      "quoteText": "The third parties that display advertisements on our site may use tracking technologies, such as cookies, web beacons and similar technologies, to collect information about users who view or interact with their advertisements.\nUnless expressly stated otherwise, our website does not provide personal information to these third parties.\nThis information allows them to deliver targeted advertisements and gauge their effectiveness.\nSome of these third party advertising companies may be advertising networks that are members of the Network Advertising Initiative, which offers end users a single location to opt out of ad targeting from member companies (www.networkadvertising.org).</p>",
      "services": [
        "icepop"
      ],
      "title": "This service employs third-party cookies, but with opt-out instructions",
      "topics": [],
      "tosdr": {
        "binding": true,
        "case": "This service employs third-party cookies, but with opt-out instructions",
        "point": "bad",
        "score": 5,
        "tldr": "Generated through the annotate view"
      }
    },
    "4633": {
      "id": "4633",
      "quoteDoc": "Privacy Policy",
      "quoteEnd": 11435,
      "quoteStart": 10981,
      "quoteText": "We may make use of third party service providers in the course of collecting, storing and/or processing information we collect from and receive about you in order to to deliver content or advertising.\nto perform market research or measure website usage.\nand to analyze traffic counts, your interests and website performance.\nFor example, we may tell our advertisers the number of visitors to our website and the most popular features or services accessed",
      "services": [
        "icepop"
      ],
      "title": "Third parties may be involved in operating the service",
      "topics": [],
      "tosdr": {
        "binding": true,
        "case": "Third parties may be involved in operating the service",
        "point": "bad",
        "score": 15,
        "tldr": "Generated through the annotate view"
      }
    },
    "4634": {
      "id": "4634",
      "quoteDoc": "Privacy Policy",
      "quoteEnd": 13393,
      "quoteStart": 13141,
      "quoteText": "Please be aware that we may transfer your information, to Israel, the European Union and other countries through certain third parties that we use to operate and manage the Site and Services, including Amazon Web Services (AWS) or Google Cloud Services",
      "services": [
        "icepop"
      ],
      "title": "Your data may be processed and stored anywhere in the world",
      "topics": [],
      "tosdr": {
        "binding": true,
        "case": "Your data may be processed and stored anywhere in the world",
        "point": "bad",
        "score": 25,
        "tldr": "Generated through the annotate view"
      }
    }
  },
  "urls": [
    "icepop.com"
  ]
}