{
  "alexa": 49,
  "class": "C",
  "links": {
    "Privacy Policy": {
      "name": "Privacy Policy",
      "url": "http://www.imdb.com/privacy"
    },
    "Terms of Service": {
      "name": "Terms of Service",
      "url": "http://www.imdb.com/help/show_article?conditions"
    }
  },
  "points": [
    "1124",
    "6149",
    "6150",
    "6151",
    "6152",
    "6153",
    "6161",
    "6162",
    "6163",
    "6164"
  ],
  "pointsData": {
    "1124": {
      "id": "1124",
      "needModeration": false,
      "quoteDoc": "Privacy Policy",
      "quoteEnd": 5756,
      "quoteStart": 5388,
      "quoteText": "As we continue to develop our business, we might sell or buy additional services or business units.\nIn such transactions, user information generally is transferred along with the rest of the service or business unit.\nAlso, in the event that IMDb.com, Inc., or substantially all of its assets are acquired, user information will of course be included in the transaction",
      "services": [
        "imdb"
      ],
      "slug": "1124",
      "title": "The service can sell or otherwise transfer your personal data as part of a bankruptcy proceeding or other type of financial transaction.",
      "topics": [],
      "tosdr": {
        "binding": true,
        "case": "The service can sell or otherwise transfer your personal data as part of a bankruptcy proceeding or other type of financial transaction.",
        "point": "bad",
        "score": 50,
        "tldr": "The policy states that: “in the event that IMDb.com, Inc., or substantially all of its assets are acquired, user information will of course be included in the transaction.” but it doesn't say if the information may then be used for other purposes after the transaction. "
      }
    },
    "6149": {
      "id": "6149",
      "quoteDoc": "Privacy Policy",
      "quoteEnd": 3761,
      "quoteStart": 3575,
      "quoteText": "We use web beacons (also known as “action tags” or “single-pixel gifs”) and other technologies to measure the effectiveness of certain site features and to conduct research and analysis.",
      "services": [
        "imdb"
      ],
      "title": "The service may use tracking pixels, web beacons, browser fingerprinting, and/or device fingerprinting on users.",
      "topics": [],
      "tosdr": {
        "binding": true,
        "case": "The service may use tracking pixels, web beacons, browser fingerprinting, and/or device fingerprinting on users.",
        "point": "bad",
        "privacyRelated": true,
        "score": 50,
        "tldr": "Generated through the annotate view"
      }
    },
    "6150": {
      "id": "6150",
      "quoteDoc": "Privacy Policy",
      "quoteEnd": 5349,
      "quoteStart": 5049,
      "quoteText": "Promotional Offers</b>: Sometimes we send offers to selected groups of IMDb users on behalf of other businesses.\nWhen we do this, we do not give that business your name and e-mail address.\nIf you do not want to receive such offers, please use our User Administration pages to adjust your preferences.",
      "services": [
        "imdb"
      ],
      "title": "You can opt out of promotional communications",
      "topics": [],
      "tosdr": {
        "binding": true,
        "case": "You can opt out of promotional communications",
        "point": "good",
        "score": 10,
        "tldr": "Generated through the annotate view"
      }
    },
    "6151": {
      "id": "6151",
      "quoteDoc": "Privacy Policy",
      "quoteEnd": 7388,
      "quoteStart": 6900,
      "quoteText": "These third-party websites and advertisers, or Internet advertising companies working on their behalf, sometimes use technology to send (or \"serve\") the advertisements that appear on our website directly to your browser.\nThey automatically receive your IP address when this happens.\nThey may also use cookies, JavaScript, web beacons (also known as action tags or single-pixel gifs), and other technologies to measure the effectiveness of their ads and to personalize advertising content.",
      "services": [
        "imdb"
      ],
      "title": "This service allows tracking via third-party cookies for purposes including targeted advertising.",
      "topics": [],
      "tosdr": {
        "binding": true,
        "case": "Tracking via third-party cookies for other purposes without your consent.",
        "point": "bad",
        "privacyRelated": true,
        "score": 70,
        "tldr": "Generated through the annotate view"
      }
    },
    "6152": {
      "id": "6152",
      "quoteDoc": "Privacy Policy",
      "quoteEnd": 10846,
      "quoteStart": 10709,
      "quoteText": "IMDb is not intended for use by children under the age of 13.\nIf you are under 13, you may not submit information about yourself to IMDb.",
      "services": [
        "imdb"
      ],
      "title": "This service is only available to users of a certain age",
      "topics": [],
      "tosdr": {
        "binding": true,
        "case": "This service is only available to users of a certain age",
        "point": "neutral",
        "score": 15,
        "tldr": "Generated through the annotate view"
      }
    },
    "6153": {
      "id": "6153",
      "quoteDoc": "Privacy Policy",
      "quoteEnd": 11157,
      "quoteStart": 10913,
      "quoteText": "If you choose to visit IMDb, your visit and any dispute over privacy is subject to this Notice and our Terms and Conditions of Use, including limitations on damages, resolution of disputes, and application of the law of the state of Washington.",
      "services": [
        "imdb"
      ],
      "title": "The court of law governing the terms is in a jurisdiction that is less friendly to user privacy protection.",
      "topics": [],
      "tosdr": {
        "binding": true,
        "case": "The court of law governing the terms is in a jurisdiction that is less friendly to user privacy protection.",
        "point": "bad",
        "score": 50,
        "tldr": "Generated through the annotate view"
      }
    },
    "6161": {
      "id": "6161",
      "quoteDoc": "Privacy Policy",
      "quoteEnd": 3564,
      "quoteStart": 3425,
      "quoteText": "However, because cookies allow you to take full advantage of some of IMDb's essential features, we recommend that you leave them turned on.",
      "services": [
        "imdb"
      ],
      "title": "Blocking cookies may limit your ability to use the service",
      "topics": [],
      "tosdr": {
        "binding": true,
        "case": "Blocking cookies may limit your ability to use the service",
        "point": "bad",
        "score": 50,
        "tldr": "Generated through the annotate view"
      }
    },
    "6162": {
      "id": "6162",
      "needModeration": false,
      "quoteDoc": "Privacy Policy",
      "quoteEnd": 11522,
      "quoteStart": 11352,
      "quoteText": "This Notice and the Terms and Conditions of Use will change also, and use of information that we gather now is subject to the Privacy Notice in effect at the time of use.",
      "services": [
        "imdb"
      ],
      "title": " Terms may be changed any time at their discretion, without notice to the user ",
      "topics": [],
      "tosdr": {
        "binding": true,
        "case": " Terms may be changed any time at their discretion, without notice to the user ",
        "point": "bad",
        "score": 70,
        "tldr": "Generated through the annotate view"
      }
    },
    "6163": {
      "id": "6163",
      "needModeration": false,
      "quoteDoc": "Privacy Policy",
      "quoteEnd": 62,
      "quoteStart": 28,
      "quoteText": "Last Updated, February 8, 2018</b>",
      "services": [
        "imdb"
      ],
      "title": "There is a date of the last update of the terms",
      "topics": [],
      "tosdr": {
        "binding": true,
        "case": "There is a date of the last update of the terms",
        "point": "neutral",
        "score": 50,
        "tldr": "Generated through the annotate view"
      }
    },
    "6164": {
      "id": "6164",
      "needModeration": false,
      "quoteDoc": "Privacy Policy",
      "quoteEnd": 11692,
      "quoteStart": 11523,
      "quoteText": "We may e-mail periodic reminders of our notices and conditions, unless you have instructed us not to, but you should check our Web site frequently to see recent changes.",
      "services": [
        "imdb"
      ],
      "title": "The service makes critical changes to its terms without user involvement",
      "topics": [],
      "tosdr": {
        "binding": true,
        "case": "The service makes critical changes to its terms without user involvement",
        "point": "bad",
        "score": 35,
        "tldr": "Generated through the annotate view"
      }
    }
  },
  "urls": [
    "imdb.com"
  ]
}