{
  "alexa": 46,
  "class": false,
  "links": {
    "Privacy Policy": {
      "name": "Privacy Policy",
      "url": "http://imgur.com/privacy"
    },
    "Terms of Service": {
      "name": "Terms of Service",
      "url": "http://imgur.com/tos"
    }
  },
  "points": [
    "1139",
    "1703",
    "5191",
    "5822",
    "5823",
    "5824",
    "5825",
    "5826",
    "6412",
    "6413"
  ],
  "pointsData": {
    "1139": {
      "id": "1139",
      "needModeration": false,
      "quoteDoc": "Privacy Policy",
      "quoteEnd": 1143,
      "quoteStart": 685,
      "quoteText": " Automatically collected information <p> Our servers automatically collect the following information regarding devices that access our site or app: device characteristics (including device ID for mobile devices), operating system, browser type, IP address, username from stored cookies if present, dates and times of each login, page and image viewing statistics, and incoming and outgoing links.\nWe also log the metadata associated with any uploaded images.",
      "services": [
        "imgur"
      ],
      "slug": "1139",
      "title": "The service may use tracking pixels, web beacons, browser fingerprinting, and/or device fingerprinting on users.",
      "topics": [],
      "tosdr": {
        "binding": true,
        "case": "The service may use tracking pixels, web beacons, browser fingerprinting, and/or device fingerprinting on users.",
        "point": "bad",
        "privacyRelated": true,
        "score": 50,
        "tldr": ""
      }
    },
    "1703": {
      "id": "1703",
      "services": [
        "imgur"
      ],
      "slug": "1516402800021",
      "title": "Imgur may collect your device fingerprint.",
      "topics": [],
      "tosdr": {
        "binding": true,
        "case": "Device fingerprinting",
        "point": "bad",
        "privacyRelated": true,
        "score": "50",
        "tldr": "\"Our servers log information about each computer connecting with our site such as IP address, dates and times of each login, device characteristics, operating system, browser type, type of connection, page and image viewing statistics, and incoming and outgoing links.\""
      }
    },
    "5191": {
      "id": "5191",
      "needModeration": false,
      "quoteDoc": "Privacy Policy",
      "quoteEnd": 6182,
      "quoteStart": 5768,
      "quoteText": "Imgur allows users to send messages to one another both indirectly (via comments to posts) and directly (via chat).\nImgur's messaging functionality is not intended to be a secure messaging platform.\nit's just for fun.\nTo ensure that Imgur's messaging platform is not used as a platform for illegality, all messages are public.\nNo messages are ever completely hidden from public view.\nWe may monitor user messaging.",
      "services": [
        "imgur"
      ],
      "title": "The service can read your private messages",
      "topics": [],
      "tosdr": {
        "binding": true,
        "case": "The service can read your private messages",
        "point": "bad",
        "privacyRelated": true,
        "score": 70,
        "tldr": "Generated through the annotate view"
      }
    },
    "5822": {
      "id": "5822",
      "needModeration": false,
      "quoteDoc": "Privacy Policy",
      "quoteEnd": 8312,
      "quoteStart": 8145,
      "quoteText": "If you have a username, you may log in and access your data, correct whatever information you deem to be incorrect, opt out of information sharing with our advertisers",
      "services": [
        "imgur"
      ],
      "title": "You can opt out of promotional communications",
      "topics": [],
      "tosdr": {
        "binding": true,
        "case": "You can opt out of promotional communications",
        "point": "good",
        "score": 10,
        "tldr": "Generated through the annotate view"
      }
    },
    "5823": {
      "id": "5823",
      "needModeration": false,
      "quoteDoc": "Privacy Policy",
      "quoteEnd": 8467,
      "quoteStart": 8338,
      "quoteText": "For legal reasons we may retain backup and/or archival copies of information prior to your corrections, amendments, or deletions.",
      "services": [
        "imgur"
      ],
      "title": "This service retains rights to your content even after you stop using your account",
      "topics": [],
      "tosdr": {
        "binding": true,
        "case": "This service retains rights to your content even after you stop using your account",
        "point": "bad",
        "score": 25,
        "tldr": "Generated through the annotate view"
      }
    },
    "5824": {
      "id": "5824",
      "needModeration": false,
      "quoteDoc": "Privacy Policy",
      "quoteEnd": 4991,
      "quoteStart": 4801,
      "quoteText": "If you give us an email address, we’ll probably send you promotional messages once in a while.\nwe’ll try to make them fun and interesting but of course you’ll be able to opt out at any time.",
      "services": [
        "imgur"
      ],
      "title": "You can opt out of promotional communications",
      "topics": [],
      "tosdr": {
        "binding": true,
        "case": "You can opt out of promotional communications",
        "point": "good",
        "score": 10,
        "tldr": "Generated through the annotate view"
      }
    },
    "5825": {
      "id": "5825",
      "needModeration": false,
      "quoteDoc": "Privacy Policy",
      "quoteEnd": 3185,
      "quoteStart": 3114,
      "quoteText": "Although our servers currently don't respond to \"do-not-track\" requests",
      "services": [
        "imgur"
      ],
      "title": "This service ignores the Do Not Track (DNT) header and tracks users anyway even if they set this header.",
      "topics": [],
      "tosdr": {
        "binding": true,
        "case": "This service ignores the Do Not Track (DNT) header and tracks users anyway even if they set this header.",
        "point": "bad",
        "score": 60,
        "tldr": "Generated through the annotate view"
      }
    },
    "5826": {
      "id": "5826",
      "needModeration": false,
      "quoteDoc": "Privacy Policy",
      "quoteEnd": 4796,
      "quoteStart": 4628,
      "quoteText": "If you are located in the EEA and wish to open an account, <em>do not use your real name – choose a username and email address that reveal nothing about your identity.<",
      "services": [
        "imgur"
      ],
      "title": "The service allows you to use pseudonyms",
      "topics": [],
      "tosdr": {
        "binding": true,
        "case": "The service allows you to use pseudonyms",
        "point": "good",
        "score": 20,
        "tldr": "Generated through the annotate view"
      }
    },
    "6412": {
      "id": "6412",
      "quoteDoc": "Privacy Policy",
      "quoteEnd": 9857,
      "quoteStart": 9676,
      "quoteText": "We may revise our privacy policy from time to time by posting the changes here.\nYou can determine the date of the most recent changes by looking at the “effective date” at the top.\n",
      "services": [
        "imgur"
      ],
      "title": " Terms may be changed any time at their discretion, without notice to the user ",
      "topics": [],
      "tosdr": {
        "binding": true,
        "case": " Terms may be changed any time at their discretion, without notice to the user ",
        "point": "bad",
        "score": 70,
        "tldr": "Generated through the annotate view"
      }
    },
    "6413": {
      "id": "6413",
      "quoteDoc": "Privacy Policy",
      "quoteEnd": 73,
      "quoteStart": 20,
      "quoteText": "Your Privacy Rights – Effective July 9, 2018 </p>\n<p>",
      "services": [
        "imgur"
      ],
      "title": "There is a date of the last update of the terms",
      "topics": [],
      "tosdr": {
        "binding": true,
        "case": "There is a date of the last update of the terms",
        "point": "neutral",
        "score": 50,
        "tldr": "Generated through the annotate view"
      }
    }
  },
  "urls": [
    "imgur.com"
  ]
}