{
  "alexa": 2104,
  "class": false,
  "links": {},
  "points": [
    "1375",
    "5646",
    "5647",
    "5648",
    "5649",
    "5650",
    "5651",
    "5652",
    "5653",
    "5655",
    "5656",
    "5657",
    "5658",
    "5659",
    "5660"
  ],
  "pointsData": {
    "1375": {
      "discussion": "https://groups.google.com/d/topic/tosdr/xQ-pmLZqIhM/discussion",
      "id": "1375",
      "needModeration": false,
      "quoteDoc": "Privacy Policy",
      "quoteEnd": 15022,
      "quoteStart": 14615,
      "quoteText": "Choosing or changing your choices for subscriptions, newsletters, and alerts;</li>\n<li>Choosing whether to receive from us offers and promotions for our products and services, or products and services that we think may be of interest to you;</li>\n<li>Choosing whether we share your personal information with other companies so they can send you offers and promotions about their products and services;</li>\n",
      "services": [
        "indiegogo"
      ],
      "set": "set+service+and+topic",
      "slug": "xQ-pmLZqIhM",
      "title": "You can opt out of promotional communications",
      "topics": [
        "governance"
      ],
      "tosdr": {
        "binding": true,
        "case": "You can opt out of promotional communications",
        "point": "good",
        "score": 10,
        "tldr": "By default indiegogo may send users promotional emails."
      }
    },
    "5646": {
      "id": "5646",
      "needModeration": false,
      "quoteDoc": "Terms of Use",
      "quoteEnd": 25109,
      "quoteStart": 24950,
      "quoteText": "We reserve the right to delete or disable User Content alleged to be infringing, and to terminate user accounts for repeat infringers (in our sole discretion).",
      "services": [
        "indiegogo"
      ],
      "title": "User accounts can be terminated after having been in breach of the terms of service repeatedly",
      "topics": [],
      "tosdr": {
        "binding": true,
        "case": "User accounts can be terminated after having been in breach of the terms of service repeatedly",
        "point": "good",
        "score": 50,
        "tldr": "Generated through the annotate view"
      }
    },
    "5647": {
      "id": "5647",
      "needModeration": false,
      "quoteDoc": "Terms of Use",
      "quoteEnd": 25804,
      "quoteStart": 25551,
      "quoteText": "We have the right to monitor, terminate, suspend, or delete any User Account at any time for any reason, or no reason.\nIt is our policy not to comment on any reasons for termination and we have no obligation to provide you with a reason for termination.",
      "services": [
        "indiegogo"
      ],
      "title": "The service can delete your account without prior notice and without a reason",
      "topics": [],
      "tosdr": {
        "binding": true,
        "case": "The service can delete your account without prior notice and without a reason",
        "point": "bad",
        "score": 60,
        "tldr": "Generated through the annotate view"
      }
    },
    "5648": {
      "id": "5648",
      "needModeration": false,
      "quoteDoc": "Terms of Use",
      "quoteEnd": 30681,
      "quoteStart": 30260,
      "quoteText": "INDIEGOGO HAS NO FIDUCIARY DUTY TO ANY USER.\nTHE SERVICES, INDIEGOGO CONTENT, USER CONTENT, AND ANY OTHER MATERIALS MADE AVAILABLE OR THROUGH THE USE OF THE SERVICES ARE PROVIDED ON AN \"AS IS\" AND \"AS AVAILABLE\" BASIS WITHOUT ANY WARRANTIES OF ANY KIND, EXPRESS OR IMPLIED, INCLUDING, WITHOUT LIMITATION, IMPLIED WARRANTIES OF MERCHANTABILITY OR FITNESS FOR A PARTICULAR PURPOSE, NONINFRINGEMENT OR COURSE OF PERFORMANCE.",
      "services": [
        "indiegogo"
      ],
      "title": "The service is provided 'as is' and to be used at the users' sole risk",
      "topics": [],
      "tosdr": {
        "binding": true,
        "case": "The service is provided 'as is' and to be used at the users' sole risk",
        "point": "bad",
        "score": 20,
        "tldr": "Generated through the annotate view"
      }
    },
    "5649": {
      "id": "5649",
      "needModeration": false,
      "quoteDoc": "Privacy Policy",
      "quoteEnd": 5912,
      "quoteStart": 5707,
      "quoteText": "The information we collect is covered by the Indiegogo Privacy Policy only, and the information the third-party site or platform collects is subject to the third-party site or platform’s privacy practices.",
      "services": [
        "indiegogo"
      ],
      "title": "The service informs users that its privacy policy does not apply to third party websites",
      "topics": [],
      "tosdr": {
        "binding": true,
        "case": "The service informs users that its privacy policy does not apply to third party websites",
        "point": "neutral",
        "score": 10,
        "tldr": "Generated through the annotate view"
      }
    },
    "5650": {
      "id": "5650",
      "needModeration": false,
      "quoteDoc": "Privacy Policy",
      "quoteEnd": 24019,
      "quoteStart": 23912,
      "quoteText": "<p>People under 18 (or the legal age in your jurisdiction) are not permitted to use Indiegogo on their own.",
      "services": [
        "indiegogo"
      ],
      "title": "This service is only available to users of a certain age",
      "topics": [],
      "tosdr": {
        "binding": true,
        "case": "This service is only available to users of a certain age",
        "point": "neutral",
        "score": 15,
        "tldr": "Generated through the annotate view"
      }
    },
    "5651": {
      "id": "5651",
      "needModeration": false,
      "quoteDoc": "Privacy Policy",
      "quoteEnd": 11524,
      "quoteStart": 11391,
      "quoteText": "Provide you with targeted advertising based on your activity on our sites and applications and on third-party sites and applications.",
      "services": [
        "indiegogo"
      ],
      "title": "The service uses your personal data to employ targeted third-party advertising",
      "topics": [],
      "tosdr": {
        "binding": true,
        "case": "The service uses your personal data to employ targeted third-party advertising",
        "point": "bad",
        "privacyRelated": true,
        "score": 30,
        "tldr": "Generated through the annotate view"
      }
    },
    "5652": {
      "id": "5652",
      "needModeration": false,
      "quoteDoc": "Privacy Policy",
      "quoteEnd": 9550,
      "quoteStart": 9186,
      "quoteText": "We collect information through a variety of technologies, such as cookies, Flash cookies, pixels, tags, software development kits, application program interfaces, and Web beacons, including when you visit our sites and applications or use our applications on third-party sites or platforms using one or more devices, whether or not you are logged in or registered.",
      "services": [
        "indiegogo"
      ],
      "title": "The service may use tracking pixels, web beacons, browser fingerprinting, and/or device fingerprinting on users.",
      "topics": [],
      "tosdr": {
        "binding": true,
        "case": "The service may use tracking pixels, web beacons, browser fingerprinting, and/or device fingerprinting on users.",
        "point": "bad",
        "privacyRelated": true,
        "score": 50,
        "tldr": "Generated through the annotate view"
      }
    },
    "5653": {
      "id": "5653",
      "needModeration": false,
      "quoteDoc": "Terms of Use",
      "quoteEnd": 9838,
      "quoteStart": 9767,
      "quoteText": "or use any kind of software to “crawl” or “spider” any part of the Site",
      "services": [
        "indiegogo"
      ],
      "title": "no spidering or crawling",
      "topics": [],
      "tosdr": {
        "binding": true,
        "case": "Spidering or crawling is not allowed",
        "point": "neutral",
        "score": 10,
        "tldr": "Generated through the annotate view"
      }
    },
    "5655": {
      "id": "5655",
      "needModeration": false,
      "quoteDoc": "Privacy Policy",
      "quoteEnd": 6934,
      "quoteStart": 6584,
      "quoteText": "For example, we collect:</p>\n<ul>\n<li>Registration information you provide when you create an account or a Campaign, enter a promotion, or link your profile on a third-party site or platform with your registration account, such as your first name and last name, country of residence, gender, date of birth, email address, username, and password.</li>",
      "services": [
        "indiegogo"
      ],
      "title": "The service may collect extra data about you through promotions",
      "topics": [],
      "tosdr": {
        "binding": true,
        "case": "The service may collect extra data about you through promotions",
        "point": "bad",
        "score": 50,
        "tldr": "Generated through the annotate view"
      }
    },
    "5656": {
      "id": "5656",
      "needModeration": false,
      "quoteDoc": "Cookie Policy",
      "quoteEnd": 11046,
      "quoteStart": 10931,
      "quoteText": "It may not be possible for you to selectively opt out of all third-party advertising cookies placed on our website.",
      "services": [
        "indiegogo"
      ],
      "title": "This service employs third-party cookies, and doesn't allow opt-out of all cookies",
      "topics": [],
      "tosdr": {
        "binding": true,
        "case": "This service employs third-party cookies, but with opt-out instructions",
        "point": "bad",
        "score": 5,
        "tldr": "Generated through the annotate view"
      }
    },
    "5657": {
      "id": "5657",
      "needModeration": false,
      "quoteDoc": "Terms of Use",
      "quoteEnd": 4417,
      "quoteStart": 4290,
      "quoteText": "USERS AGREE TO RESOLVE DISPUTES WITH INDIEGOGO THROUGH BINDING ARBITRATION (AND WITH VERY FEW LIMITED EXCEPTIONS, NOT IN COURT)",
      "services": [
        "indiegogo"
      ],
      "title": "This service forces users into binding arbitration in the case of disputes",
      "topics": [],
      "tosdr": {
        "binding": true,
        "case": "This service forces users into binding arbitration in the case of disputes",
        "point": "bad",
        "score": 50,
        "tldr": "Generated through the annotate view"
      }
    },
    "5658": {
      "id": "5658",
      "needModeration": false,
      "quoteDoc": "Terms of Use",
      "quoteEnd": 4583,
      "quoteStart": 4423,
      "quoteText": "USERS WAIVE CERTAIN RIGHTS TO PARTICIPATE IN CLASS ACTIONS (AS DETAILED IN THE DISPUTE RESOLUTION, ARBITRATION AND CLASS ACTION WAIVER IN SECTION 20 BELOW).</b>",
      "services": [
        "indiegogo"
      ],
      "title": "You waive your right to a class action.",
      "topics": [],
      "tosdr": {
        "binding": true,
        "case": "You waive your right to a class action.",
        "point": "bad",
        "score": 50,
        "tldr": "Generated through the annotate view"
      }
    },
    "5659": {
      "id": "5659",
      "needModeration": false,
      "quoteDoc": "Terms of Use",
      "quoteEnd": 3749,
      "quoteStart": 3697,
      "quoteText": "Legal Disputes Will Be Handled In San Francisco, CA.",
      "services": [
        "indiegogo"
      ],
      "title": "The court of law governing the terms is in a jurisdiction that is less friendly to user privacy protection.",
      "topics": [],
      "tosdr": {
        "binding": true,
        "case": "The court of law governing the terms is in a jurisdiction that is less friendly to user privacy protection.",
        "point": "bad",
        "score": 50,
        "tldr": "Generated through the annotate view"
      }
    },
    "5660": {
      "id": "5660",
      "needModeration": false,
      "quoteDoc": "Cookie Policy",
      "quoteEnd": 7165,
      "quoteStart": 6947,
      "quoteText": "We may place our statistics cookies on your device.\nThe information collected using our statistics cookies is used by us or for our benefit, to improve our website experience or for other statistics gathering purposes.",
      "services": [
        "indiegogo"
      ],
      "title": "This service uses third-party cookies for statistics",
      "topics": [],
      "tosdr": {
        "binding": true,
        "case": "This service uses third-party cookies for statistics",
        "point": "bad",
        "privacyRelated": true,
        "score": 10,
        "tldr": "Generated through the annotate view"
      }
    }
  },
  "urls": [
    "indiegogo.com"
  ]
}