{
  "alexa": 14611,
  "class": false,
  "links": {},
  "points": [
    "6671",
    "6674",
    "6675"
  ],
  "pointsData": {
    "6671": {
      "id": "6671",
      "quoteDoc": "Cookie Policy",
      "quoteEnd": 10474,
      "quoteStart": 10238,
      "quoteText": "You can set or amend your web browser controls to accept or refuse cookies.\nIf you choose to reject cookies, you may still use our Websites and/or App and/or platform though your access to some functionality and areas may be restricted.",
      "services": [
        "intercom"
      ],
      "title": "Blocking cookies may limit your ability to use the service",
      "topics": [],
      "tosdr": {
        "binding": true,
        "case": "Blocking cookies may limit your ability to use the service",
        "point": "bad",
        "score": 50,
        "tldr": "Generated through the annotate view"
      }
    },
    "6674": {
      "id": "6674",
      "quoteDoc": "Intercom Subscription Terms of Service",
      "quoteEnd": 26553,
      "quoteStart": 26186,
      "quoteText": "All fees are as set forth in the applicable Order Form and will be paid by Customer within thirty (30) days of invoice, unless (a) Customer is paying via Credit Card (as defined below) or (b) otherwise specified in the applicable Order Form.\nExcept as expressly set forth in Section 9 (Limited Warranty) and Section 14 (Indemnification), all fees are non-refundable.\n",
      "services": [
        "intercom"
      ],
      "title": "The service has a no refund policy",
      "topics": [],
      "tosdr": {
        "binding": true,
        "case": "The service has a no refund policy",
        "point": "neutral",
        "score": 50,
        "tldr": "Generated through the annotate view"
      }
    },
    "6675": {
      "id": "6675",
      "quoteDoc": "Cookie Policy",
      "quoteEnd": 7668,
      "quoteStart": 7274,
      "quoteText": "Cookies are not the only way to recognise or track visitors to a website and/or mobile app and/or platform.\nWe may use other, similar technologies from time to time, like web beacons (sometimes called \"tracking pixels\" or \"clear gifs\").\nThese are tiny graphics files that contain a unique identifier that enable us to recognise when someone has visited our Websites and/or App and/or platform.\n",
      "services": [
        "intercom"
      ],
      "title": "The service may use tracking pixels, web beacons, browser fingerprinting, and/or device fingerprinting on users.",
      "topics": [],
      "tosdr": {
        "binding": true,
        "case": "The service may use tracking pixels, web beacons, browser fingerprinting, and/or device fingerprinting on users.",
        "point": "bad",
        "privacyRelated": true,
        "score": 50,
        "tldr": "Generated through the annotate view"
      }
    }
  },
  "urls": [
    "intercom.com"
  ]
}