{
  "class": false,
  "links": {},
  "points": [
    "4859",
    "4860",
    "4862",
    "4863",
    "4868"
  ],
  "pointsData": {
    "4859": {
      "id": "4859",
      "quoteDoc": "Iron Horse Games' Privacy Policy",
      "quoteEnd": 11338,
      "quoteStart": 11098,
      "quoteText": "to measure reach and effectiveness of advertisement campaigns, to offer targeted advertising, to personalize experience by showing advertisements for products and services that are more likely to appeal to you (i.e.\nbehavioral advertising).",
      "services": [
        "ironhorsegames"
      ],
      "title": "The service uses your personal data to employ targeted third-party advertising",
      "topics": [],
      "tosdr": {
        "binding": true,
        "case": "The service uses your personal data to employ targeted third-party advertising",
        "point": "bad",
        "privacyRelated": true,
        "score": 30,
        "tldr": "Generated through the annotate view"
      }
    },
    "4860": {
      "id": "4860",
      "quoteDoc": "Iron Horse Games' Privacy Policy",
      "quoteEnd": 8156,
      "quoteStart": 7824,
      "quoteText": "information we collect about you from third party companies including but not limited to publishing partners, platforms, advertising platforms and partners, and data aggregators, which may include attributes about you and your interests, as well as other games and services you use, and demographic and general location information.",
      "services": [
        "ironhorsegames"
      ],
      "title": "The service may collect extra data about you through promotions",
      "topics": [],
      "tosdr": {
        "binding": true,
        "case": "The service may collect extra data about you through promotions",
        "point": "bad",
        "score": 50,
        "tldr": "Generated through the annotate view"
      }
    },
    "4862": {
      "id": "4862",
      "quoteDoc": "Iron Horse Games' Privacy Policy",
      "quoteEnd": 20072,
      "quoteStart": 19826,
      "quoteText": "Ad identifiers are non-permanent, non-personal identifiers such as the Android advertising ID and/or Apple's ID for advertising (the ‘IDFA’), which are uniquely associated with your device.\nSimilar technologies include tracking pixels within ads.",
      "services": [
        "ironhorsegames"
      ],
      "title": "The service may use tracking pixels, web beacons, browser fingerprinting, and/or device fingerprinting on users.",
      "topics": [],
      "tosdr": {
        "binding": true,
        "case": "The service may use tracking pixels, web beacons, browser fingerprinting, and/or device fingerprinting on users.",
        "point": "bad",
        "privacyRelated": true,
        "score": 50,
        "tldr": "Generated through the annotate view"
      }
    },
    "4863": {
      "id": "4863",
      "quoteDoc": "License Terms",
      "quoteEnd": 2902,
      "quoteStart": 2772,
      "quoteText": "You must be 18 to accept these terms and buy the app</p>\n<p>​</p>\n<p>You must be 18 or over to accept these terms and buy the App.",
      "services": [
        "ironhorsegames"
      ],
      "title": "This service is only available to users of a certain age",
      "topics": [],
      "tosdr": {
        "binding": true,
        "case": "This service is only available to users of a certain age",
        "point": "neutral",
        "score": 15,
        "tldr": "Generated through the annotate view"
      }
    },
    "4868": {
      "id": "4868",
      "needModeration": false,
      "quoteDoc": "License Terms",
      "quoteEnd": 11574,
      "quoteStart": 11283,
      "quoteText": "If a court finds part of this contract illegal, the rest will continue in force</p>\n<p>​</p>\n<p>Each of the paragraphs of these terms operates separately.\nIf any court or relevant authority decides that any of them are unlawful, the remaining paragraphs will remain in full force and effect.",
      "services": [
        "ironhorsegames"
      ],
      "title": "Invalidity of any portion of the Terms of Service does not entail invalidity of its remainder",
      "topics": [],
      "tosdr": {
        "binding": true,
        "case": "Invalidity of any portion of the Terms of Service does not entail invalidity of its remainder",
        "point": "neutral",
        "score": 10,
        "tldr": "Generated through the annotate view"
      }
    }
  },
  "urls": [
    "ironhorsegames.org"
  ]
}