{
  "class": false,
  "links": {},
  "points": [
    "6827",
    "6828",
    "6829",
    "6830",
    "6836",
    "6838",
    "6844",
    "6845",
    "6846",
    "6850",
    "6853"
  ],
  "pointsData": {
    "6827": {
      "id": "6827",
      "quoteDoc": "Terms of Service",
      "quoteEnd": 22365,
      "quoteStart": 22233,
      "quoteText": "If you have a website or other content hosted by ISODME, you shall retain all of your ownership or licensed rights in User Content.<",
      "services": [
        "isodme"
      ],
      "title": "You maintain ownership of your data",
      "topics": [],
      "tosdr": {
        "binding": true,
        "case": "You maintain ownership of your data",
        "point": "good",
        "score": 50,
        "tldr": "Generated through the annotate view"
      }
    },
    "6828": {
      "id": "6828",
      "quoteDoc": "Terms of Service",
      "quoteEnd": 191,
      "quoteStart": 157,
      "quoteText": "Last Revised: 2019-04-15 13:43 EDT",
      "services": [
        "isodme"
      ],
      "title": "There is a date of the last update of the terms",
      "topics": [],
      "tosdr": {
        "binding": true,
        "case": "There is a date of the last update of the terms",
        "point": "neutral",
        "score": 50,
        "tldr": "Generated through the annotate view"
      }
    },
    "6829": {
      "id": "6829",
      "quoteDoc": "Privacy Policy",
      "quoteEnd": 191,
      "quoteStart": 157,
      "quoteText": "Last Revised: 2019-03-20 20:48 EDT",
      "services": [
        "isodme"
      ],
      "title": "There is a date of the last update of the terms",
      "topics": [],
      "tosdr": {
        "binding": true,
        "case": "There is a date of the last update of the terms",
        "point": "neutral",
        "score": 50,
        "tldr": "Generated through the annotate view"
      }
    },
    "6830": {
      "id": "6830",
      "quoteDoc": "Terms of Service",
      "quoteEnd": 191,
      "quoteStart": 157,
      "quoteText": "Last Revised: 2019-04-15 13:43 EDT",
      "services": [
        "isodme"
      ],
      "title": "There is a date of the last update of the terms",
      "topics": [],
      "tosdr": {
        "binding": true,
        "case": "There is a date of the last update of the terms",
        "point": "neutral",
        "score": 50,
        "tldr": "Generated through the annotate view"
      }
    },
    "6836": {
      "id": "6836",
      "quoteDoc": "Terms of Service",
      "quoteEnd": 11261,
      "quoteStart": 11109,
      "quoteText": "Promotes, encourages or engages in any spam or other unsolicited bulk emails, or computer or network hacking or cracking, cloaking or sneaky redirects.\n",
      "services": [
        "isodme"
      ],
      "title": "This service prohibits users sending chain letters, junk mail, spam or any unsolicited messages",
      "topics": [],
      "tosdr": {
        "binding": true,
        "case": "This service prohibits users sending chain letters, junk mail, spam or any unsolicited messages",
        "point": "neutral",
        "score": 15,
        "tldr": "Generated through the annotate view"
      }
    },
    "6838": {
      "id": "6838",
      "quoteDoc": "Terms of Service",
      "quoteEnd": 10897,
      "quoteStart": 10841,
      "quoteText": "Is illegal, or promotes or encourages illegal activity.\n",
      "services": [
        "isodme"
      ],
      "title": "Users agree not to submit illegal content",
      "topics": [],
      "tosdr": {
        "binding": true,
        "case": "Users agree not to submit illegal content",
        "point": "neutral",
        "score": 10,
        "tldr": "Generated through the annotate view"
      }
    },
    "6844": {
      "id": "6844",
      "quoteDoc": "Privacy Policy",
      "quoteEnd": 9441,
      "quoteStart": 9163,
      "quoteText": "We use cookies, beacons, tags, scripts and other similar technologies, such as CI codes (click tracking), ISC (source tracking), and ITC (item tracking codes).\nWe also automatically collect information about device's operating system, phone model, device ID and customer number.",
      "services": [
        "isodme"
      ],
      "title": "The service may use tracking pixels, web beacons, browser fingerprinting, and/or device fingerprinting on users.",
      "topics": [],
      "tosdr": {
        "binding": true,
        "case": "The service may use tracking pixels, web beacons, browser fingerprinting, and/or device fingerprinting on users.",
        "point": "bad",
        "privacyRelated": true,
        "score": 50,
        "tldr": "Generated through the annotate view"
      }
    },
    "6845": {
      "id": "6845",
      "quoteDoc": "Privacy Policy",
      "quoteEnd": 12260,
      "quoteStart": 11921,
      "quoteText": "To Personalize Advertising and Marketing: to provide targeted and interest based offers we conduct data profiling based on your characteristics, behavior and preferences (based on the information you provide to us, your interactions with the ISODME Platform and its Users, information obtained from third parties, and your search history).",
      "services": [
        "isodme"
      ],
      "title": "The service conduct data profiling based on your characteristics, behavior and preferences for advertising",
      "topics": [],
      "tosdr": {
        "binding": true,
        "case": "The service uses your personal data for advertising",
        "point": "bad",
        "privacyRelated": true,
        "score": 30,
        "tldr": "Generated through the annotate view"
      }
    },
    "6846": {
      "id": "6846",
      "quoteDoc": "Terms of Service",
      "quoteEnd": 29258,
      "quoteStart": 29016,
      "quoteText": "YOU SPECIFICALLY ACKNOWLEDGE AND AGREE THAT YOUR USE OF THIS SITE AND THE SERVICES FOUND AT THIS SITE SHALL BE AT YOUR OWN RISK AND THAT THIS SITE AND THE SERVICES FOUND AT THIS SITE ARE PROVIDED “AS-IS”, “AS AVAILABLE” AND “WITH ALL FAULTS”.",
      "services": [
        "isodme"
      ],
      "title": "The service is provided 'as is' and to be used at the users' sole risk",
      "topics": [],
      "tosdr": {
        "binding": true,
        "case": "The service is provided 'as is' and to be used at the users' sole risk",
        "point": "bad",
        "score": 20,
        "tldr": "Generated through the annotate view"
      }
    },
    "6850": {
      "id": "6850",
      "quoteDoc": "Privacy Policy",
      "quoteEnd": 17587,
      "quoteStart": 17437,
      "quoteText": " <p>When creating an Account at our Platform, you are free to opt-out from receiving various offers directly to your e-mail, phone or in your Account.",
      "services": [
        "isodme"
      ],
      "title": "You can opt out of promotional communications",
      "topics": [],
      "tosdr": {
        "binding": true,
        "case": "You can opt out of promotional communications",
        "point": "good",
        "score": 10,
        "tldr": "Generated through the annotate view"
      }
    },
    "6853": {
      "id": "6853",
      "quoteDoc": "Terms of Service",
      "quoteEnd": 3191,
      "quoteStart": 2981,
      "quoteText": "By using this Site or the Services, you represent and warrant that you are (i) at least eighteen (18) years of age, (ii) otherwise recognized as being able to form legally binding contracts under applicable law",
      "services": [
        "isodme"
      ],
      "title": "This service is only available to users that are at least eighteen (18) years of age or otherwise recognized under applicable law ",
      "topics": [],
      "tosdr": {
        "binding": true,
        "case": "This service is only available to users of a certain age",
        "point": "neutral",
        "score": 15,
        "tldr": "Generated through the annotate view"
      }
    }
  },
  "urls": [
    "isodme.com"
  ]
}