{
  "alexa": 1000000,
  "class": false,
  "links": {},
  "points": [
    "5357",
    "5359",
    "5361",
    "5362"
  ],
  "pointsData": {
    "5357": {
      "id": "5357",
      "needModeration": false,
      "quoteDoc": "Privacy Policy",
      "quoteEnd": 7814,
      "quoteStart": 7668,
      "quoteText": "The data from your iStudiez Pro Cloud Sync account is stored on our servers.\nIt is accessible to you until you make the decision to delete it.</p>",
      "services": [
        "istudiez"
      ],
      "title": "You can delete your content from this service",
      "topics": [],
      "tosdr": {
        "binding": true,
        "case": "You can delete your content from this service",
        "point": "good",
        "score": 50,
        "tldr": "Generated through the annotate view"
      }
    },
    "5359": {
      "id": "5359",
      "needModeration": false,
      "quoteDoc": "Privacy Policy",
      "quoteEnd": 901,
      "quoteStart": 812,
      "quoteText": "<p>This Privacy Policy is subject to revision from time to time on a going-forward basis.",
      "services": [
        "istudiez"
      ],
      "title": "The service reviews its privacy policy on a regular basis",
      "topics": [],
      "tosdr": {
        "binding": true,
        "case": "The service reviews its privacy policy on a regular basis",
        "irrelevant": false,
        "point": "good",
        "privacyRelated": true,
        "score": 30,
        "tldr": "Generated through the annotate view"
      }
    },
    "5361": {
      "id": "5361",
      "needModeration": false,
      "quoteDoc": "Privacy Policy",
      "quoteEnd": 2610,
      "quoteStart": 2310,
      "quoteText": "iStudiez Pro has 4+ age rating on the Stores, where it is present.\nIt means, that there are no age limitations if you don’t use iStudiez Pro Cloud Sync service or contact us (where your contact details are required).</p>\n<p>To create iStudiez Pro Cloud Sync account you must be at least 13 years old.",
      "services": [
        "istudiez"
      ],
      "title": "iStudiez Pro Cloud Sync accounts are only available to users that are at least 13 years old",
      "topics": [],
      "tosdr": {
        "binding": true,
        "case": "This service is only available to users of a certain age",
        "point": "neutral",
        "score": 15,
        "tldr": "Generated through the annotate view"
      }
    },
    "5362": {
      "id": "5362",
      "needModeration": false,
      "quoteDoc": "Privacy Policy",
      "quoteEnd": 5443,
      "quoteStart": 5194,
      "quoteText": "<li>We do not own or pretend for the ownership of your information.\nEverything you put in iStudiez Pro is yours.\nBy using iStudiez Pro Cloud Sync service, you give us the permission to do certain things with your data so that we can run our service.",
      "services": [
        "istudiez"
      ],
      "title": "You maintain ownership of your data",
      "topics": [],
      "tosdr": {
        "binding": true,
        "case": "You maintain ownership of your data",
        "point": "good",
        "score": 50,
        "tldr": "Generated through the annotate view"
      }
    }
  },
  "urls": [
    "istudentpro.com"
  ]
}