{
  "alexa": 1820,
  "class": "B",
  "links": {},
  "points": [
    "4789",
    "4790",
    "4806",
    "4807",
    "4808",
    "4809"
  ],
  "pointsData": {
    "4789": {
      "id": "4789",
      "quoteDoc": "Terms of Use",
      "quoteEnd": 1681,
      "quoteStart": 1353,
      "quoteText": "JetBrains reserves the right, at its sole discretion, to change, add, or remove any part of these Terms of Use at any time without prior notice to you.\nWe may, at our discretion, choose to notify those subscribed to our newsletters and RSS feeds of such changes.\nHowever, it is up to you to check these Terms of Use for changes.",
      "services": [
        "jetbrains"
      ],
      "title": " Terms may be changed any time at their discretion, without notice to the user ",
      "topics": [],
      "tosdr": {
        "binding": true,
        "case": " Terms may be changed any time at their discretion, without notice to the user ",
        "point": "bad",
        "score": 70,
        "tldr": "Generated through the annotate view"
      }
    },
    "4790": {
      "id": "4790",
      "quoteDoc": "Terms of Use",
      "quoteEnd": 18768,
      "quoteStart": 18696,
      "quoteText": "Currently, our systems do not recognize browser \"do-not-track\" requests.",
      "services": [
        "jetbrains"
      ],
      "title": "This service ignores the Do Not Track (DNT) header and tracks users anyway even if they set this header.",
      "topics": [],
      "tosdr": {
        "binding": true,
        "case": "This service ignores the Do Not Track (DNT) header and tracks users anyway even if they set this header.",
        "point": "bad",
        "score": 60,
        "tldr": "Generated through the annotate view"
      }
    },
    "4806": {
      "id": "4806",
      "needModeration": false,
      "quoteDoc": "Terms of Use",
      "quoteEnd": 7051,
      "quoteStart": 6904,
      "quoteText": "data collected by cookies or other tracking technologies (incl.\nclear GIFs, pixel tags and other technologies and third-party cookies) will be used",
      "services": [
        "jetbrains"
      ],
      "title": "The service may use tracking pixels, web beacons, browser fingerprinting, and/or device fingerprinting on users.",
      "topics": [],
      "tosdr": {
        "binding": true,
        "case": "The service may use tracking pixels, web beacons, browser fingerprinting, and/or device fingerprinting on users.",
        "point": "bad",
        "privacyRelated": true,
        "score": 50,
        "tldr": "Generated through the annotate view"
      }
    },
    "4807": {
      "id": "4807",
      "needModeration": false,
      "quoteDoc": "Terms of Use",
      "quoteEnd": 3548,
      "quoteStart": 3437,
      "quoteText": "You will not use false identity information when registering for subscriptions, downloads, or product licenses.",
      "services": [
        "jetbrains"
      ],
      "title": "You must provide your legal name, pseudonyms are not allowed",
      "topics": [],
      "tosdr": {
        "binding": true,
        "case": "You must provide your legal name, pseudonyms are not allowed",
        "point": "bad",
        "score": 20,
        "tldr": "Generated through the annotate view"
      }
    },
    "4808": {
      "id": "4808",
      "needModeration": false,
      "quoteDoc": "Terms of Use",
      "quoteEnd": 8381,
      "quoteStart": 8327,
      "quoteText": "No personal data is kept in logs for more than 30 days",
      "services": [
        "jetbrains"
      ],
      "title": "User logs are deleted after a finite period of time",
      "topics": [],
      "tosdr": {
        "binding": true,
        "case": "User logs are deleted after a finite period of time",
        "point": "good",
        "score": 80,
        "tldr": "Generated through the annotate view"
      }
    },
    "4809": {
      "id": "4809",
      "quoteDoc": "Terms of Use",
      "quoteEnd": 20102,
      "quoteStart": 19910,
      "quoteText": "JetBrains reserves the exclusive right to revoke authorization to view, download, and print Site content at any time, and you shall discontinue such use immediately upon notice from JetBrains.",
      "services": [
        "jetbrains"
      ],
      "title": "The service can delete your account without prior notice and without a reason",
      "topics": [],
      "tosdr": {
        "binding": true,
        "case": "The service can delete your account without prior notice and without a reason",
        "point": "bad",
        "score": 60,
        "tldr": "Generated through the annotate view"
      }
    }
  },
  "urls": [
    "jetbrains.com"
  ]
}