{
  "alexa": 1000000,
  "class": false,
  "links": {},
  "points": [
    "1497"
  ],
  "pointsData": {
    "1497": {
      "discussion": "https://groups.google.com/forum#!topic/tosdr/rFqnZWKtEq0",
      "id": "1497",
      "needModeration": false,
      "quoteDoc": "Terms of Use",
      "quoteEnd": 2890,
      "quoteStart": 2651,
      "quoteText": "You agree that we and our its licensors may make changes to the services offered on the Site, at any time without notice, and you further agree that we can revise these Terms at any time without notice by posting updated Terms on the Site.",
      "services": [
        "jobvite"
      ],
      "slug": "rFqnZWKtEq0",
      "title": "jobvite.com can change terms without notifying you",
      "topics": [],
      "tosdr": {
        "binding": true,
        "case": " Terms may be changed any time at their discretion, without notice to the user ",
        "point": "bad",
        "score": 70,
        "tldr": "jobvite.com can change terms without notifying you"
      }
    }
  },
  "urls": [
    "jobvite"
  ]
}