{
  "alexa": 1765,
  "class": false,
  "links": {},
  "points": [
    "4794",
    "4795",
    "4796",
    "4798",
    "4799"
  ],
  "pointsData": {
    "4794": {
      "id": "4794",
      "needModeration": false,
      "quoteDoc": "Terms and Conditions of Use",
      "quoteEnd": 22523,
      "quoteStart": 21774,
      "quoteText": "JSTOR will not be liable, and Institutional Licensees and Authorized Users agree that they will not hold JSTOR liable for any loss, injury, claim, liability, damages, costs, and/or attorneys fees of any kind that result from the unavailability of the JSTOR Platform or Content, delays or interruption of the services provided hereunder, or arising out of or in connection with Institutional Licensee’s or Authorized Users’ use of the JSTOR Platform or Content in violation of these Terms and Conditions of Use.\nIf the JSTOR Platform fails to operate in conformance with the terms of this Agreement, Institutional Licensee will immediately notify JSTOR, and, subject to Section 10.1 above, JSTOR’s sole obligation will be to repair the nonconformity.",
      "services": [
        "jstor"
      ],
      "title": "The service provider makes no warranty regarding uninterrupted, timely, secure or error-free service",
      "topics": [],
      "tosdr": {
        "binding": true,
        "case": "The service provider makes no warranty regarding uninterrupted, timely, secure or error-free service",
        "point": "bad",
        "score": 30,
        "tldr": "Generated through the annotate view"
      }
    },
    "4795": {
      "id": "4795",
      "needModeration": false,
      "quoteDoc": "Privacy Policy",
      "quoteEnd": 3317,
      "quoteStart": 2986,
      "quoteText": "<li>In some instances, Ithaka S+R may be contracted to provide services to third parties, which may involve collecting your personally identifiable information.\nIn such cases, the privacy policy governing the collection of your personally identifiable information shall be as set forth in such third parties’ privacy policies.</li>",
      "services": [
        "jstor"
      ],
      "title": "The service refers users to external documents for more information",
      "topics": [],
      "tosdr": {
        "binding": true,
        "case": "The service refers users to external documents for more information",
        "point": "bad",
        "privacyRelated": true,
        "score": 25,
        "tldr": "Generated through the annotate view"
      }
    },
    "4796": {
      "id": "4796",
      "needModeration": false,
      "quoteDoc": "Privacy Policy",
      "quoteEnd": 8989,
      "quoteStart": 8540,
      "quoteText": "<p>ITHAKA may also transfer personally identifiable information to third parties, including third parties located internationally, such as applicable publishers, other content providers, and libraries, who can better assist with your inquiries, to facilitate order fulfillment for the Journals Hosting Program, and to enable them to inform users of services provided by ITHAKA and/or the third parties’ products and services that may be of interest.",
      "services": [
        "jstor"
      ],
      "title": "Many third parties are involved in operating the service",
      "topics": [],
      "tosdr": {
        "binding": true,
        "case": "Many third parties are involved in operating the service",
        "point": "bad",
        "score": 50,
        "tldr": "Generated through the annotate view"
      }
    },
    "4798": {
      "id": "4798",
      "needModeration": false,
      "quoteDoc": "Privacy Policy",
      "quoteEnd": 17252,
      "quoteStart": 16913,
      "quoteText": "We may update this privacy policy to reflect changes to our information practices.\nIf we make any change in how we use your personal information we will notify you by email (sent to the e-mail address specified in your account).\nWe encourage you to periodically review this page for the latest information on our privacy practices.</p>\n<p>",
      "services": [
        "jstor"
      ],
      "title": "Users should revisit the terms periodically, although in case of material changes, the service will notify",
      "topics": [],
      "tosdr": {
        "binding": true,
        "case": "Users should revisit the terms periodically, although in case of material changes, the service will notify",
        "point": "neutral",
        "score": 50,
        "tldr": "Generated through the annotate view"
      }
    },
    "4799": {
      "id": "4799",
      "quoteDoc": "Privacy Policy",
      "quoteEnd": 17568,
      "quoteStart": 17534,
      "quoteText": "<p>Last updated on August 14, 2018",
      "services": [
        "jstor"
      ],
      "title": "There is a date of the last update of the terms",
      "topics": [],
      "tosdr": {
        "binding": true,
        "case": "There is a date of the last update of the terms",
        "point": "neutral",
        "score": 50,
        "tldr": "Generated through the annotate view"
      }
    }
  },
  "urls": [
    "jstor.org",
    "jstor.org"
  ]
}