{
  "alexa": 10191,
  "class": false,
  "links": {},
  "points": [
    "5364",
    "6474"
  ],
  "pointsData": {
    "5364": {
      "id": "5364",
      "needModeration": false,
      "quoteDoc": "Terms and Conditions",
      "quoteEnd": 407,
      "quoteStart": 374,
      "quoteText": "<p>Last updated: November 6, 2018",
      "services": [
        "kahoot!"
      ],
      "title": "There is a date of the last update of the terms",
      "topics": [],
      "tosdr": {
        "binding": true,
        "case": "There is a date of the last update of the terms",
        "point": "neutral",
        "score": 50,
        "tldr": "Generated through the annotate view"
      }
    },
    "6474": {
      "id": "6474",
      "needModeration": false,
      "quoteDoc": "Terms and Conditions",
      "quoteEnd": 9977,
      "quoteStart": 9721,
      "quoteText": "\nThe Paid Subscription and the payment to Kahoot! will automatically renew at the end of the monthly subscription period, unless you cancel your Paid Subscription through your subscription page before the end of the current monthly subscription period.</p>",
      "services": [
        "kahoot!"
      ],
      "title": "You authorise the service to charge a credit card supplied on re-occurring basis",
      "topics": [],
      "tosdr": {
        "binding": true,
        "case": "You authorise the service to charge a credit card supplied on re-occurring basis",
        "point": "neutral",
        "privacyRelated": true,
        "score": 50,
        "tldr": "Generated through the annotate view"
      }
    }
  },
  "urls": [
    "kahoot.com"
  ]
}