{
  "alexa": 3671,
  "class": false,
  "links": {},
  "points": [
    "4759",
    "4761",
    "4763",
    "4764",
    "4765",
    "4766",
    "4767",
    "4768",
    "4769",
    "4770",
    "4772",
    "4774",
    "4777",
    "4778",
    "4779",
    "4783",
    "4784",
    "4785",
    "4786",
    "4787",
    "6500",
    "6501"
  ],
  "pointsData": {
    "4759": {
      "id": "4759",
      "needModeration": false,
      "quoteDoc": "Privacy Policy",
      "quoteEnd": 66,
      "quoteStart": 4,
      "quoteText": "Effective Date: January 13, 2005<br>Last Updated: May 25, 2018",
      "services": [
        "kink-com"
      ],
      "title": "There is a date of the last update of the terms",
      "topics": [],
      "tosdr": {
        "binding": true,
        "case": "There is a date of the last update of the terms",
        "point": "neutral",
        "score": 50,
        "tldr": "Generated through the annotate view"
      }
    },
    "4761": {
      "id": "4761",
      "needModeration": false,
      "quoteDoc": "Privacy Policy",
      "quoteEnd": 5823,
      "quoteStart": 5608,
      "quoteText": "These third-party services may place cookies or other tracking technologies on your computer, phone, or other device and may access those tracking technologies in order to serve these tailored advertisements to you.",
      "services": [
        "kink-com"
      ],
      "title": "The service may use tracking pixels, web beacons, browser fingerprinting, and/or device fingerprinting on users.",
      "topics": [],
      "tosdr": {
        "binding": true,
        "case": "The service may use tracking pixels, web beacons, browser fingerprinting, and/or device fingerprinting on users.",
        "point": "bad",
        "privacyRelated": true,
        "score": 50,
        "tldr": "Generated through the annotate view"
      }
    },
    "4763": {
      "id": "4763",
      "needModeration": false,
      "quoteDoc": "Privacy Policy",
      "quoteEnd": 11616,
      "quoteStart": 11439,
      "quoteText": "You have certain rights around the use of your data, including the ability to opt out of promotional emails, cookies, and collection of your data by certain analytics providers.",
      "services": [
        "kink-com"
      ],
      "title": "You can opt out of targeted advertising",
      "topics": [],
      "tosdr": {
        "binding": true,
        "case": "You can opt out of targeted advertising",
        "point": "good",
        "score": 25,
        "tldr": "Generated through the annotate view"
      }
    },
    "4764": {
      "id": "4764",
      "needModeration": false,
      "quoteDoc": "Privacy Policy",
      "quoteEnd": 15706,
      "quoteStart": 15564,
      "quoteText": "We do not currently recognize or respond to browser-initiated Do Not Track signals as there is no consistent industry standard for compliance.",
      "services": [
        "kink-com"
      ],
      "title": "This service ignores the Do Not Track (DNT) header and tracks users anyway even if they set this header.",
      "topics": [],
      "tosdr": {
        "binding": true,
        "case": "This service ignores the Do Not Track (DNT) header and tracks users anyway even if they set this header.",
        "point": "bad",
        "score": 60,
        "tldr": "Generated through the annotate view"
      }
    },
    "4765": {
      "id": "4765",
      "needModeration": false,
      "quoteDoc": "Privacy Policy",
      "quoteEnd": 6546,
      "quoteStart": 6376,
      "quoteText": "Sending you information about updates to your Favorites, new services, new features, promotions, newsletters, and other information (which you can opt out of at any time)",
      "services": [
        "kink-com"
      ],
      "title": "You can opt out of promotional communications",
      "topics": [],
      "tosdr": {
        "binding": true,
        "case": "You can opt out of promotional communications",
        "point": "good",
        "score": 10,
        "tldr": "Generated through the annotate view"
      }
    },
    "4766": {
      "id": "4766",
      "needModeration": false,
      "quoteDoc": "Privacy Policy",
      "quoteEnd": 1292,
      "quoteStart": 416,
      "quoteText": "Summary</strong>\n</p>\n<p>We collect information about you when you:</p>\n<ul>\n<li>Use the website</li>\n<li>Create an account</li>\n<li>Make purchases</li>\n<li>Subscribe to our emails</li>\n<li>Communicate with us</li>\n</ul>\n<p>We also collect information, such as usage statistics, by using cookies, server logs, and similar technologies.</p>\n<p> </p>\nInformation You Provide to Us\n<p>We collect information that you provide directly to us.\nFor example, we collect information that you provide when you create an account, choose a viewing filter, rate or comment on content, add items to your Favorites, communicate with us (via email, a contact form, postal mail, or otherwise), or make purchases on the website.\n </p>\n<p>\n<strong>Account Data</strong>\n</p>\n<p> </p>\n<p>In order to use certain features (like view trailers or make a purchase), you need to create a user account.",
      "services": [
        "kink-com"
      ],
      "title": "The service provides details about what kinds of personal information they collect",
      "topics": [],
      "tosdr": {
        "binding": true,
        "case": "The service provides details about what kinds of personal information they collect",
        "point": "good",
        "score": 30,
        "tldr": "Generated through the annotate view; updated to include text that was annotated elsewhere and couldn't be included in the excerpt."
      }
    },
    "4767": {
      "id": "4767",
      "needModeration": false,
      "quoteDoc": "Privacy Policy",
      "quoteEnd": 5980,
      "quoteStart": 5950,
      "quoteText": "How We Use the Data We Collect",
      "services": [
        "kink-com"
      ],
      "title": "The service provides information about how they intend to use your personal data",
      "topics": [],
      "tosdr": {
        "binding": true,
        "case": "The service provides information about how they intend to use your personal data",
        "point": "good",
        "score": 30,
        "tldr": "Generated through the annotate view; updated to include text that had been annotated elsewhere and couldn't be included in the excerpt."
      }
    },
    "4768": {
      "id": "4768",
      "needModeration": false,
      "quoteDoc": "Privacy Policy",
      "quoteEnd": 10738,
      "quoteStart": 10331,
      "quoteText": "We employ technical and organizational measures such as firewalls and encryption that are designed to appropriately protect your information that is under our control and that we process on your behalf from unauthorized access collection, use, disclosure, copying, modification or disposal, both during transmission and once we receive it.\nWe store all information that you provide to us on secure servers.\n",
      "services": [
        "kink-com"
      ],
      "title": "info given about security practices",
      "topics": [],
      "tosdr": {
        "binding": true,
        "case": "The user is informed about security practices",
        "point": "good",
        "score": 15,
        "tldr": "Generated through the annotate view"
      }
    },
    "4769": {
      "id": "4769",
      "needModeration": false,
      "quoteDoc": "Privacy Policy",
      "quoteEnd": 3771,
      "quoteStart": 3745,
      "quoteText": "How We Collect Information",
      "services": [
        "kink-com"
      ],
      "title": "The service provides information about how they collect personal data",
      "topics": [],
      "tosdr": {
        "binding": true,
        "case": "The service provides information about how they collect personal data",
        "point": "good",
        "privacyRelated": true,
        "score": 50,
        "tldr": "Generated through the annotate view; updated to include text that had been annotated elsewhere and couldn't be included in the excerpt."
      }
    },
    "4770": {
      "id": "4770",
      "needModeration": false,
      "quoteDoc": "Privacy Policy",
      "quoteEnd": 15983,
      "quoteStart": 15811,
      "quoteText": "We may change this Policy from time to time, and if we do we’ll post any changes, including any material changes, on this page, so please be sure to check back periodically",
      "services": [
        "kink-com"
      ],
      "title": " Terms may be changed any time at their discretion, without notice to the user ",
      "topics": [],
      "tosdr": {
        "binding": true,
        "case": " Terms may be changed any time at their discretion, without notice to the user ",
        "point": "bad",
        "score": 70,
        "tldr": "Generated through the annotate view"
      }
    },
    "4772": {
      "id": "4772",
      "needModeration": false,
      "quoteDoc": "Terms of Use",
      "quoteEnd": 3894,
      "quoteStart": 3406,
      "quoteText": "You agree to indemnify CyberNet and all third parties that are linked to CyberNet and CyberNet's services, and all subsidiaries, affiliates, officers, agents, partners, and employees from any claims or demands made by any third party due to or arising from your use of CyberNet's services, purchase of materials from CyberNet or any third parties linked from CyberNet services, or use of any materials purchased or rented from CyberNet or third parties linked from CyberNet services.</li>",
      "services": [
        "kink-com"
      ],
      "title": "You agree to defend, indemnify, and hold the service harmless in case of a claim related to your use of the service",
      "topics": [],
      "tosdr": {
        "binding": true,
        "case": "You agree to defend, indemnify, and hold the service harmless in case of a claim related to your use of the service",
        "point": "bad",
        "score": 60,
        "tldr": "Generated through the annotate view"
      }
    },
    "4774": {
      "id": "4774",
      "needModeration": false,
      "quoteDoc": "Terms of Use",
      "quoteEnd": 1738,
      "quoteStart": 1572,
      "quoteText": "You agree and affirm that you are of legal age (18 years old in most jurisdictions, 21 in others) to purchase adult, sexually explicit materials in your jurisdiction.",
      "services": [
        "kink-com"
      ],
      "title": "This service is only available to users of a certain age",
      "topics": [],
      "tosdr": {
        "binding": true,
        "case": "This service is only available to users of a certain age",
        "point": "neutral",
        "score": 15,
        "tldr": "Generated through the annotate view"
      }
    },
    "4777": {
      "id": "4777",
      "needModeration": false,
      "quoteDoc": "Terms of Use",
      "quoteEnd": 4143,
      "quoteStart": 3952,
      "quoteText": "CyberNet's services and all websites linked from it are provided \"AS IS\" and on an \"AS AVAILABLE\" basis.\nThe content and materials are provided \"AS IS\" and no warranties are made of any kind.",
      "services": [
        "kink-com"
      ],
      "title": "The service is provided 'as is' and to be used at the users' sole risk",
      "topics": [],
      "tosdr": {
        "binding": true,
        "case": "The service is provided 'as is' and to be used at the users' sole risk",
        "point": "bad",
        "score": 20,
        "tldr": "Generated through the annotate view"
      }
    },
    "4778": {
      "id": "4778",
      "needModeration": false,
      "quoteDoc": "Terms of Use",
      "quoteEnd": 5363,
      "quoteStart": 5073,
      "quoteText": "Any use of CyberNet services is at your own risk and you are solely responsible for any damage to your computer hardware or software or loss of data that occurs during your use of the website regardless of fault, including damage or loss due to viruses, Trojans, or other malware.</li>\n<li>",
      "services": [
        "kink-com"
      ],
      "title": "Users are responsible for any risks, damages, or losses they may incur by downloading materials",
      "topics": [],
      "tosdr": {
        "binding": true,
        "case": "Users are responsible for any risks, damages, or losses they may incur by downloading materials",
        "point": "neutral",
        "score": 50,
        "tldr": "Generated through the annotate view"
      }
    },
    "4779": {
      "id": "4779",
      "needModeration": false,
      "quoteDoc": "Terms of Use",
      "quoteEnd": 2544,
      "quoteStart": 2380,
      "quoteText": "CyberNet does not make any warranties as to fitness for any particular use nor does CyberNet make any warranties as to the accuracy of descriptions of the products.",
      "services": [
        "kink-com"
      ],
      "title": "The service does not guarantee accuracy or reliability of the information provided",
      "topics": [],
      "tosdr": {
        "binding": true,
        "case": "The service does not guarantee accuracy or reliability of the information provided",
        "point": "bad",
        "score": 10,
        "tldr": "Generated through the annotate view"
      }
    },
    "4783": {
      "id": "4783",
      "needModeration": false,
      "quoteDoc": "Terms of Use",
      "quoteEnd": 14125,
      "quoteStart": 13777,
      "quoteText": "General discussion and respectful debate with other users of CyberNet's sites is also welcomed.</li>\n<li>While moderators might allow some leeway in what is considered to be an acceptable post, crossing certain boundaries may result in your posting being deleted and in extreme or repeated cases, having your access suspended or account nullified.\n",
      "services": [
        "kink-com"
      ],
      "title": "User suspension from the service will be fair and proportionate.",
      "topics": [],
      "tosdr": {
        "binding": true,
        "case": "User suspension from the service will be fair and proportionate.",
        "point": "good",
        "score": 20,
        "tldr": "Generated through the annotate view"
      }
    },
    "4784": {
      "id": "4784",
      "needModeration": false,
      "quoteDoc": "Privacy Policy",
      "quoteEnd": 5047,
      "quoteStart": 4956,
      "quoteText": "We use third-party analytics services like Google Analytics and Optimizely on the website.\n",
      "services": [
        "kink-com"
      ],
      "title": "This service uses third-party cookies for statistics",
      "topics": [],
      "tosdr": {
        "binding": true,
        "case": "This service uses third-party cookies for statistics",
        "point": "bad",
        "privacyRelated": true,
        "score": 10,
        "tldr": "Generated through the annotate view"
      }
    },
    "4785": {
      "id": "4785",
      "needModeration": false,
      "quoteDoc": "Terms of Use",
      "quoteEnd": 12984,
      "quoteStart": 12884,
      "quoteText": "You must not intimidate, harass or threaten other users, employees, or contractors of CyberNet.</li>",
      "services": [
        "kink-com"
      ],
      "title": "Users agree not to submit libelous, harassing or threatening content",
      "topics": [],
      "tosdr": {
        "binding": true,
        "case": "Users agree not to submit libelous, harassing or threatening content",
        "point": "neutral",
        "score": 20,
        "tldr": "Generated through the annotate view"
      }
    },
    "4786": {
      "id": "4786",
      "quoteDoc": "Terms of Use",
      "quoteEnd": 12442,
      "quoteStart": 12319,
      "quoteText": "You must not use any automated script or other software to collect information or content from CyberNet's sites in any way.",
      "services": [
        "kink-com"
      ],
      "title": "Users cannot scrape the website of the service",
      "topics": [],
      "tosdr": {
        "binding": true,
        "case": "Users cannot scrape the website of the service",
        "point": "bad",
        "score": 20,
        "tldr": "Generated through the annotate view"
      }
    },
    "4787": {
      "id": "4787",
      "quoteDoc": "Terms of Use",
      "quoteEnd": 7931,
      "quoteStart": 7829,
      "quoteText": "You are not permitted to attempt to overload, flood, spam, mailbomb, or crash the website or servers.\n",
      "services": [
        "kink-com"
      ],
      "title": "This service prohibits users sending chain letters, junk mail, spam or any unsolicited messages",
      "topics": [],
      "tosdr": {
        "binding": true,
        "case": "This service prohibits users sending chain letters, junk mail, spam or any unsolicited messages",
        "point": "neutral",
        "score": 15,
        "tldr": "Generated through the annotate view"
      }
    },
    "6500": {
      "id": "6500",
      "quoteDoc": "Terms of Use",
      "quoteEnd": 10483,
      "quoteStart": 10185,
      "quoteText": "CyberNet, in its sole discretion, may terminate your use and access of its services at any time and for any reason, or no reason if it believes you have violated any of the terms of use.\nAny termination may occur without notice to you and CyberNet may immediately deactivate or delete your account.",
      "services": [
        "kink-com"
      ],
      "title": "The service can delete your account without prior notice and without a reason",
      "topics": [],
      "tosdr": {
        "binding": true,
        "case": "The service can delete your account without prior notice and without a reason",
        "point": "bad",
        "score": 60,
        "tldr": "Generated through the annotate view"
      }
    },
    "6501": {
      "id": "6501",
      "quoteDoc": "Privacy Policy",
      "quoteEnd": 2116,
      "quoteStart": 1933,
      "quoteText": "<p>In order to process your payment we use third party payment processors, including RocketGate and Vendo.\nYour payment will be processed by RocketGate or Vendo via a payment gateway.",
      "services": [
        "kink-com"
      ],
      "title": "Many third parties are involved in operating the service",
      "topics": [],
      "tosdr": {
        "binding": true,
        "case": "Many third parties are involved in operating the service",
        "point": "bad",
        "score": 50,
        "tldr": "Generated through the annotate view"
      }
    }
  },
  "urls": [
    "kink.com"
  ]
}