{
  "alexa": 1000000,
  "class": false,
  "links": {},
  "points": [
    "6249",
    "6250"
  ],
  "pointsData": {
    "6249": {
      "id": "6249",
      "quoteDoc": "We Respect your privacy",
      "quoteEnd": 2552,
      "quoteStart": 2392,
      "quoteText": "This site uses <em>cookies</em>\n<i>\n</i> to set user preferences via the settings menu.\nThese cookies <b>DO NOT</b> reveal any information about the user.</li>\n",
      "services": [
        "kjvpce"
      ],
      "title": "The cookies used by this service do not contain information that would personally identify you",
      "topics": [],
      "tosdr": {
        "binding": true,
        "case": "The cookies used by this service do not contain information that would personally identify you",
        "point": "good",
        "privacyRelated": true,
        "score": 50,
        "tldr": "Generated through the annotate view"
      }
    },
    "6250": {
      "id": "6250",
      "quoteDoc": "We Respect your privacy",
      "quoteEnd": 2392,
      "quoteStart": 2317,
      "quoteText": "We <b>DO NOT</b> collect or share any information about the user.</li>\n<li>",
      "services": [
        "kjvpce"
      ],
      "title": "This service does not track you",
      "topics": [],
      "tosdr": {
        "binding": true,
        "case": "This service does not track you",
        "point": "good",
        "score": 100,
        "tldr": "Generated through the annotate view"
      }
    }
  },
  "urls": [
    "kjvpce.com"
  ]
}