{
  "class": false,
  "links": {},
  "points": [
    "5060"
  ],
  "pointsData": {
    "5060": {
      "id": "5060",
      "needModeration": false,
      "quoteDoc": "Privacy Policy",
      "quoteEnd": 63,
      "quoteStart": 0,
      "quoteText": "This site doesn't track you in any way, shape, or form.\nPeriod.",
      "services": [
        "liamrosenfeld-com"
      ],
      "title": "This service does not track you",
      "topics": [],
      "tosdr": {
        "binding": true,
        "case": "This service does not track you",
        "point": "good",
        "score": 100,
        "tldr": "The privacy policy states \"This site doesn't track you in any way, shape, or form. Period.\""
      }
    }
  },
  "urls": [
    "liamrosenfeld.com"
  ]
}