{
  "alexa": 22343,
  "class": false,
  "links": {},
  "points": [
    "753"
  ],
  "pointsData": {
    "753": {
      "discussion": "https://groups.google.com/forum#!topic/tosdr/3XFowwGrBuk",
      "id": "753",
      "needModeration": false,
      "quoteDoc": "Privacy / Terms",
      "quoteEnd": 2815,
      "quoteStart": 2637,
      "quoteText": "No sale of personal information <p>LibraryThing will not sell or give personally-identifiable information to any third party.\nThis would be evil, and we are not evil.\nYes, still.",
      "services": [
        "librarything"
      ],
      "slug": "3XFowwGrBuk",
      "title": "Will not sell your data",
      "topics": [],
      "tosdr": {
        "binding": true,
        "case": "This service does not sell your personal data",
        "point": "good",
        "score": 25,
        "tldr": "LibraryThing will not sell or give personally-identifiable information to any third party."
      }
    }
  },
  "urls": [
    "librarything.com"
  ]
}