{
  "alexa": 1814,
  "class": false,
  "links": {},
  "points": [
    "5629"
  ],
  "pointsData": {
    "5629": {
      "id": "5629",
      "quoteDoc": "Terms of Use",
      "quoteEnd": 9349,
      "quoteStart": 8972,
      "quoteText": "You must be at least thirteen (13) years old (or equivalent minimum age depending on your jurisdiction) (\"Minimum Age\").\nThe use of the Service by anyone under the Minimum Age is unauthorized and unlicensed.\nBy using the Service, you represent and warrant that you meet the foregoing requirement.\nIf you do not meet this requirement, you must not access of use the Service.</p>",
      "services": [
        "linewebtoon"
      ],
      "title": "This service is only available to users of a certain age",
      "topics": [],
      "tosdr": {
        "binding": true,
        "case": "This service is only available to users of a certain age",
        "point": "neutral",
        "score": 15,
        "tldr": "Generated through the annotate view"
      }
    }
  },
  "urls": [
    "webtoons.com"
  ]
}