{
  "alexa": 33,
  "class": false,
  "links": {
    "Privacy Policy": {
      "name": "Privacy Policy",
      "url": "https://www.linkedin.com/legal/privacy-policy"
    },
    "Terms of Service": {
      "name": "Terms of Service",
      "url": "https://www.linkedin.com/legal/user-agreement"
    }
  },
  "points": [
    "5880",
    "5881",
    "5882",
    "5883",
    "5884",
    "5885",
    "5886",
    "5887",
    "5888",
    "5889",
    "5891",
    "5892",
    "5894",
    "5918"
  ],
  "pointsData": {
    "5880": {
      "id": "5880",
      "quoteDoc": "Terms of Service",
      "quoteEnd": 4259,
      "quoteStart": 3726,
      "quoteText": "We may modify this Contract, our Privacy Policy and our Cookies Policies from time to time.\nIf we make material changes to it, we will provide you notice through our Services, or by other means, to provide you the opportunity to review the changes before they become effective.\nWe agree that changes cannot be retroactive.\nIf you object to any changes, you may close your account.\nYour continued use of our Services after we publish or send a notice about our changes to these terms means that you are consenting to the updated terms",
      "services": [
        "linkedin"
      ],
      "title": "The service may change its terms at any time, but the user will receive notification of the changes.",
      "topics": [],
      "tosdr": {
        "binding": true,
        "case": "The service may change its terms at any time, but the user will receive notification of the changes.",
        "point": "neutral",
        "score": 0,
        "tldr": "Generated through the annotate view"
      }
    },
    "5881": {
      "id": "5881",
      "quoteDoc": "Terms of Service",
      "quoteEnd": 6714,
      "quoteStart": 6502,
      "quoteText": "<p>You’ll honor your payment obligations and you are okay with us storing your payment information.\nYou understand that there may be fees and taxes that are added to our prices.</p>\n<p>We don't guarantee refunds.",
      "services": [
        "linkedin"
      ],
      "title": "The service has a no refund policy",
      "topics": [],
      "tosdr": {
        "binding": true,
        "case": "The service has a no refund policy",
        "point": "neutral",
        "score": 50,
        "tldr": "Generated through the annotate view"
      }
    },
    "5882": {
      "id": "5882",
      "quoteDoc": "Terms of Service",
      "quoteEnd": 23287,
      "quoteStart": 23253,
      "quoteText": "Use your real name on your profile",
      "services": [
        "linkedin"
      ],
      "title": "Users are not allowed to use pseudonyms, as trust and transparency between users regarding their identities is relevant to the service.",
      "topics": [],
      "tosdr": {
        "binding": true,
        "case": "Users are not allowed to use pseudonyms, as trust and transparency between users regarding their identities is relevant to the service.",
        "point": "neutral",
        "score": 10,
        "tldr": "Generated through the annotate view"
      }
    },
    "5883": {
      "id": "5883",
      "quoteDoc": "Terms of Service",
      "quoteEnd": 23878,
      "quoteStart": 23629,
      "quoteText": "Develop, support or use software, devices, scripts, robots, or any other means or processes (including crawlers, browser plugins and add-ons, or any other technology) to scrape the Services or otherwise copy profiles and other data from the Services",
      "services": [
        "linkedin"
      ],
      "title": "no spidering or crawling",
      "topics": [],
      "tosdr": {
        "binding": true,
        "case": "Spidering or crawling is not allowed",
        "point": "neutral",
        "score": 10,
        "tldr": "Generated through the annotate view"
      }
    },
    "5884": {
      "id": "5884",
      "quoteDoc": "Privacy Policy",
      "quoteEnd": 5976,
      "quoteStart": 5525,
      "quoteText": "We collect personal data from you when you provide, post or upload it to our Services, such as when you fill out a form, (e.g., with demographic data or salary), respond to a survey, or submit a resume.\nIf you opt to import your address book, we receive your contacts (including contact information your service provider(s) or app automatically added to your address book when you communicated with addresses or numbers not already in your list).</p>\n",
      "services": [
        "linkedin"
      ],
      "title": "This service uses your personal information for many different purposes",
      "topics": [],
      "tosdr": {
        "binding": true,
        "case": "This service uses your personal information for many different purposes",
        "point": "bad",
        "score": 40,
        "tldr": "Generated through the annotate view"
      }
    },
    "5885": {
      "id": "5885",
      "quoteDoc": "Privacy Policy",
      "quoteEnd": 8876,
      "quoteStart": 8415,
      "quoteText": "We log usage data when you visit or otherwise use our Services, including our sites, app and platform technology (e.g., our off-site plugins), such as when you view or click on content (e.g., learning video) or ads (on or off our sites and apps), perform a search, install or update one of our mobile apps, share articles or apply for jobs.\nWe use log-ins, cookies, device information and internet protocol (“IP”) addresses to identify you and log your use.</p>",
      "services": [
        "linkedin"
      ],
      "title": "This service keeps user logs for an undefined period of time",
      "topics": [],
      "tosdr": {
        "binding": true,
        "case": "This service keeps user logs for an undefined period of time",
        "point": "bad",
        "score": 100,
        "tldr": "Generated through the annotate view"
      }
    },
    "5886": {
      "id": "5886",
      "quoteDoc": "Privacy Policy",
      "quoteEnd": 10250,
      "quoteStart": 9758,
      "quoteText": "When you visit or leave our Services (including our plugins or cookies or similar technology on the sites of others), we receive the URL of both the site you came from and the one you go to next.\nWe also get information about your IP address, proxy server, operating system, web browser and add-ons, device identifier and features, and/or ISP or your mobile carrier.\nIf you use our Services from a mobile device, that device will send us data about your location based on your phone settings.",
      "services": [
        "linkedin"
      ],
      "title": "This service may collect, use, and share location data",
      "topics": [],
      "tosdr": {
        "binding": true,
        "case": "This service may collect, use, and share location data",
        "point": "bad",
        "privacyRelated": true,
        "score": 75,
        "tldr": "Generated through the annotate view"
      }
    },
    "5887": {
      "id": "5887",
      "quoteDoc": "Privacy Policy",
      "quoteEnd": 19687,
      "quoteStart": 19278,
      "quoteText": "We target (and measure the performance of) ads to Members, Visitors and others both on and off our Services directly or through a variety of <dfn>partnersPartners include ad networks, exchanges and others</dfn>, using the following data, whether separately or combined:</p>\n<ul>\n<li>Data from advertising technologies on and off our Services, like web beacons, pixels, ad tags, cookies, and device identifiers",
      "services": [
        "linkedin"
      ],
      "title": "The service may use tracking pixels, web beacons, browser fingerprinting, and/or device fingerprinting on users.",
      "topics": [],
      "tosdr": {
        "binding": true,
        "case": "The service may use tracking pixels, web beacons, browser fingerprinting, and/or device fingerprinting on users.",
        "point": "bad",
        "privacyRelated": true,
        "score": 50,
        "tldr": "Generated through the annotate view"
      }
    },
    "5888": {
      "id": "5888",
      "quoteDoc": "Privacy Policy",
      "quoteEnd": 34551,
      "quoteStart": 34419,
      "quoteText": "You can ask us to erase or delete all or some of your personal data (e.g., if it is no longer necessary to provide Services to you).",
      "services": [
        "linkedin"
      ],
      "title": "You can delete your content from this service",
      "topics": [],
      "tosdr": {
        "binding": true,
        "case": "You can delete your content from this service",
        "point": "good",
        "score": 50,
        "tldr": "Generated through the annotate view"
      }
    },
    "5889": {
      "id": "5889",
      "quoteDoc": "Privacy Policy",
      "quoteEnd": 35322,
      "quoteStart": 35152,
      "quoteText": "Members may go to their settings to make requests.\nus for a copy of your personal data and can ask for a copy of personal data you provided in machine readable form.</li>",
      "services": [
        "linkedin"
      ],
      "title": "This service provides a way for you to export your data",
      "topics": [],
      "tosdr": {
        "binding": true,
        "case": "This service provides a way for you to export your data",
        "point": "good",
        "score": 30,
        "tldr": "Generated through the annotate view"
      }
    },
    "5891": {
      "id": "5891",
      "quoteDoc": "Do Not Track Policy",
      "quoteEnd": 3257,
      "quoteStart": 3118,
      "quoteText": "With regard to DNT, LinkedIn currently doesn't respond to DNT signals in browsers because no DNT standard has been adopted, as noted above.",
      "services": [
        "linkedin"
      ],
      "title": "This service ignores the Do Not Track (DNT) header and tracks users anyway even if they set this header.",
      "topics": [],
      "tosdr": {
        "binding": true,
        "case": "This service ignores the Do Not Track (DNT) header and tracks users anyway even if they set this header.",
        "point": "bad",
        "score": 60,
        "tldr": "Generated through the annotate view"
      }
    },
    "5892": {
      "id": "5892",
      "quoteDoc": "Cookie Policy",
      "quoteEnd": 3878,
      "quoteStart": 3452,
      "quoteText": "We may use cookies to show you relevant advertising both on and off the LinkedIn site.\nWe may also use a cookie to learn whether someone who saw an ad later visited and took an action (e.g.\ndownloaded a white paper or made a purchase) on the advertiser’s site.\nSimilarly, our partners may use a cookie to determine whether we’ve shown an ad and how it performed, or provide us with information about how you interact with ads.",
      "services": [
        "linkedin"
      ],
      "title": "This service allows tracking via third-party cookies for purposes including targeted advertising.",
      "topics": [],
      "tosdr": {
        "binding": true,
        "case": "Tracking via third-party cookies for other purposes without your consent.",
        "point": "bad",
        "privacyRelated": true,
        "score": 70,
        "tldr": "Generated through the annotate view"
      }
    },
    "5894": {
      "id": "5894",
      "needModeration": false,
      "quoteDoc": "Privacy Policy",
      "quoteEnd": 32863,
      "quoteStart": 32736,
      "quoteText": "We can also share your personal data as part of a sale, merger or change in control, or in preparation for any of these events.",
      "services": [
        "linkedin"
      ],
      "title": "The service can sell or otherwise transfer your personal data as part of a bankruptcy proceeding or other type of financial transaction.",
      "topics": [],
      "tosdr": {
        "binding": true,
        "case": "The service can sell or otherwise transfer your personal data as part of a bankruptcy proceeding or other type of financial transaction.",
        "point": "bad",
        "score": 50,
        "tldr": "Generated through the annotate view"
      }
    },
    "5918": {
      "id": "5918",
      "quoteDoc": "Terms of Service",
      "quoteEnd": 10645,
      "quoteStart": 10375,
      "quoteText": "A worldwide, transferable and sublicensable right to use, copy, modify, distribute, publish, and process, information and content that you provide through our Services and the services of others, without any further consent, notice and/or compensation to you or others.\n",
      "services": [
        "linkedin"
      ],
      "title": "This service can use your content for all their existing and future services",
      "topics": [],
      "tosdr": {
        "binding": true,
        "case": "This service can use your content for all their existing and future services",
        "point": "bad",
        "score": 50,
        "tldr": "Generated through the annotate view"
      }
    }
  },
  "urls": [
    "linkedin.com"
  ]
}