{
  "alexa": 272,
  "class": false,
  "links": {
    "Privacy Policy": {
      "name": "Privacy Policy",
      "url": "http://www.livejournal.com/legal/privacy.bml"
    },
    "Terms of Service": {
      "name": "Terms of Service",
      "url": "http://www.livejournal.com/legal/tos.bml"
    }
  },
  "points": [
    "5221"
  ],
  "pointsData": {
    "5221": {
      "id": "5221",
      "needModeration": false,
      "quoteDoc": "Terms of Service",
      "quoteEnd": 585,
      "quoteStart": 518,
      "quoteText": "The Service may be used only by individuals aged 14 and above.</li>",
      "services": [
        "livejournal"
      ],
      "title": "This service is only available to users aged 14 and above",
      "topics": [],
      "tosdr": {
        "binding": true,
        "case": "This service is only available to users of a certain age",
        "point": "neutral",
        "score": 15,
        "tldr": "This service is only available to users aged 14 and above"
      }
    }
  },
  "urls": [
    "livejournal.com"
  ]
}