{
  "alexa": 1000000,
  "class": false,
  "links": {},
  "points": [
    "6273",
    "6275",
    "6333"
  ],
  "pointsData": {
    "6273": {
      "id": "6273",
      "quoteDoc": "Privacy Policy",
      "quoteEnd": 15144,
      "quoteStart": 14989,
      "quoteText": "Except as described below, we do not sell, transfer or otherwise disclose, sell, trade, or otherwise transfer your Personal Information to outside parties.",
      "services": [
        "loom"
      ],
      "title": "Third parties may be involved in operating the service",
      "topics": [],
      "tosdr": {
        "binding": true,
        "case": "Third parties may be involved in operating the service",
        "point": "bad",
        "score": 15,
        "tldr": "Generated through the annotate view"
      }
    },
    "6275": {
      "id": "6275",
      "quoteDoc": "Privacy Policy",
      "quoteEnd": 16106,
      "quoteStart": 15688,
      "quoteText": "<p>We may use service providers located outside of the United States, and, if applicable, your Personal Information may be processed and stored in other countries and therefore may be subject to disclosure under the laws of those countries.\nYou explicitly consent and agree to such transfer, storing and/or processing of your Personal Information outside of the United States or other country in which you are located.",
      "services": [
        "loom"
      ],
      "title": "Your data may be processed and stored anywhere in the world",
      "topics": [],
      "tosdr": {
        "binding": true,
        "case": "Your data may be processed and stored anywhere in the world",
        "point": "bad",
        "score": 25,
        "tldr": "Generated through the annotate view"
      }
    },
    "6333": {
      "id": "6333",
      "quoteDoc": "Privacy Policy",
      "quoteEnd": 5127,
      "quoteStart": 5031,
      "quoteText": "Loom may use such Personal Information for sales, marketing, and support of the Loom Properties.",
      "services": [
        "loom"
      ],
      "title": "This service uses your personal information for many different purposes",
      "topics": [],
      "tosdr": {
        "binding": true,
        "case": "This service uses your personal information for many different purposes",
        "point": "bad",
        "score": 40,
        "tldr": "Generated through the annotate view"
      }
    }
  },
  "urls": [
    "loom.com",
    "http://status.loom.com/",
    "https://support.loom.com/"
  ]
}