{
  "alexa": 375,
  "class": false,
  "links": {},
  "points": [
    "6326",
    "6327",
    "6328"
  ],
  "pointsData": {
    "6326": {
      "id": "6326",
      "quoteDoc": " Terms of Use ",
      "quoteEnd": 30137,
      "quoteStart": 30100,
      "quoteText": "Updated September 13, 2018.</em>\n</p>",
      "services": [
        "mailchimp"
      ],
      "title": "There is a date of the last update of the terms",
      "topics": [],
      "tosdr": {
        "binding": true,
        "case": "There is a date of the last update of the terms",
        "point": "neutral",
        "score": 50,
        "tldr": "Generated through the annotate view"
      }
    },
    "6327": {
      "id": "6327",
      "quoteDoc": " Cookie Statement ",
      "quoteEnd": 12264,
      "quoteStart": 11845,
      "quoteText": "We automatically place single pixel gifs, also known as web beacons, in every email sent by our users.\nThese are tiny graphic files that contain unique identifiers that enable us and our users to recognize when their subscribers have opened an email or clicked certain links.\nThese technologies record each subscribers email address,</p>\n<p>IP address, date, and time associated with each open and click for a campaign.",
      "services": [
        "mailchimp"
      ],
      "title": "The service may use tracking pixels, web beacons, browser fingerprinting, and/or device fingerprinting on users.",
      "topics": [],
      "tosdr": {
        "binding": true,
        "case": "The service may use tracking pixels, web beacons, browser fingerprinting, and/or device fingerprinting on users.",
        "point": "bad",
        "privacyRelated": true,
        "score": 50,
        "tldr": "Generated through the annotate view"
      }
    },
    "6328": {
      "id": "6328",
      "quoteDoc": " Cookie Statement ",
      "quoteEnd": 17870,
      "quoteStart": 17544,
      "quoteText": "If you choose to reject cookies, you may still use our Websites though your access to some functionality and areas of our Websites may be restricted.\nAs the means by which you can refuse cookies through your web browser controls vary from browser-to-browser, you should visit your browser’s help menu for more information.</p>",
      "services": [
        "mailchimp"
      ],
      "title": "Blocking cookies may limit your ability to use the service",
      "topics": [],
      "tosdr": {
        "binding": true,
        "case": "Blocking cookies may limit your ability to use the service",
        "point": "bad",
        "score": 50,
        "tldr": "Generated through the annotate view"
      }
    }
  },
  "urls": [
    "mailchimp.com"
  ]
}