{
  "alexa": 1000000,
  "class": false,
  "links": {},
  "points": [
    "5990",
    "5991",
    "5992",
    "5994",
    "6014"
  ],
  "pointsData": {
    "5990": {
      "id": "5990",
      "quoteDoc": "Privacy Policy",
      "quoteEnd": 1236,
      "quoteStart": 1189,
      "quoteText": "There is no requirement to give your real name.",
      "services": [
        "masonbee"
      ],
      "title": "The service allows you to use pseudonyms",
      "topics": [],
      "tosdr": {
        "binding": true,
        "case": "The service allows you to use pseudonyms",
        "point": "good",
        "score": 20,
        "tldr": "Generated through the annotate view"
      }
    },
    "5991": {
      "id": "5991",
      "quoteDoc": "Privacy Policy",
      "quoteEnd": 3214,
      "quoteStart": 3085,
      "quoteText": "If you’d like to ask for a copy of your information, or to have it corrected or deleted, please contact us in the comments below.",
      "services": [
        "masonbee"
      ],
      "title": "This service provides a way for you to export your data",
      "topics": [],
      "tosdr": {
        "binding": true,
        "case": "This service provides a way for you to export your data",
        "point": "good",
        "score": 30,
        "tldr": "Generated through the annotate view"
      }
    },
    "5992": {
      "id": "5992",
      "needModeration": false,
      "quoteDoc": "Privacy Policy",
      "quoteEnd": 2137,
      "quoteStart": 2039,
      "quoteText": "This data is gathered as part of the normal process of serving the site to you.\nWe don’t share it.",
      "services": [
        "masonbee"
      ],
      "title": "The copyright license that users grant to the service is limited for the purposes of that same service, and not third parties.",
      "topics": [],
      "tosdr": {
        "binding": true,
        "case": "Copyright license limited for the purposes of that same service but transferable and sublicenseable",
        "point": "good",
        "score": 15,
        "tldr": "Generated through the annotate view"
      }
    },
    "5994": {
      "id": "5994",
      "needModeration": false,
      "quoteDoc": "Privacy Policy",
      "quoteEnd": 5242,
      "quoteStart": 5145,
      "quoteText": "This work is licensed under a Creative Commons Attribution-ShareAlike 4.0 International License.\n",
      "services": [
        "masonbee"
      ],
      "title": "Features of the website are made available under a free software license",
      "topics": [],
      "tosdr": {
        "binding": true,
        "case": "Features of the website are made available under a free software license",
        "point": "good",
        "score": 90,
        "tldr": "Generated through the annotate view"
      }
    },
    "6014": {
      "id": "6014",
      "quoteDoc": "Privacy Policy",
      "quoteEnd": 2187,
      "quoteStart": 2138,
      "quoteText": "It is also viewable by our hosting company though",
      "services": [
        "masonbee"
      ],
      "title": "Third parties may be involved in operating the service",
      "topics": [],
      "tosdr": {
        "binding": true,
        "case": "Third parties may be involved in operating the service",
        "point": "bad",
        "score": 15,
        "tldr": "Generated through the annotate view"
      }
    }
  },
  "urls": [
    "masonbee.nz"
  ]
}