{
  "alexa": 85568,
  "class": false,
  "links": {},
  "points": [
    "4468"
  ],
  "pointsData": {
    "4468": {
      "id": "4468",
      "needModeration": false,
      "quoteDoc": "Privacy Policy",
      "quoteEnd": 3703,
      "quoteStart": 3237,
      "quoteText": "How do we protect your information? <p>We implement a variety of security measures to maintain the safety of your personal information when you enter, submit, or access your personal information.\nAmong other things, your browser session, as well as the traffic between your applications and the API, are secured with SSL, and your password is hashed using a strong one-way algorithm.\nYou may enable two-factor authentication to further secure access to your account.",
      "services": [
        "mastodon-social"
      ],
      "title": "info given about security practices",
      "topics": [],
      "tosdr": {
        "binding": true,
        "case": "The user is informed about security practices",
        "point": "good",
        "score": 15,
        "tldr": "Generated through the annotate view"
      }
    }
  },
  "urls": [
    "mastodon.social"
  ]
}