{
  "class": false,
  "links": {},
  "points": [
    "5073",
    "5077",
    "5079"
  ],
  "pointsData": {
    "5073": {
      "id": "5073",
      "needModeration": false,
      "quoteDoc": "Privacy Policy",
      "quoteEnd": 5529,
      "quoteStart": 5335,
      "quoteText": "3.5.3. If you have an account on this site, or have left comments, you can request to receive an exported file of the personal data we hold about you, including any data you have provided to us.",
      "services": [
        "medtinker"
      ],
      "title": "This service provides a way for you to export your data",
      "topics": [],
      "tosdr": {
        "binding": true,
        "case": "This service provides a way for you to export your data",
        "point": "good",
        "score": 30,
        "tldr": "Generated through the annotate view"
      }
    },
    "5077": {
      "id": "5077",
      "needModeration": false,
      "quoteDoc": "Privacy Policy",
      "quoteEnd": 760,
      "quoteStart": 718,
      "quoteText": "1.\nPrivacy Policy Last updated: 01.06.2018",
      "services": [
        "medtinker"
      ],
      "title": "There is a date of the last update of the terms",
      "topics": [],
      "tosdr": {
        "binding": true,
        "case": "There is a date of the last update of the terms",
        "point": "neutral",
        "score": 50,
        "tldr": "Generated through the annotate view"
      }
    },
    "5079": {
      "id": "5079",
      "needModeration": false,
      "quoteDoc": "Privacy Policy",
      "quoteEnd": 5601,
      "quoteStart": 5530,
      "quoteText": "You can also request that we erase any personal data we hold about you.",
      "services": [
        "medtinker"
      ],
      "title": "You can delete your content from this service",
      "topics": [],
      "tosdr": {
        "binding": true,
        "case": "You can delete your content from this service",
        "point": "good",
        "score": 50,
        "tldr": "Generated through the annotate view"
      }
    }
  },
  "urls": [
    "medtinker.net",
    "https://rezidentiat.medtinker.net/"
  ]
}