{
  "alexa": 1000000,
  "class": false,
  "links": {},
  "points": [
    "5758",
    "5759",
    "5760",
    "5761",
    "5762",
    "6419",
    "6420",
    "6421",
    "6422",
    "6428"
  ],
  "pointsData": {
    "5758": {
      "id": "5758",
      "needModeration": false,
      "quoteDoc": "Privacy Policy",
      "quoteEnd": 1351,
      "quoteStart": 1099,
      "quoteText": "To make this Privacy Policy easier to understand, we have provided summaries in these gray boxes.\nThese summaries are not part of the official policy.\nEven though we have provided summaries, it is important for you to read the entire policy carefully.\n",
      "services": [
        "meetup"
      ],
      "title": "The terms for this service are easy to read",
      "topics": [],
      "tosdr": {
        "binding": true,
        "case": "The terms for this service are easy to read",
        "point": "good",
        "score": 15,
        "tldr": "Generated through the annotate view"
      }
    },
    "5759": {
      "id": "5759",
      "needModeration": false,
      "quoteDoc": "Privacy Policy",
      "quoteEnd": 2684,
      "quoteStart": 2289,
      "quoteText": "For example, we collect information that you provide when you create an account, choose interests or groups, fill out a form, or communicate with us.\nThe types of information that we may collect include your name, username, password, email address, postal address, phone number, payment method data, photos, choices of interests and groups, and any other information that you choose to provide.\n",
      "services": [
        "meetup"
      ],
      "title": "The service provides details about what kinds of personal information they collect",
      "topics": [],
      "tosdr": {
        "binding": true,
        "case": "The service provides details about what kinds of personal information they collect",
        "point": "good",
        "score": 30,
        "tldr": "Generated through the annotate view"
      }
    },
    "5760": {
      "id": "5760",
      "needModeration": false,
      "quoteDoc": "Privacy Policy",
      "quoteEnd": 129,
      "quoteStart": 1,
      "quoteText": "Privacy Policy Notice\n<p>\n<em>Effective:</em> May 25, 2018<br> (<em>view previous versions:</em>\n3/28/17,\n3/29/16,\n5/23/10)</p>\n",
      "services": [
        "meetup"
      ],
      "title": "There is a date of the last update of the terms",
      "topics": [],
      "tosdr": {
        "binding": true,
        "case": "There is a date of the last update of the terms",
        "point": "neutral",
        "score": 50,
        "tldr": "Generated through the annotate view"
      }
    },
    "5761": {
      "id": "5761",
      "needModeration": false,
      "quoteDoc": "Privacy Policy",
      "quoteEnd": 20360,
      "quoteStart": 20314,
      "quoteText": "To provide you with a refund, if entitled;</li",
      "services": [
        "meetup"
      ],
      "title": "Users are entitled to a refund if certain thresholds or standards are not met by the service",
      "topics": [],
      "tosdr": {
        "binding": true,
        "case": "Users are entitled to a refund if certain thresholds or standards are not met by the service",
        "point": "good",
        "score": 30,
        "tldr": "Generated through the annotate view"
      }
    },
    "5762": {
      "id": "5762",
      "needModeration": false,
      "quoteDoc": "Privacy Policy",
      "quoteEnd": 4125,
      "quoteStart": 3597,
      "quoteText": "Log Information</b>: We collect log information about your use of the Platform, including the type of browser that you use.\nthe time, duration and frequency of your access.\nPlatform pages viewed.\nyour IP address.\nand the page you visited before visiting our Platform.</li>\n<li>\n<b>Device Information</b>: We collect information about the computer or mobile device that you use to access our Platform, including the hardware model, operating system and version, unique device identifiers, and mobile network information.</li>\n<li",
      "services": [
        "meetup"
      ],
      "title": "The service provides information about how they collect personal data",
      "topics": [],
      "tosdr": {
        "binding": true,
        "case": "The service provides information about how they collect personal data",
        "point": "good",
        "privacyRelated": true,
        "score": 50,
        "tldr": "Generated through the annotate view"
      }
    },
    "6419": {
      "id": "6419",
      "needModeration": false,
      "quoteDoc": "Terms of Service",
      "quoteEnd": 6359,
      "quoteStart": 5900,
      "quoteText": "We may modify this Agreement from time to time.\nWhen we do, we will provide notice to you by publishing the most current version and revising the date at the top of this page.\nIf we make any material change to this Agreement, we will provide additional notice to you, such as by sending you an email or displaying a prominent notice on our Platform.\nBy continuing to use the Platform after any changes come into effect, you agree to the revised Agreement.</p>",
      "services": [
        "meetup"
      ],
      "title": "Users should revisit the terms periodically, although in case of material changes, the service will notify",
      "topics": [],
      "tosdr": {
        "binding": true,
        "case": "Users should revisit the terms periodically, although in case of material changes, the service will notify",
        "point": "neutral",
        "score": 50,
        "tldr": "Generated through the annotate view"
      }
    },
    "6420": {
      "id": "6420",
      "needModeration": false,
      "quoteDoc": "Terms of Service",
      "quoteEnd": 1008,
      "quoteStart": 821,
      "quoteText": "We charge for certain aspects of our Platform, and some of these fees are billed on a regular and recurring basis (unless you disable auto-renewal or cancel your subscription).</li>\n</ul>",
      "services": [
        "meetup"
      ],
      "title": "You authorise the service to charge a credit card supplied on re-occurring basis",
      "topics": [],
      "tosdr": {
        "binding": true,
        "case": "You authorise the service to charge a credit card supplied on re-occurring basis",
        "point": "neutral",
        "privacyRelated": true,
        "score": 50,
        "tldr": "Generated through the annotate view"
      }
    },
    "6421": {
      "id": "6421",
      "needModeration": false,
      "quoteDoc": "Terms of Service",
      "quoteEnd": 6751,
      "quoteStart": 6645,
      "quoteText": "Our Platform is available to anyone who is at least 18 years old.\nYou represent that you are at least 18.\n",
      "services": [
        "meetup"
      ],
      "title": "This service is only available to users of a certain age",
      "topics": [],
      "tosdr": {
        "binding": true,
        "case": "This service is only available to users of a certain age",
        "point": "neutral",
        "score": 15,
        "tldr": "Generated through the annotate view"
      }
    },
    "6422": {
      "id": "6422",
      "needModeration": false,
      "quoteDoc": "Terms of Service",
      "quoteEnd": 2419,
      "quoteStart": 2093,
      "quoteText": "Your Content is also subject to our Intellectual Property Dispute Policies.\n</li>\n<li>We do not own the Content that you post.\nHowever, we do require that you provide us a license to use this Content in order for us to operate, improve, promote, and protect Meetup and our Platform for the benefit of you and others.</li>\n<li>",
      "services": [
        "meetup"
      ],
      "title": "You maintain ownership of your data",
      "topics": [],
      "tosdr": {
        "binding": true,
        "case": "You maintain ownership of your data",
        "point": "good",
        "score": 50,
        "tldr": "Generated through the annotate view"
      }
    },
    "6428": {
      "id": "6428",
      "needModeration": false,
      "quoteDoc": "Cookie Policy",
      "quoteEnd": 5350,
      "quoteStart": 4559,
      "quoteText": "In addition to the uses of cookies described above, these entities may use other methods, such as the technologies described below, to collect information about your use of the Platform and other websites and online services.\n</p>\n<p>\nPixels tags.\nPixel tags (which are also called clear GIFs, web beacons, or pixels), are small pieces of code that can be embedded on websites and emails.\nPixels tags may be used to learn how you interact with our site pages and emails, and this information helps us and our partners provide you with a more tailored experience.\n</p>\n<p>\nDevice Identifiers.\nA device identifier is a unique label can be used to identify a mobile device.\nDevice identifiers may be used to track, analyze and improve the performance of the Platform and ads delivered.\n</p>\n<p>",
      "services": [
        "meetup"
      ],
      "title": "The service may use tracking pixels, web beacons, browser fingerprinting, and/or device fingerprinting on users.",
      "topics": [],
      "tosdr": {
        "binding": true,
        "case": "The service may use tracking pixels, web beacons, browser fingerprinting, and/or device fingerprinting on users.",
        "point": "bad",
        "privacyRelated": true,
        "score": 50,
        "tldr": "Generated through the annotate view"
      }
    }
  },
  "urls": [
    "meetup"
  ]
}