{
  "alexa": 118262,
  "class": false,
  "links": {},
  "points": [
    "1338"
  ],
  "pointsData": {
    "1338": {
      "discussion": "https://groups.google.com/d/topic/tosdr/EqkHf9oLXco/discussion",
      "id": "1338",
      "needModeration": false,
      "services": [
        "mega"
      ],
      "set": "set+service+and+topic",
      "slug": "EqkHf9oLXco",
      "title": "On mega.co.nz, you are responsible for the behavior of other users",
      "topics": [
        "governance"
      ],
      "tosdr": {
        "binding": true,
        "case": "You are solely responsible for claims made against the service and agree to indemnify and hold harmless the service.",
        "point": "bad",
        "score": 40,
        "tldr": "on mega.co.nz, you are responsible for the behavior of other users"
      }
    }
  },
  "urls": [
    "mega.com"
  ]
}