{
  "alexa": 64991,
  "class": false,
  "links": {},
  "points": [
    "6669",
    "6670",
    "6739"
  ],
  "pointsData": {
    "6669": {
      "id": "6669",
      "quoteDoc": "Terms of Service",
      "quoteEnd": 27896,
      "quoteStart": 27868,
      "quoteText": "<p>Archive of Previous Terms",
      "services": [
        "mewe"
      ],
      "title": "This service provides archives of their terms of service so that changes can be viewed over time",
      "topics": [],
      "tosdr": {
        "binding": true,
        "case": "This service provides archives of their terms of service so that changes can be viewed over time",
        "point": "good",
        "score": 50,
        "tldr": "Generated through the annotate view"
      }
    },
    "6670": {
      "id": "6670",
      "quoteDoc": "Privacy Policy",
      "quoteEnd": 2049,
      "quoteStart": 2016,
      "quoteText": "we never sell your personal data.",
      "services": [
        "mewe"
      ],
      "title": "This service does not sell your personal data",
      "topics": [],
      "tosdr": {
        "binding": true,
        "case": "This service does not sell your personal data",
        "point": "good",
        "score": 25,
        "tldr": "Generated through the annotate view"
      }
    },
    "6739": {
      "id": "6739",
      "quoteDoc": "Terms of Service",
      "quoteEnd": 11400,
      "quoteStart": 11097,
      "quoteText": "<p>You may not use MeWe’s services for the purpose of spamming anyone.\nSpam is generally defined on MeWe as bulk or aggressive activity that attempts to manipulate or disrupt MeWe or the experience of users on MeWe to drive traffic or attention to unrelated accounts, products, services, or initiatives.",
      "services": [
        "mewe"
      ],
      "title": "This service prohibits users sending chain letters, junk mail, spam or any unsolicited messages",
      "topics": [],
      "tosdr": {
        "binding": true,
        "case": "This service prohibits users sending chain letters, junk mail, spam or any unsolicited messages",
        "point": "neutral",
        "score": 15,
        "tldr": "Generated through the annotate view"
      }
    }
  },
  "urls": [
    "mewe.com"
  ]
}