{
  "alexa": 47,
  "class": false,
  "links": {
    "Microsoft Services Agreement": {
      "name": "Microsoft Services Agreement",
      "url": "https://www.microsoft.com/en-us/legal/intellectualproperty/copyright/default.aspx"
    },
    "Privacy Policy": {
      "name": "Privacy Policy",
      "url": "https://privacy.microsoft.com/en-us/privacystatement"
    }
  },
  "points": [
    "1248",
    "1255",
    "1581",
    "833"
  ],
  "pointsData": {
    "833": {
      "discussion": "https://groups.google.com/forum#!topic/tosdr/3e_7ai3Aljc",
      "id": "833",
      "needModeration": false,
      "quoteDoc": "Terms of Use",
      "quoteEnd": 16717,
      "quoteStart": 16414,
      "quoteText": "Microsoft reserves the right at all times to disclose any information as Microsoft deems necessary to satisfy any applicable law, regulation, legal process or governmental request, or to edit, refuse to post or to remove any information or materials, in whole or in part, in Microsoft's sole discretion.",
      "services": [
        "microsoft"
      ],
      "slug": "3e_7ai3Aljc",
      "title": "No promise to inform of government requests",
      "topics": [
        "law-gov"
      ],
      "tosdr": {
        "binding": true,
        "case": "This service reserves the right to disclose your personal information without notifying you",
        "point": "bad",
        "score": 50,
        "tldr": "Microsoft reserves the right at all times to disclose any information as Microsoft deems necessary to satisfy any applicable law, regulation, legal process or governmental request, or to edit, refuse to post or to remove any information or materials, in whole or in part, in Microsoft's sole discretion."
      }
    },
    "1248": {
      "discussion": "https://groups.google.com/forum#!topic/tosdr/ZmVea-g_9ow",
      "id": "1248",
      "needModeration": false,
      "quoteDoc": "Services Agreement",
      "quoteEnd": 95277,
      "quoteStart": 94813,
      "quoteText": "The application is licensed, not sold.\nThis agreement only gives you some rights to use the application.\nIf Microsoft disables the ability to use the applications on your devices pursuant to your agreement with Microsoft, any associated license rights will terminate.\nThe application publisher reserves all other rights.\nUnless applicable law gives you more rights despite this limitation, you may use the application only as expressly permitted in this agreement.",
      "services": [
        "microsoft"
      ],
      "slug": "ZmVea-g_9ow",
      "title": "Microsoft may remotely disabled software you are not licensed to use.",
      "topics": [],
      "tosdr": {
        "binding": true,
        "case": "The service disables software that you are not licensed to use.",
        "point": "bad",
        "score": 50,
        "tldr": "Microsoft may remotely disable software you are not licensed to use."
      }
    },
    "1255": {
      "discussion": "https://groups.google.com/forum#!topic/tosdr/5k5tVXZ9MxM",
      "id": "1255",
      "needModeration": false,
      "quoteDoc": "Services Agreement",
      "quoteEnd": 7168,
      "quoteStart": 6949,
      "quoteText": "We may also block delivery of a communication (like email, file sharing or instant message) to or from the Services in an effort to enforce these Terms or we may remove or refuse to publish Your Content for any reason.\n",
      "services": [
        "microsoft"
      ],
      "slug": "5k5tVXZ9MxM",
      "title": "The service can delete specific content without prior notice and without a reason",
      "topics": [],
      "tosdr": {
        "binding": true,
        "case": "The service can delete specific content without prior notice and without a reason",
        "point": "blocker",
        "score": 50,
        "tldr": "See excerpt."
      }
    },
    "1581": {
      "discussion": "https://groups.google.com/forum#!topic/tosdr/EyD-7th641k",
      "id": "1581",
      "needModeration": false,
      "quoteDoc": "Privacy Statement",
      "quoteEnd": 4377,
      "quoteStart": 4045,
      "quoteText": "Likewise, where we need to collect personal data by law or to enter into or carry out a contract with you, and you do not provide the data, we will not be able to enter into the contract.\nor if this relates to an existing product you’re using, we may have to suspend or cancel it.\nWe will notify you if this is the case at the time.",
      "services": [
        "microsoft"
      ],
      "slug": "EyD-7th641k",
      "title": "The service can delete your account without prior notice and without a reason",
      "topics": [],
      "tosdr": {
        "binding": true,
        "case": "The service can delete your account without prior notice and without a reason",
        "point": "bad",
        "score": 60,
        "tldr": "If they (in their opinion) require some data to carry out a contract and you don't provide that data they can immediately close your account without prior notice. As the required personal data can be changed at any time and may not even be the same for all customers, this is basically a suspension loophole."
      }
    }
  },
  "urls": [
    "microsoft.com"
  ]
}