{
  "alexa": 12221,
  "class": false,
  "links": {},
  "points": [
    "5518",
    "5521",
    "5526",
    "5531",
    "5533",
    "5534"
  ],
  "pointsData": {
    "5518": {
      "id": "5518",
      "services": [
        "minds"
      ],
      "title": "This service is only available to users 13+",
      "topics": [],
      "tosdr": {
        "binding": true,
        "case": "This service is only available to users of a certain age",
        "point": "neutral",
        "score": 15,
        "tldr": "Our Services are available only to individuals who are at least 13 years old (“Minimum Age)."
      }
    },
    "5521": {
      "id": "5521",
      "services": [
        "minds"
      ],
      "title": "Users agree not to submit illegal content",
      "topics": [],
      "tosdr": {
        "binding": true,
        "case": "Users agree not to submit illegal content",
        "point": "neutral",
        "score": 10,
        "tldr": "Your use of the Services and User Content will not infringe the rights of any other party (including intellectual property rights and privacy rights) or violate any applicable law, rule, or regulation;"
      }
    },
    "5526": {
      "id": "5526",
      "services": [
        "minds"
      ],
      "title": "no refund policy",
      "topics": [],
      "tosdr": {
        "binding": true,
        "case": "The service has a no refund policy",
        "point": "neutral",
        "score": 50,
        "tldr": "Refund Policy: All sales of Minds tokens are final and non-refundable. Any disputes should be directed to info@minds.com."
      }
    },
    "5531": {
      "id": "5531",
      "services": [
        "minds"
      ],
      "title": "The service does not guarantee accuracy or reliability of the information provided",
      "topics": [],
      "tosdr": {
        "binding": true,
        "case": "The service does not guarantee accuracy or reliability of the information provided",
        "point": "bad",
        "score": 10,
        "tldr": "MINDS DOES NOT WARRANT OR MAKE ANY REPRESENTATION REGARDING USE OR THE RESULT OF USE OF THE CONTENT IN TERMS OF ACCURACY, RELIABILITY, OR OTHERWISE."
      }
    },
    "5533": {
      "id": "5533",
      "services": [
        "minds"
      ],
      "title": "You waive your right to a class action.",
      "topics": [],
      "tosdr": {
        "binding": true,
        "case": "You waive your right to a class action.",
        "point": "bad",
        "score": 50,
        "tldr": "No Class Arbitrations, Class Actions or Representative Actions."
      }
    },
    "5534": {
      "id": "5534",
      "services": [
        "minds"
      ],
      "title": "The court of law governing the terms is in the State of Connecticut",
      "topics": [],
      "tosdr": {
        "binding": true,
        "case": "The court of law governing the terms is in location X",
        "point": "neutral",
        "score": 0,
        "tldr": "These Terms will be governed by and construed and enforced in accordance with the laws of the State of Connecticut, without regard to conflict of law rules or principles (whether of the State of Connecticut or any other jurisdiction) that would cause the application of the laws of any other jurisdiction."
      }
    }
  },
  "urls": [
    "minds.com"
  ]
}