{
  "alexa": 1451,
  "class": false,
  "links": {
    "Terms and Conditions": {
      "name": "Terms and Conditions",
      "url": "https://www.microsoft.com/en-us/legal/intellectualproperty/copyright/default.aspx"
    }
  },
  "points": [
    "6518"
  ],
  "pointsData": {
    "6518": {
      "id": "6518",
      "quoteDoc": "Terms and Conditions",
      "quoteEnd": 61,
      "quoteStart": 25,
      "quoteText": "Last Updated: June 24, 2015</p>\n<br>",
      "services": [
        "minecraft"
      ],
      "title": "There is a date of the last update of the terms",
      "topics": [],
      "tosdr": {
        "binding": true,
        "case": "There is a date of the last update of the terms",
        "point": "neutral",
        "score": 50,
        "tldr": "Generated through the annotate view"
      }
    }
  },
  "urls": [
    "minecraft.net"
  ]
}