{
  "alexa": 2765,
  "class": false,
  "links": {
    "Legal Information (Intuit)": {
      "name": "Legal Information (Intuit)",
      "url": "http://about.intuit.com/legal/"
    },
    "Privacy Policy": {
      "name": "Privacy Policy",
      "url": "https://www.mint.com/how-it-works/security/policy/"
    },
    "Terms of Use": {
      "name": "Terms of Use",
      "url": "https://www.mint.com/how-it-works/security/terms/"
    }
  },
  "points": [
    "758",
    "996"
  ],
  "pointsData": {
    "758": {
      "discussion": "https://groups.google.com/d/topic/tosdr/w554gOebgik/discussion",
      "id": "758",
      "needModeration": false,
      "quoteDoc": "Terms of Use",
      "quoteEnd": 3114,
      "quoteStart": 2996,
      "quoteText": "The policy may be updated from time to time at our discretion.\nChanges will be effective upon posting to the site.</p>",
      "services": [
        "mint.com"
      ],
      "set": "set+service+and+topic",
      "slug": "w554gOebgik",
      "title": " Terms may be changed any time at their discretion, without notice to the user ",
      "topics": [
        "changes-notice"
      ],
      "tosdr": {
        "binding": true,
        "case": " Terms may be changed any time at their discretion, without notice to the user ",
        "point": "bad",
        "score": 70,
        "tldr": "The policy may be updated from time to time at their discretion. Changes will be effective upon posting to the site."
      }
    },
    "996": {
      "discussion": "https://groups.google.com/forum/#!topic/tosdr/S1oVB9rLp3k",
      "id": "996",
      "needModeration": false,
      "quoteDoc": "Privacy Policy",
      "quoteEnd": 5525,
      "quoteStart": 4896,
      "quoteText": "Intuit may make anonymous or aggregate personal information and disclose such data only in a non-personally identifiable manner to:</p>\n<ul>\n<li>Advertisers and other third parties for their marketing and promotional purposes, such as the number of users who applied for a credit card or how many users clicked on a particular Intuit Offer;</li>\n<li>Organizations approved by Intuit that conduct research into consumer spending.\nand</li>\n<li>Users of the Service for purposes of comparison of their personal financial situation relative to the broader community.</li>\n</ul>\n<p>Such information does not identify you individually.",
      "services": [
        "mint.com"
      ],
      "set": "set+service+and+topic",
      "slug": "S1oVB9rLp3k",
      "title": "Only aggregate data is given to third parties",
      "topics": [
        "personal-data"
      ],
      "tosdr": {
        "binding": true,
        "case": "Only aggregate data is given to third parties",
        "point": "neutral",
        "score": 10,
        "tldr": "See excerpt."
      }
    }
  },
  "urls": [
    "mint.com"
  ]
}