{
  "alexa": 1781,
  "class": false,
  "links": {},
  "points": [
    "6276",
    "6277",
    "6278",
    "6279"
  ],
  "pointsData": {
    "6276": {
      "id": "6276",
      "quoteDoc": "Privacy Policy",
      "quoteEnd": 9523,
      "quoteStart": 9283,
      "quoteText": "Usage Data is generally retained for a shorter period of time, except when this data is used to strengthen the security or to improve the functionality of our Service, or we are legally obligated to retain this data for longer time periods.",
      "services": [
        "moddb-com"
      ],
      "title": "This service keeps user logs for an undefined period of time",
      "topics": [],
      "tosdr": {
        "binding": true,
        "case": "This service keeps user logs for an undefined period of time",
        "point": "bad",
        "score": 100,
        "tldr": "Generated through the annotate view"
      }
    },
    "6277": {
      "id": "6277",
      "quoteDoc": "Privacy Policy",
      "quoteEnd": 10636,
      "quoteStart": 10526,
      "quoteText": "If DBolical Pty Ltd is involved in a merger, acquisition or asset sale, your Personal Data may be transferred.",
      "services": [
        "moddb-com"
      ],
      "title": "The service can sell or otherwise transfer your personal data as part of a bankruptcy proceeding or other type of financial transaction.",
      "topics": [],
      "tosdr": {
        "binding": true,
        "case": "The service can sell or otherwise transfer your personal data as part of a bankruptcy proceeding or other type of financial transaction.",
        "point": "bad",
        "score": 50,
        "tldr": "Generated through the annotate view"
      }
    },
    "6278": {
      "id": "6278",
      "quoteDoc": "Privacy Policy",
      "quoteEnd": 12814,
      "quoteStart": 12647,
      "quoteText": "You can update certain information by accessing your account settings.\nYou can request deletion of your Personal Data using the privacy tools provided in your profile.",
      "services": [
        "moddb-com"
      ],
      "title": "You can request access and deletion of personal data",
      "topics": [],
      "tosdr": {
        "binding": true,
        "case": "You can request access and deletion of personal data",
        "point": "good",
        "privacyRelated": true,
        "score": 50,
        "tldr": "Generated through the annotate view"
      }
    },
    "6279": {
      "id": "6279",
      "quoteDoc": "Privacy Policy",
      "quoteEnd": 5218,
      "quoteStart": 4952,
      "quoteText": "We do not support the 'Do Not Track' browser option.\nInstead we offer you the choices described in this policy to manage the collection and use of information about you.\nYou can instruct your browser to refuse all cookies or to indicate when a cookie is being sent.\n",
      "services": [
        "moddb-com"
      ],
      "title": "This service ignores the Do Not Track (DNT) header and tracks users anyway even if they set this header.",
      "topics": [],
      "tosdr": {
        "binding": true,
        "case": "This service ignores the Do Not Track (DNT) header and tracks users anyway even if they set this header.",
        "point": "bad",
        "score": 60,
        "tldr": "Generated through the annotate view"
      }
    }
  },
  "urls": [
    "moddb.com"
  ]
}