{
  "alexa": 133926,
  "class": false,
  "links": {},
  "points": [
    "4472",
    "4473"
  ],
  "pointsData": {
    "4472": {
      "id": "4472",
      "quoteDoc": "Privacy Policy",
      "quoteEnd": 2091,
      "quoteStart": 2016,
      "quoteText": "This is the data we store for an account¹:</p> account number | expiry date",
      "services": [
        "mullvad"
      ],
      "title": "The service provides details about what kinds of personal information they collect",
      "topics": [],
      "tosdr": {
        "binding": true,
        "case": "The service provides details about what kinds of personal information they collect",
        "point": "good",
        "score": 30,
        "tldr": "The service does not log any user information"
      }
    },
    "4473": {
      "id": "4473",
      "services": [
        "mullvad"
      ],
      "title": "The terms for this service are easy to read",
      "topics": [],
      "tosdr": {
        "binding": true,
        "case": "The terms for this service are easy to read",
        "point": "good",
        "score": 15,
        "tldr": "Short and to the point."
      }
    }
  },
  "urls": [
    "mullvad.net"
  ]
}