{
  "alexa": 83569,
  "class": false,
  "links": {},
  "points": [
    "4570",
    "4583",
    "4585",
    "4586",
    "4588"
  ],
  "pointsData": {
    "4570": {
      "id": "4570",
      "quoteDoc": "Nutzungsbedingungen",
      "quoteEnd": 1326,
      "quoteStart": 1205,
      "quoteText": "Jeder Nutzer von Musik-Sammler.de hat mindestens einen Nutzernamen, ein Passwort und seine Email-Adresse zu hinterlegen.\n",
      "services": [
        "musik-sammler"
      ],
      "title": "The service provides details about what kinds of personal information they collect",
      "topics": [],
      "tosdr": {
        "binding": true,
        "case": "The service provides details about what kinds of personal information they collect",
        "point": "good",
        "score": 30,
        "tldr": "Generated through the annotate view"
      }
    },
    "4583": {
      "id": "4583",
      "quoteDoc": "Nutzungsbedingungen",
      "quoteEnd": 4852,
      "quoteStart": 4775,
      "quoteText": "pornografischen Inhalten oder die Verwendung solcher Bilder als Avatar.</li>\n",
      "services": [
        "musik-sammler"
      ],
      "title": "The service prohibits the posting of pornographic content",
      "topics": [],
      "tosdr": {
        "binding": true,
        "case": "Prohibits the posting of pornographic content",
        "point": "neutral",
        "score": 15,
        "tldr": "Generated through the annotate view"
      }
    },
    "4585": {
      "id": "4585",
      "quoteDoc": "Nutzungsbedingungen",
      "quoteEnd": 5210,
      "quoteStart": 5150,
      "quoteText": "das öffentliche Posten von privaten Nachrichten.</li>\n</ul> ",
      "services": [
        "musik-sammler"
      ],
      "title": "The service prohibits the public posting of private messages",
      "topics": [],
      "tosdr": {
        "binding": true,
        "case": "Prohibits public posting of private messages",
        "point": "good",
        "privacyRelated": true,
        "score": 50,
        "tldr": "Generated through the annotate view"
      }
    },
    "4586": {
      "id": "4586",
      "needModeration": false,
      "quoteDoc": "Nutzungsbedingungen",
      "quoteEnd": 5030,
      "quoteStart": 4932,
      "quoteText": "das Bewerben faschistischer/rassistischer Künstler durch Nennung oder Posten von Videos o.ä.</li>\n",
      "services": [
        "musik-sammler"
      ],
      "title": "The service prohibits the promotion of fascist and racist ideas or content",
      "topics": [],
      "tosdr": {
        "binding": true,
        "case": "Prohibits the posting of content which promotes or glorifies violence or politically or religiously extremist values.",
        "point": "neutral",
        "score": 20,
        "tldr": ""
      }
    },
    "4588": {
      "id": "4588",
      "quoteDoc": "Nutzungsbedingungen",
      "quoteEnd": 5633,
      "quoteStart": 5531,
      "quoteText": "Dauerhaft gesperrte Personen dürfen sich auch nicht unter einem anderen Account neu registrieren.</p> ",
      "services": [
        "musik-sammler"
      ],
      "title": "Users who have been permanently banned from this service are not allowed to re-register under a new account",
      "topics": [],
      "tosdr": {
        "binding": true,
        "case": "Users who have been permanently banned from this service are not allowed to re-register under a new account",
        "point": "neutral",
        "score": 20,
        "tldr": "Generated through the annotate view"
      }
    }
  },
  "urls": [
    "musik-sammler.de"
  ]
}