{
  "alexa": 26309,
  "class": false,
  "links": {},
  "points": [
    "4712",
    "4714",
    "4717",
    "4718"
  ],
  "pointsData": {
    "4712": {
      "id": "4712",
      "needModeration": false,
      "quoteDoc": "Privacy Policy",
      "quoteEnd": 871,
      "quoteStart": 673,
      "quoteText": "If you choose to create an account then the minimum we ask is that you: choose a unique username and password, use a web browser that accepts \"session\" cookies, and provide a verified email address.",
      "services": [
        "musicbrainz"
      ],
      "title": "The service allows you to use pseudonyms",
      "topics": [],
      "tosdr": {
        "binding": true,
        "case": "The service allows you to use pseudonyms",
        "point": "good",
        "score": 20,
        "tldr": "Generated through the annotate view"
      }
    },
    "4714": {
      "id": "4714",
      "needModeration": false,
      "quoteDoc": "Data License",
      "quoteEnd": 1102,
      "quoteStart": 946,
      "quoteText": "Supplementary data</dt>\n<dd>The remaining portions of the database are released under the Creative Commons Attribution-NonCommercial-ShareAlike 3.0 license.",
      "services": [
        "musicbrainz"
      ],
      "title": "you publish under a free license, not a bilateral one",
      "topics": [],
      "tosdr": {
        "binding": true,
        "case": "Content is published under a free license instead of a bilateral one",
        "point": "good",
        "score": 90,
        "tldr": "Generated through the annotate view"
      }
    },
    "4717": {
      "id": "4717",
      "needModeration": false,
      "quoteDoc": "Privacy Policy",
      "quoteEnd": 163,
      "quoteStart": 43,
      "quoteText": "You do not have to provide any personal data to be able to browse the contents of the databases published by MetaBrainz.",
      "services": [
        "musicbrainz"
      ],
      "title": "No need to register",
      "topics": [],
      "tosdr": {
        "binding": true,
        "case": "No need to register",
        "point": "good",
        "privacyRelated": true,
        "score": 50,
        "tldr": "Generated through the annotate view"
      }
    },
    "4718": {
      "id": "4718",
      "needModeration": false,
      "quoteDoc": "Social Contract",
      "quoteEnd": 612,
      "quoteStart": 510,
      "quoteText": "The client and server software will remain free and accessible under generally accepted open licenses.",
      "services": [
        "musicbrainz"
      ],
      "title": "Features of the website are made available under a free software license",
      "topics": [],
      "tosdr": {
        "binding": true,
        "case": "Features of the website are made available under a free software license",
        "point": "good",
        "score": 90,
        "tldr": "Generated through the annotate view"
      }
    }
  },
  "urls": [
    "musicbrainz.org"
  ]
}