{
  "class": false,
  "links": {},
  "points": [
    "6233",
    "6234",
    "6235",
    "6239"
  ],
  "pointsData": {
    "6233": {
      "id": "6233",
      "needModeration": false,
      "quoteDoc": "Terms of Service",
      "quoteEnd": 2684,
      "quoteStart": 2564,
      "quoteText": "requires binding arbitration on an individual basis to resolve disputes relating in any way to your use of the Services.",
      "services": [
        "mysudo"
      ],
      "title": "This service forces users into binding arbitration in the case of disputes",
      "topics": [],
      "tosdr": {
        "binding": true,
        "case": "This service forces users into binding arbitration in the case of disputes",
        "point": "bad",
        "score": 50,
        "tldr": "Generated through the annotate view"
      }
    },
    "6234": {
      "id": "6234",
      "needModeration": false,
      "quoteDoc": "Terms of Service",
      "quoteEnd": 7969,
      "quoteStart": 7550,
      "quoteText": "No Class Actions.\nWe each agree that any dispute resolution proceedings will be conducted only on an individual basis and not in a class, consolidated or representative action.\nIf for any reason a claim proceeds in court rather than in arbitration, we each waive any right to a jury trial.\nWe also both agree that you or we may bring suit in court to enjoin infringement or other misuse of intellectual property rights.",
      "services": [
        "mysudo"
      ],
      "title": "You waive your right to a class action.",
      "topics": [],
      "tosdr": {
        "binding": true,
        "case": "You waive your right to a class action.",
        "point": "bad",
        "score": 50,
        "tldr": "Generated through the annotate view"
      }
    },
    "6235": {
      "id": "6235",
      "needModeration": false,
      "quoteDoc": "Terms of Service",
      "quoteEnd": 18315,
      "quoteStart": 18077,
      "quoteText": "YOU EXPRESSLY UNDERSTAND AND AGREE THAT TO THE EXTENT PERMITTED BY APPLICABLE LAW, YOUR USE OF THE ANONYOME PROPERTIES IS AT YOUR SOLE RISK, AND THE ANONYOME PROPERTIES ARE PROVIDED ON AN “AS IS” AND “AS AVAILABLE” BASIS, WITH ALL FAULTS.",
      "services": [
        "mysudo"
      ],
      "title": "The service is provided 'as is' and to be used at the users' sole risk",
      "topics": [],
      "tosdr": {
        "binding": true,
        "case": "The service is provided 'as is' and to be used at the users' sole risk",
        "point": "bad",
        "score": 20,
        "tldr": "Generated through the annotate view"
      }
    },
    "6239": {
      "id": "6239",
      "needModeration": false,
      "quoteDoc": "Terms of Service",
      "quoteEnd": 158,
      "quoteStart": 110,
      "quoteText": "Terms of Service <p>Last updated: July 3, 2018</",
      "services": [
        "mysudo"
      ],
      "title": "There is a date of the last update of the terms",
      "topics": [],
      "tosdr": {
        "binding": true,
        "case": "There is a date of the last update of the terms",
        "point": "neutral",
        "score": 50,
        "tldr": "Generated through the annotate view"
      }
    }
  },
  "urls": [
    "mysudo.com",
    "anonyome.com"
  ]
}