{
  "alexa": 7885,
  "class": false,
  "links": {
    "Privacy Policy": {
      "name": "Privacy Policy",
      "url": "http://www.nabble.com/PrivacyPolicy.jtp"
    },
    "Terms of Service": {
      "name": "Terms of Service",
      "url": "http://www.nabble.com/Terms.jtp"
    }
  },
  "points": [
    "649"
  ],
  "pointsData": {
    "649": {
      "discussion": "https://groups.google.com/d/topic/tosdr/CDh_bV7eWSs/discussion",
      "id": "649",
      "meta": {
        "author": "ToS;DR project",
        "contributors": [
          "see mailing list discussion"
        ],
        "license-for-this-file": "This work is licensed under the Creative Commons Attribution-ShareAlike 3.0 Unported License. To view a copy of this license, visit http://creativecommons.org/licenses/by-sa/3.0/ or send a letter to Creative Commons, 444 Castro Street, Suite 900, Mountain View, California, 94041, .USA",
        "spec-version": "1.1"
      },
      "needModeration": false,
      "quoteDoc": "Terms of Service",
      "quoteEnd": 5570,
      "quoteStart": 5311,
      "quoteText": " Changes to Terms of Use <p>This Web site and these Terms of Use may be changed by Nabble with or without notice.\nPlease review this page regularly for changes.\nContinued use of this Web site following any change constitutes your acceptance of the change.</p>",
      "reason": "Duplicate of https://groups.google.com/forum/#!topic/tosdr/lb50aLuegoQ",
      "services": [
        "nabble"
      ],
      "slug": "CDh_bV7eWSs",
      "source": {
        "faq": "",
        "terms": ""
      },
      "title": " Terms may be changed any time at their discretion, without notice to the user ",
      "topics": [
        "changes"
      ],
      "tosdr": {
        "binding": true,
        "case": " Terms may be changed any time at their discretion, without notice to the user ",
        "irrelevant": false,
        "point": "bad",
        "reason": true,
        "score": 70,
        "tldr": "At http://www.nabble.com/Terms.jtp?back=y , there is \"This Web site and these Terms of Use may be changed by Nabble with or without notice.\""
      }
    }
  },
  "urls": [
    "nabble.com"
  ]
}