{
  "alexa": 1000000,
  "class": false,
  "links": {},
  "points": [
    "1331"
  ],
  "pointsData": {
    "1331": {
      "discussion": "https://groups.google.com/forum#!topic/tosdr/sjIpbzfyjLI",
      "id": "1331",
      "needModeration": false,
      "quoteDoc": "Privacy & Terms",
      "quoteEnd": 6501,
      "quoteStart": 6369,
      "quoteText": "NaNoWriMo claims no copyright on projects created or shared on our website, and will not be held liable for any content therein.</p>",
      "services": [
        "nanowrimo"
      ],
      "slug": "sjIpbzfyjLI",
      "title": "User keeps all rights to his novels, no novel texts are stored",
      "topics": [],
      "tosdr": {
        "binding": true,
        "case": "You maintain ownership of your data",
        "point": "good",
        "score": 50,
        "tldr": ""
      }
    }
  },
  "urls": [
    "nanowrimo"
  ]
}