{
  "class": false,
  "links": {},
  "points": [
    "5010"
  ],
  "pointsData": {
    "5010": {
      "id": "5010",
      "needModeration": false,
      "services": [
        "netsymstechnologies"
      ],
      "title": "Prohibits the posting of pornographic content",
      "topics": [],
      "tosdr": {
        "binding": true,
        "case": "Prohibits the posting of pornographic content",
        "point": "neutral",
        "score": 15,
        "tldr": "Lists pornography under the section \"Some content is banned.\""
      }
    }
  },
  "urls": [
    "netsyms.com",
    "netsyms.biz",
    "netsyms.org",
    "netsyms.net"
  ]
}