{
  "alexa": 496,
  "class": false,
  "links": {
    "Privacy Policy": {
      "name": "Privacy Policy",
      "url": "http://www.newegg.com/HelpInfo/PrivacySecurity.aspx"
    }
  },
  "points": [
    "5419"
  ],
  "pointsData": {
    "5419": {
      "id": "5419",
      "needModeration": false,
      "quoteDoc": "Privacy Policy",
      "quoteEnd": 1497,
      "quoteStart": 1330,
      "quoteText": "We may use cookies, log files, web beacons, JavaScript, and other similar technology (“Cookies and Similar Technology”) to collect and store the information we collect",
      "services": [
        "newegg-com"
      ],
      "title": "The service may use tracking pixels, web beacons, browser fingerprinting, and/or device fingerprinting on users.",
      "topics": [],
      "tosdr": {
        "binding": true,
        "case": "The service may use tracking pixels, web beacons, browser fingerprinting, and/or device fingerprinting on users.",
        "point": "bad",
        "privacyRelated": true,
        "score": 50,
        "tldr": "Generated through the annotate view"
      }
    }
  },
  "urls": [
    "newegg.com"
  ]
}