{
  "alexa": 2502,
  "class": false,
  "links": {
    "Privacy Policy": {
      "name": "Privacy Policy",
      "url": "http://www.newgrounds.com/wiki/help-information/privacy-policy"
    }
  },
  "points": [
    "6373",
    "6374",
    "6375",
    "6376"
  ],
  "pointsData": {
    "6373": {
      "id": "6373",
      "needModeration": false,
      "quoteDoc": "Privacy Policy",
      "quoteEnd": 7188,
      "quoteStart": 6913,
      "quoteText": "We outsource advertising space on the site to third party companies.\nThey may collect their own information about you based on your IP address and the equipment you are using to view the website, but we do not disclose any of your personal details with these advertisers.<br>",
      "services": [
        "newgrounds"
      ],
      "title": "This service does not sell your personal data",
      "topics": [],
      "tosdr": {
        "binding": true,
        "case": "This service does not sell your personal data",
        "point": "good",
        "score": 25,
        "tldr": "Generated through the annotate view"
      }
    },
    "6374": {
      "id": "6374",
      "needModeration": false,
      "quoteDoc": "Privacy Policy",
      "quoteEnd": 2061,
      "quoteStart": 1659,
      "quoteText": "We do not share your personal information with any third parties, with the exception of any direct and credible requests from enforcement agencies in order to comply with any law, regulation or legal process.\nIn rare cases, we may also volunteer your information to law enforcement agencies if we receive a subpoena or feel you or actions you make on Newgrounds pose a risk to us or to others.<br>\n<br>",
      "services": [
        "newgrounds"
      ],
      "title": "The service is transparent regarding government requests or inquiries that may involve user data.",
      "topics": [],
      "tosdr": {
        "binding": true,
        "case": "The service is transparent regarding government requests or inquiries that may involve user data.",
        "point": "good",
        "score": 30,
        "tldr": "Generated through the annotate view"
      }
    },
    "6375": {
      "id": "6375",
      "needModeration": false,
      "quoteDoc": "Privacy Policy",
      "quoteEnd": 7606,
      "quoteStart": 7460,
      "quoteText": "This privacy policy is only applicable to Newgrounds and we are not responsible for the actions or policies of any other websites we link to.<br>\n",
      "services": [
        "newgrounds"
      ],
      "title": "This service assumes no responsibility and liability for the contents of links to other websites",
      "topics": [],
      "tosdr": {
        "binding": true,
        "case": "This service assumes no responsibility and liability for the contents of links to other websites",
        "point": "neutral",
        "score": 50,
        "tldr": "Generated through the annotate view"
      }
    },
    "6376": {
      "id": "6376",
      "needModeration": false,
      "quoteDoc": "Privacy Policy",
      "quoteEnd": 7882,
      "quoteStart": 7661,
      "quoteText": "We may periodically revise or update this privacy policy at any time without prior notice.\nPlease return to this page regularly to keep up to date, particularly before providing any further personal information to us.<br>",
      "services": [
        "newgrounds"
      ],
      "title": " Terms may be changed any time at their discretion, without notice to the user ",
      "topics": [],
      "tosdr": {
        "binding": true,
        "case": " Terms may be changed any time at their discretion, without notice to the user ",
        "point": "bad",
        "score": 70,
        "tldr": "Generated through the annotate view"
      }
    }
  },
  "urls": [
    "newgrounds.com"
  ]
}