{
  "alexa": 109,
  "class": false,
  "links": {
    "Privacy Policy": {
      "name": "Privacy Policy",
      "url": "http://www.nytimes.com/content/help/rights/privacy/policy/privacy-policy.html"
    }
  },
  "points": [
    "4693"
  ],
  "pointsData": {
    "4693": {
      "id": "4693",
      "services": [
        "newyorktimes"
      ],
      "title": "There is a date of the last update of the terms",
      "topics": [],
      "tosdr": {
        "binding": true,
        "case": "There is a date of the last update of the terms",
        "point": "neutral",
        "score": 50,
        "tldr": "The Terms of Service page of the New York Times website displays a last updated date on the top of the terms. \r\nFor example: \r\n\r\nLast updated on May 24, 2018\r\nThis page describes the terms and conditions..."
      }
    }
  },
  "urls": [
    "nytimes.com"
  ]
}