{
  "alexa": 1000000,
  "class": false,
  "links": {},
  "points": [
    "5287",
    "5289",
    "5291",
    "5292",
    "5293",
    "5297",
    "5298",
    "5301",
    "5304",
    "5307",
    "5308"
  ],
  "pointsData": {
    "5287": {
      "id": "5287",
      "needModeration": false,
      "quoteDoc": "Privacy Policy",
      "quoteEnd": 10945,
      "quoteStart": 10410,
      "quoteText": "Pixel tags are very small images or small pieces of data embedded in images, also known as “web beacons” or “clear GIFs,” that can recognize cookies, the time and date a page is viewed, a description of the page where the pixel tag is placed, and similar information from your device.\nLocal storage is similar to a cookie except that it can store larger amounts of information and can be stored elsewhere on your device.\n</p>\n<p>We use cookies and similar technologies (collectively, “cookies”) for the following functions and purposes",
      "services": [
        "nexon"
      ],
      "title": "The service may use tracking pixels, web beacons, browser fingerprinting, and/or device fingerprinting on users.",
      "topics": [],
      "tosdr": {
        "binding": true,
        "case": "The service may use tracking pixels, web beacons, browser fingerprinting, and/or device fingerprinting on users.",
        "point": "bad",
        "privacyRelated": true,
        "score": 50,
        "tldr": "Generated through the annotate view"
      }
    },
    "5289": {
      "id": "5289",
      "needModeration": false,
      "quoteDoc": "Privacy Policy",
      "quoteEnd": 13542,
      "quoteStart": 13414,
      "quoteText": "You may opt out of receiving commercial email messages from us by following the unsubscribe instructions provided in our emails.",
      "services": [
        "nexon"
      ],
      "title": "You can opt out of promotional communications",
      "topics": [],
      "tosdr": {
        "binding": true,
        "case": "You can opt out of promotional communications",
        "point": "good",
        "score": 10,
        "tldr": "Generated through the annotate view"
      }
    },
    "5291": {
      "id": "5291",
      "needModeration": false,
      "quoteDoc": "Privacy Policy",
      "quoteEnd": 15107,
      "quoteStart": 14953,
      "quoteText": "If you choose to refuse, disable, or delete cookies and similar technologies, some of the functionality of the Services may no longer be available to you.",
      "services": [
        "nexon"
      ],
      "title": "Blocking cookies may limit your ability to use the service",
      "topics": [],
      "tosdr": {
        "binding": true,
        "case": "Blocking cookies may limit your ability to use the service",
        "point": "bad",
        "score": 50,
        "tldr": "Generated through the annotate view"
      }
    },
    "5292": {
      "id": "5292",
      "needModeration": false,
      "quoteDoc": "Privacy Policy",
      "quoteEnd": 15335,
      "quoteStart": 15161,
      "quoteText": "Some web browsers may transmit “do-not-track” signals to the websites with which the user communicates.\nNexon currently does not take action in response to these signals.</p>",
      "services": [
        "nexon"
      ],
      "title": "This service ignores the Do Not Track (DNT) header and tracks users anyway even if they set this header.",
      "topics": [],
      "tosdr": {
        "binding": true,
        "case": "This service ignores the Do Not Track (DNT) header and tracks users anyway even if they set this header.",
        "point": "bad",
        "score": 60,
        "tldr": "Generated through the annotate view"
      }
    },
    "5293": {
      "id": "5293",
      "needModeration": false,
      "quoteDoc": "Terms of Service and End User License Agreement",
      "quoteEnd": 34108,
      "quoteStart": 33969,
      "quoteText": "BY AGREEING TO BINDING ARBITRATION, YOU WAIVE YOUR RIGHT TO LITIGATE DISPUTES THROUGH A COURT AND TO HAVE A JUDGE OR JURY DECIDE YOUR CASE.",
      "services": [
        "nexon"
      ],
      "title": "This service forces users into binding arbitration in the case of disputes",
      "topics": [],
      "tosdr": {
        "binding": true,
        "case": "This service forces users into binding arbitration in the case of disputes",
        "point": "bad",
        "score": 50,
        "tldr": "Generated through the annotate view"
      }
    },
    "5297": {
      "id": "5297",
      "needModeration": false,
      "quoteDoc": "Terms of Service and End User License Agreement",
      "quoteEnd": 11756,
      "quoteStart": 11522,
      "quoteText": "To the extent permitted by applicable law, you waive any moral rights of paternity, publication, reputation, or attribution with respect to Nexon’s and other players’ use and enjoyment of User Content in connection with the Services.\n",
      "services": [
        "nexon"
      ],
      "title": "sign away moral rights",
      "topics": [],
      "tosdr": {
        "binding": true,
        "case": "You sign away moral rights",
        "point": "blocker",
        "score": 50,
        "tldr": "Generated through the annotate view"
      }
    },
    "5298": {
      "id": "5298",
      "needModeration": false,
      "quoteDoc": "Terms of Service and End User License Agreement",
      "quoteEnd": 10447,
      "quoteStart": 10077,
      "quoteText": "You acknowledge and agree that Nexon may (but is not required to) moderate, monitor, review, and record any User Content (including the content of your oral or written communications) that you post, transmit, or make available on or through the Services and may, without prior notice to you and in its sole judgment, remove User Content for any or no reason, at any time",
      "services": [
        "nexon"
      ],
      "title": "The service can delete specific content without prior notice and without a reason",
      "topics": [],
      "tosdr": {
        "binding": true,
        "case": "The service can delete specific content without prior notice and without a reason",
        "point": "blocker",
        "score": 50,
        "tldr": "Generated through the annotate view"
      }
    },
    "5301": {
      "id": "5301",
      "needModeration": false,
      "quoteDoc": "Privacy Policy",
      "quoteEnd": 9824,
      "quoteStart": 9557,
      "quoteText": "If Nexon is involved in a corporate transaction, such as a merger, acquisition by another company, asset sale, or in the unlikely event of bankruptcy, we may transfer your information to the successor organization in such transaction in accordance with applicable law",
      "services": [
        "nexon"
      ],
      "title": "The service can sell or otherwise transfer your personal data as part of a bankruptcy proceeding or other type of financial transaction.",
      "topics": [],
      "tosdr": {
        "binding": true,
        "case": "The service can sell or otherwise transfer your personal data as part of a bankruptcy proceeding or other type of financial transaction.",
        "point": "bad",
        "score": 50,
        "tldr": "Generated through the annotate view"
      }
    },
    "5304": {
      "id": "5304",
      "needModeration": false,
      "quoteDoc": "Privacy Policy",
      "quoteEnd": 9525,
      "quoteStart": 9064,
      "quoteText": "We may provide your information to third parties when we believe that doing so is required by law or to cooperate with regulators or law enforcement authorities.\nWe may disclose your information in order to protect the rights or property of Nexon, including enforcing our Terms of Service and End User License Agreement, and others, or when we believe that there is an emergency that poses a threat to the health or safety of you, another person, or the public.",
      "services": [
        "nexon"
      ],
      "title": "This service can share your personal information to third parties ",
      "topics": [],
      "tosdr": {
        "binding": true,
        "case": "This service can share your personal information to third parties ",
        "point": "bad",
        "score": 50,
        "tldr": "Generated through the annotate view"
      }
    },
    "5307": {
      "id": "5307",
      "needModeration": false,
      "quoteDoc": "Terms of Service and End User License Agreement",
      "quoteEnd": 32402,
      "quoteStart": 31941,
      "quoteText": "You agree to indemnify, defend and hold NEXON, ALONG WITH OUR REPRESENTATIVES, MANAGERS, PARTNERS, SHAREHOLDERS, JOINT VENTURERS, THIRD-PARTY CONTRACTORS, EMPLOYEES, LICENSEES, LICENSORS, ADVERTISERS, AND AGENTS, harmless from and against any and all loss, costs, expenses (including reasonable attorneys’ fees and expenses), claims, damages and liabilities related to or associated with your use of our SERVICES and any alleged violation by you of these Terms.",
      "services": [
        "nexon"
      ],
      "title": "You agree to defend, indemnify, and hold the service harmless in case of a claim related to your use of the service",
      "topics": [],
      "tosdr": {
        "binding": true,
        "case": "You agree to defend, indemnify, and hold the service harmless in case of a claim related to your use of the service",
        "point": "bad",
        "score": 60,
        "tldr": "Generated through the annotate view"
      }
    },
    "5308": {
      "id": "5308",
      "needModeration": false,
      "quoteDoc": "Terms of Service and End User License Agreement",
      "quoteEnd": 20187,
      "quoteStart": 19904,
      "quoteText": "<p>YOU UNDERSTAND AND AGREE THAT NEXON WILL NOT OFFER REFUNDS FOR VIRTUAL CURRENCY OR DIGITAL, IN-GAME ITEMS UNDER ANY CIRCUMSTANCES, INCLUDING WITHOUT LIMITATION TERMINATION OR EXPIRATION OF YOUR ACCOUNT, THESE TERMS, OR THE SERVICES, EXCEPT AS EXPRESSLY REQUIRED BY APPLICABLE LAW.",
      "services": [
        "nexon"
      ],
      "title": "no refund policy",
      "topics": [],
      "tosdr": {
        "binding": true,
        "case": "The service has a no refund policy",
        "point": "neutral",
        "score": 50,
        "tldr": "Generated through the annotate view"
      }
    }
  },
  "urls": [
    "company.nexon.com",
    "nexon.com"
  ]
}