{
  "class": false,
  "links": {},
  "points": [
    "6954"
  ],
  "pointsData": {
    "6954": {
      "id": "6954",
      "quoteDoc": "Terms of Service",
      "quoteEnd": 57,
      "quoteStart": 30,
      "quoteText": "Last updated: June 07, 2019",
      "services": [
        "nickwasused-com"
      ],
      "title": "There is a date of the last update of the terms",
      "topics": [],
      "tosdr": {
        "binding": true,
        "case": "There is a date of the last update of the terms",
        "point": "neutral",
        "score": 50,
        "tldr": "Generated through the annotate view"
      }
    }
  },
  "urls": [
    "nickwasused.com"
  ]
}