{
  "alexa": 1884,
  "class": false,
  "links": {},
  "points": [
    "4688",
    "4689",
    "4723",
    "4724",
    "4725",
    "4726",
    "4747",
    "4748",
    "4750",
    "4751",
    "4752",
    "4753",
    "4754",
    "4756"
  ],
  "pointsData": {
    "4688": {
      "id": "4688",
      "needModeration": false,
      "quoteDoc": "Privacy Policy",
      "quoteEnd": 5122,
      "quoteStart": 5078,
      "quoteText": "npm stores aggregate\nstatistics indefinitely",
      "services": [
        "npm"
      ],
      "title": "Your personal data is aggregated into statistics",
      "topics": [],
      "tosdr": {
        "binding": true,
        "case": "Your personal data is aggregated into statistics",
        "point": "neutral",
        "score": 10,
        "tldr": "Generated through the annotate view"
      }
    },
    "4689": {
      "id": "4689",
      "quoteDoc": "Privacy Policy",
      "quoteEnd": 7487,
      "quoteStart": 7377,
      "quoteText": "You do not have to give your personal or legal name to create an npm\naccount.\nYou can use a pseudonym instead.",
      "services": [
        "npm"
      ],
      "title": "The service allows you to use pseudonyms",
      "topics": [],
      "tosdr": {
        "binding": true,
        "case": "The service allows you to use pseudonyms",
        "point": "good",
        "score": 20,
        "tldr": "Generated through the annotate view"
      }
    },
    "4723": {
      "id": "4723",
      "quoteDoc": "Privacy Policy",
      "quoteEnd": 14979,
      "quoteStart": 14926,
      "quoteText": "npm does not respond to the\nDo Not Track HTTP header.",
      "services": [
        "npm"
      ],
      "title": "This service ignores the Do Not Track (DNT) header and tracks users anyway even if they set this header.",
      "topics": [],
      "tosdr": {
        "binding": true,
        "case": "This service ignores the Do Not Track (DNT) header and tracks users anyway even if they set this header.",
        "point": "bad",
        "score": 60,
        "tldr": "Generated through the annotate view"
      }
    },
    "4724": {
      "id": "4724",
      "quoteDoc": "Open-Source Terms",
      "quoteEnd": 11329,
      "quoteStart": 11111,
      "quoteText": ">Nothing in this Agreement gives npm any ownership rights in intellectual\nproperty that you share with npm Services, such as your Account\ninformation or any Packages you share with npm Services (<em>Your\nContent</em>).",
      "services": [
        "npm"
      ],
      "title": "You maintain ownership of your data",
      "topics": [],
      "tosdr": {
        "binding": true,
        "case": "You maintain ownership of your data",
        "point": "good",
        "score": 50,
        "tldr": "Generated through the annotate view"
      }
    },
    "4725": {
      "id": "4725",
      "quoteDoc": "Open-Source Terms",
      "quoteEnd": 12078,
      "quoteStart": 12037,
      "quoteText": "You decide whether and how to license it.",
      "services": [
        "npm"
      ],
      "title": "Users are free to choose the type of copyright license that they want to use over their content",
      "topics": [],
      "tosdr": {
        "binding": true,
        "case": "Users are free to choose the type of copyright license that they want to use over their content",
        "point": "good",
        "score": 50,
        "tldr": "Generated through the annotate view"
      }
    },
    "4726": {
      "id": "4726",
      "quoteDoc": "Open-Source Terms",
      "quoteEnd": 13758,
      "quoteStart": 13372,
      "quoteText": ">You will indemnify npm, its officers, directors, employees,\nrepresentatives, and agents, and hold them harmless for, all liability,\nexpenses, damages, and costs from any third-party claims, demands,\nlawsuits, or other proceedings alleging that Your Content, your use\nof npm Services, or both, violate the intellectual property right of\na third party, this Agreement, or applicable law.",
      "services": [
        "npm"
      ],
      "title": "You agree to defend, indemnify, and hold the service harmless in case of a claim related to your use of the service",
      "topics": [],
      "tosdr": {
        "binding": true,
        "case": "You agree to defend, indemnify, and hold the service harmless in case of a claim related to your use of the service",
        "point": "bad",
        "score": 60,
        "tldr": "Generated through the annotate view"
      }
    },
    "4747": {
      "id": "4747",
      "quoteDoc": "Open-Source Terms",
      "quoteEnd": 4956,
      "quoteStart": 4898,
      "quoteText": ">You must be at least 13 years of age to use npm Services.",
      "services": [
        "npm"
      ],
      "title": "This service is only available to users of a certain age",
      "topics": [],
      "tosdr": {
        "binding": true,
        "case": "This service is only available to users of a certain age",
        "point": "neutral",
        "score": 15,
        "tldr": "Generated through the annotate view"
      }
    },
    "4748": {
      "id": "4748",
      "needModeration": false,
      "quoteDoc": "Open-Source Terms",
      "quoteEnd": 10864,
      "quoteStart": 10469,
      "quoteText": "You will be responsible for all action taken using your account, whether\nauthorized by you or not, until you either close your account or give\nnpm notice that the security of your Account has been compromised.\nYou will notify npm immediately if you suspect the security of your\nAccount has been compromised.\nYou will select a secure password for your\nAccount.\nYou will keep your password secret.",
      "services": [
        "npm"
      ],
      "title": "You are responsible for maintaining the security of your account and for the activities on your account",
      "topics": [],
      "tosdr": {
        "binding": true,
        "case": "You are responsible for maintaining the security of your account and for the activities on your account",
        "point": "neutral",
        "score": 10,
        "tldr": "Generated through the annotate view"
      }
    },
    "4750": {
      "id": "4750",
      "quoteDoc": "Open-Source Terms",
      "quoteEnd": 14045,
      "quoteStart": 13938,
      "quoteText": "Use of npm Services is at your sole risk.\nnpm Services are provided\non an \"as is\" and \"as available\" basis.",
      "services": [
        "npm"
      ],
      "title": "The service is provided 'as is' and to be used at the users' sole risk",
      "topics": [],
      "tosdr": {
        "binding": true,
        "case": "The service is provided 'as is' and to be used at the users' sole risk",
        "point": "bad",
        "score": 20,
        "tldr": "Generated through the annotate view"
      }
    },
    "4751": {
      "id": "4751",
      "quoteDoc": "Open-Source Terms",
      "quoteEnd": 14420,
      "quoteStart": 14286,
      "quoteText": "npm makes no warranty that npm Services will meet your requirements,\noperate in an uninterrupted, timely, secure, or error-free manner",
      "services": [
        "npm"
      ],
      "title": "The service provider makes no warranty regarding uninterrupted, timely, secure or error-free service",
      "topics": [],
      "tosdr": {
        "binding": true,
        "case": "The service provider makes no warranty regarding uninterrupted, timely, secure or error-free service",
        "point": "bad",
        "score": 30,
        "tldr": "Generated through the annotate view"
      }
    },
    "4752": {
      "id": "4752",
      "quoteDoc": "Open-Source Terms",
      "quoteEnd": 14476,
      "quoteStart": 14422,
      "quoteText": "or\nthat errors in npm Services will be corrected.</em>",
      "services": [
        "npm"
      ],
      "title": "The service does not guarantee that software errors will be corrected",
      "topics": [],
      "tosdr": {
        "binding": true,
        "case": "The service does not guarantee that software errors will be corrected",
        "point": "bad",
        "score": 50,
        "tldr": "Generated through the annotate view"
      }
    },
    "4753": {
      "id": "4753",
      "quoteDoc": "Open-Source Terms",
      "quoteEnd": 14753,
      "quoteStart": 14566,
      "quoteText": "You will be\nsolely responsible for any damage to your computer system and network,\nas well as any data loss that may result from use of npm Services or\nmaterial received via npm Services.",
      "services": [
        "npm"
      ],
      "title": "Users are responsible for any risks, damages, or losses they may incur by downloading materials",
      "topics": [],
      "tosdr": {
        "binding": true,
        "case": "Users are responsible for any risks, damages, or losses they may incur by downloading materials",
        "point": "neutral",
        "score": 50,
        "tldr": "Generated through the annotate view"
      }
    },
    "4754": {
      "id": "4754",
      "quoteDoc": "Open-Source Terms",
      "quoteEnd": 14912,
      "quoteStart": 14776,
      "quoteText": ">npm Services may provide information and software that is inaccurate,\nincomplete, misleading, illegal, offensive, or otherwise harmful.",
      "services": [
        "npm"
      ],
      "title": "The service does not guarantee accuracy or reliability of the information provided",
      "topics": [],
      "tosdr": {
        "binding": true,
        "case": "The service does not guarantee accuracy or reliability of the information provided",
        "point": "bad",
        "score": 10,
        "tldr": "Generated through the annotate view"
      }
    },
    "4756": {
      "id": "4756",
      "quoteDoc": "Open-Source Terms",
      "quoteEnd": 19276,
      "quoteStart": 19117,
      "quoteText": "You will settle any Dispute as an\nindividual, and not as part of a class action or other representative\nproceeding, whether as the plaintiff or a class member.",
      "services": [
        "npm"
      ],
      "title": "You wave your right to a class action.",
      "topics": [],
      "tosdr": {
        "binding": true,
        "case": "You waive your right to a class action.",
        "point": "bad",
        "score": 50,
        "tldr": "Generated through the annotate view"
      }
    }
  },
  "urls": [
    "npmjs.com",
    "npmjs.org",
    "npm.im"
  ]
}