{
  "alexa": 1039,
  "class": false,
  "links": {},
  "points": [
    "6253",
    "6254"
  ],
  "pointsData": {
    "6253": {
      "id": "6253",
      "quoteDoc": "Privacy Policy",
      "quoteEnd": 3588,
      "quoteStart": 3312,
      "quoteText": "Right to access.</b> You can see what data we have collected whenever you want.</li>\n<li>\n<b>Right to take your data.</b> The data is yours.\nYou can copy or move it whenever you want.</li>\n<li>\n<b>Right to erasure.</b> We'll erase your personal data whenever you say the word.",
      "services": [
        "nvidia"
      ],
      "title": "You can request access and deletion of personal data",
      "topics": [],
      "tosdr": {
        "binding": true,
        "case": "You can request access and deletion of personal data",
        "point": "good",
        "privacyRelated": true,
        "score": 50,
        "tldr": "Generated through the annotate view"
      }
    },
    "6254": {
      "id": "6254",
      "quoteDoc": "Privacy Policy",
      "quoteEnd": 3197,
      "quoteStart": 3173,
      "quoteText": "We never sell your data.",
      "services": [
        "nvidia"
      ],
      "title": "This service does not sell your personal data",
      "topics": [],
      "tosdr": {
        "binding": true,
        "case": "This service does not sell your personal data",
        "point": "good",
        "score": 25,
        "tldr": "Generated through the annotate view"
      }
    }
  },
  "urls": [
    "nvidia.com",
    "nvidia.de"
  ]
}