{
  "alexa": 1000000,
  "class": false,
  "links": {},
  "points": [
    "6054",
    "6055",
    "6056",
    "6059",
    "6060",
    "6062",
    "6064",
    "6065",
    "6066",
    "6073",
    "6077",
    "6078",
    "6079",
    "6083"
  ],
  "pointsData": {
    "6054": {
      "id": "6054",
      "quoteDoc": "Terms of Service",
      "quoteEnd": 3833,
      "quoteStart": 3745,
      "quoteText": "For User Accounts, any other information requested, such as your real name, is optional.",
      "services": [
        "observable"
      ],
      "title": "The service allows you to use pseudonyms for personal accounts",
      "topics": [],
      "tosdr": {
        "binding": true,
        "case": "The service allows you to use pseudonyms",
        "point": "good",
        "score": 20,
        "tldr": "Generated through the annotate view"
      }
    },
    "6055": {
      "id": "6055",
      "quoteDoc": "Terms of Service",
      "quoteEnd": 19300,
      "quoteStart": 19240,
      "quoteText": "You retain ownership of and responsibility for Your Content.",
      "services": [
        "observable"
      ],
      "title": "You maintain ownership of your data",
      "topics": [],
      "tosdr": {
        "binding": true,
        "case": "You maintain ownership of your data",
        "point": "good",
        "score": 50,
        "tldr": "Generated through the annotate view"
      }
    },
    "6056": {
      "id": "6056",
      "quoteDoc": "Terms of Service",
      "quoteEnd": 41338,
      "quoteStart": 41238,
      "quoteText": "governed by the federal laws of the United States of America and the laws of the State of California",
      "services": [
        "observable"
      ],
      "title": "Users agree to comply with the laws of California the United States",
      "topics": [],
      "tosdr": {
        "binding": true,
        "case": "Users agree to comply with the law of the service's country",
        "point": "neutral",
        "score": 0,
        "tldr": "Generated through the annotate view"
      }
    },
    "6059": {
      "id": "6059",
      "quoteDoc": "Terms of Service",
      "quoteEnd": 39703,
      "quoteStart": 39435,
      "quoteText": "You agree to indemnify us, defend us, and hold us harmless from and against any and all claims, liabilities, and expenses, including attorneys’ fees, arising out of your use of the Website and the Service, including but not limited to your violation of this Agreement.",
      "services": [
        "observable"
      ],
      "title": "You agree to defend, indemnify, and hold the service harmless in case of a claim related to your use of the service",
      "topics": [],
      "tosdr": {
        "binding": true,
        "case": "You agree to defend, indemnify, and hold the service harmless in case of a claim related to your use of the service",
        "point": "bad",
        "score": 60,
        "tldr": "Generated through the annotate view"
      }
    },
    "6060": {
      "id": "6060",
      "needModeration": false,
      "quoteDoc": "Terms of Service",
      "quoteEnd": 7145,
      "quoteStart": 7102,
      "quoteText": "is unlawful or promotes unlawful activities",
      "services": [
        "observable"
      ],
      "title": "Users agree not to submit illegal content",
      "topics": [],
      "tosdr": {
        "binding": true,
        "case": "Users agree not to submit illegal content",
        "point": "neutral",
        "score": 10,
        "tldr": "Generated through the annotate view"
      }
    },
    "6062": {
      "id": "6062",
      "needModeration": false,
      "quoteDoc": "Terms of Service",
      "quoteEnd": 42418,
      "quoteStart": 42202,
      "quoteText": "<p>If any part of this Agreement is held invalid or unenforceable, that portion of the Agreement will be construed to reflect the parties’ original intent.\nThe remaining portions will remain in full force and effect.",
      "services": [
        "observable"
      ],
      "title": "Invalidity of any portion of the Terms of Service does not entail invalidity of its remainder",
      "topics": [],
      "tosdr": {
        "binding": true,
        "case": "Invalidity of any portion of the Terms of Service does not entail invalidity of its remainder",
        "point": "neutral",
        "score": 10,
        "tldr": "Generated through the annotate view"
      }
    },
    "6064": {
      "id": "6064",
      "needModeration": false,
      "quoteDoc": "Terms of Service",
      "quoteEnd": 31349,
      "quoteStart": 31193,
      "quoteText": "There will be no refunds for partial months or partial years of service, downgrade refunds, or refunds for months or years unused with an open Team Account.",
      "services": [
        "observable"
      ],
      "title": "The service has a no refund policy",
      "topics": [],
      "tosdr": {
        "binding": true,
        "case": "The service has a no refund policy",
        "point": "neutral",
        "score": 50,
        "tldr": "Generated through the annotate view"
      }
    },
    "6065": {
      "id": "6065",
      "quoteDoc": "Terms of Service",
      "quoteEnd": 36517,
      "quoteStart": 36409,
      "quoteText": "<p>Observable provides the Website and the Service “as is” and “as available,” without warranty of any kind.",
      "services": [
        "observable"
      ],
      "title": "The service is provided 'as is' and to be used at the users' sole risk",
      "topics": [],
      "tosdr": {
        "binding": true,
        "case": "The service is provided 'as is' and to be used at the users' sole risk",
        "point": "bad",
        "score": 20,
        "tldr": "Generated through the annotate view"
      }
    },
    "6066": {
      "id": "6066",
      "needModeration": false,
      "quoteDoc": "Terms of Service",
      "quoteEnd": 36951,
      "quoteStart": 36887,
      "quoteText": "the Service will be uninterrupted, timely, secure, or error-free",
      "services": [
        "observable"
      ],
      "title": "The service provider makes no warranty regarding uninterrupted, timely, secure or error-free service",
      "topics": [],
      "tosdr": {
        "binding": true,
        "case": "The service provider makes no warranty regarding uninterrupted, timely, secure or error-free service",
        "point": "bad",
        "score": 30,
        "tldr": "Generated through the annotate view"
      }
    },
    "6073": {
      "id": "6073",
      "needModeration": false,
      "quoteDoc": "Terms of Service",
      "quoteEnd": 66,
      "quoteStart": 36,
      "quoteText": "Effective date: March 12, 2019",
      "services": [
        "observable"
      ],
      "title": "There is a date of the last update of the terms",
      "topics": [],
      "tosdr": {
        "binding": true,
        "case": "There is a date of the last update of the terms",
        "point": "neutral",
        "score": 50,
        "tldr": "Generated through the annotate view"
      }
    },
    "6077": {
      "id": "6077",
      "needModeration": false,
      "quoteDoc": "Terms of Service",
      "quoteEnd": 5824,
      "quoteStart": 5620,
      "quoteText": "You are responsible for all content posted and activity that occurs under your account (even if the content is posted by others).</li>\n<li>You are responsible for maintaining the security of your account.",
      "services": [
        "observable"
      ],
      "title": "You are responsible for maintaining the security of your account and for the activities on your account",
      "topics": [],
      "tosdr": {
        "binding": true,
        "case": "You are responsible for maintaining the security of your account and for the activities on your account",
        "point": "neutral",
        "score": 10,
        "tldr": "Generated through the annotate view"
      }
    },
    "6078": {
      "id": "6078",
      "quoteDoc": "Terms of Service",
      "quoteEnd": 7195,
      "quoteStart": 7156,
      "quoteText": "is or contains sexually obscene content",
      "services": [
        "observable"
      ],
      "title": "Prohibits the posting of pornographic content",
      "topics": [],
      "tosdr": {
        "binding": true,
        "case": "Prohibits the posting of pornographic content",
        "point": "neutral",
        "score": 15,
        "tldr": "Generated through the annotate view"
      }
    },
    "6079": {
      "id": "6079",
      "quoteDoc": "Terms of Service",
      "quoteEnd": 7823,
      "quoteStart": 7697,
      "quoteText": "you will not under any circumstances:</p>\n<ul>\n<li>harass, abuse, threaten, or incite violence towards any individual or group",
      "services": [
        "observable"
      ],
      "title": "Users agree not to submit libelous, harassing or threatening content",
      "topics": [],
      "tosdr": {
        "binding": true,
        "case": "Users agree not to submit libelous, harassing or threatening content",
        "point": "neutral",
        "score": 20,
        "tldr": "Generated through the annotate view"
      }
    },
    "6083": {
      "id": "6083",
      "quoteDoc": "Terms of Service",
      "quoteEnd": 3956,
      "quoteStart": 3834,
      "quoteText": "To complete signup for Team Accounts, a company name, your real name, and valid payment information must also be provided.",
      "services": [
        "observable"
      ],
      "title": "You must use your real name to sign up for a team account",
      "topics": [],
      "tosdr": {
        "binding": true,
        "case": "You must provide your legal name, pseudonyms are not allowed",
        "point": "bad",
        "score": 20,
        "tldr": "Generated through the annotate view"
      }
    }
  },
  "urls": [
    "observablehq.com"
  ]
}