{
  "class": false,
  "links": {},
  "points": [
    "6868"
  ],
  "pointsData": {
    "6868": {
      "id": "6868",
      "quoteDoc": "Privacy",
      "quoteEnd": 1929,
      "quoteStart": 1903,
      "quoteText": "Effective 12 October 2018*",
      "services": [
        "offtopical-netpodcast"
      ],
      "title": "There is a date of the last update of the terms",
      "topics": [],
      "tosdr": {
        "binding": true,
        "case": "There is a date of the last update of the terms",
        "point": "neutral",
        "score": 50,
        "tldr": "Generated through the annotate view"
      }
    }
  },
  "urls": [
    "offtopical.net"
  ]
}