{
  "class": false,
  "links": {},
  "points": [
    "5770"
  ],
  "pointsData": {
    "5770": {
      "id": "5770",
      "needModeration": false,
      "quoteDoc": "Privacy Policy",
      "quoteEnd": 3309,
      "quoteStart": 3111,
      "quoteText": "CHANGES TO THE PRIVACY NOTICE AND YOUR DUTY TO INFORM US OF CHANGES&nbsp.\n<p>This version was last updated on 23 May 2018 and historic versions are archived here OR can be obtained by contacting us.",
      "services": [
        "openweathermap"
      ],
      "title": "There is a date of the last update of the terms",
      "topics": [],
      "tosdr": {
        "binding": true,
        "case": "There is a date of the last update of the terms",
        "point": "neutral",
        "score": 50,
        "tldr": "Generated through the annotate view"
      }
    }
  },
  "urls": [
    "home.openweathermap.org",
    "openweathermap.org"
  ]
}