{
  "class": false,
  "links": {},
  "points": [
    "6875",
    "6876"
  ],
  "pointsData": {
    "6875": {
      "id": "6875",
      "quoteDoc": "Privacy",
      "quoteEnd": 7410,
      "quoteStart": 7377,
      "quoteText": "It was last updated May 31, 2013.",
      "services": [
        "openwrtforum"
      ],
      "title": "There is a date of the last update of the terms",
      "topics": [],
      "tosdr": {
        "binding": true,
        "case": "There is a date of the last update of the terms",
        "point": "neutral",
        "score": 50,
        "tldr": "Generated through the annotate view"
      }
    },
    "6876": {
      "id": "6876",
      "quoteDoc": "Terms of Service",
      "quoteEnd": 18344,
      "quoteStart": 18296,
      "quoteText": "It was last updated be OpenWrt, August 30, 2016.",
      "services": [
        "openwrtforum"
      ],
      "title": "There is a date of the last update of the terms",
      "topics": [],
      "tosdr": {
        "binding": true,
        "case": "There is a date of the last update of the terms",
        "point": "neutral",
        "score": 50,
        "tldr": "Generated through the annotate view"
      }
    }
  },
  "urls": [
    "forum.openwrt.org"
  ]
}