{
  "alexa": 538003,
  "class": false,
  "links": {},
  "points": [
    "4657",
    "4658",
    "4659",
    "4792",
    "4793"
  ],
  "pointsData": {
    "4657": {
      "id": "4657",
      "needModeration": false,
      "quoteDoc": "Privacy Policy",
      "quoteEnd": 1694,
      "quoteStart": 1651,
      "quoteText": "does not share this data with third parties",
      "services": [
        "openbookpublishers"
      ],
      "title": "The service will not allow third parties to access your personal information without a legal basis",
      "topics": [],
      "tosdr": {
        "binding": true,
        "case": "The service will not allow third parties to access your personal information without a legal basis",
        "point": "good",
        "score": 50,
        "tldr": "Generated through the annotate view"
      }
    },
    "4658": {
      "id": "4658",
      "needModeration": false,
      "quoteDoc": "Privacy Policy",
      "quoteEnd": 2861,
      "quoteStart": 2464,
      "quoteText": "Open Book Publishers will not send you email that you have not agreed to receive.\nIf you are a member of our mailing list, you may be contacted with announcements, news, portfolio additions, and new products or services.<br>\n<br>\nWith each email sent, you have the option of 'unsubscribing' from our mailing list at any time, thereby disabling any further such email communication from being sent.",
      "services": [
        "openbookpublishers"
      ],
      "title": "You can opt out of promotional communications",
      "topics": [],
      "tosdr": {
        "binding": true,
        "case": "You can opt out of promotional communications",
        "point": "good",
        "score": 10,
        "tldr": "Generated through the annotate view"
      }
    },
    "4659": {
      "id": "4659",
      "needModeration": false,
      "services": [
        "openbookpublishers"
      ],
      "title": "The terms for this service are easy to read",
      "topics": [],
      "tosdr": {
        "binding": true,
        "case": "The terms for this service are easy to read",
        "point": "good",
        "score": 15,
        "tldr": ""
      }
    },
    "4792": {
      "id": "4792",
      "needModeration": false,
      "quoteDoc": "Information for Authors",
      "quoteEnd": 816,
      "quoteStart": 724,
      "quoteText": "all our titles are published under the most flexible reuse standard – the CC BY license.<br>",
      "services": [
        "openbookpublishers"
      ],
      "title": "you publish under a free license, not a bilateral one",
      "topics": [],
      "tosdr": {
        "binding": true,
        "case": "Content is published under a free license instead of a bilateral one",
        "point": "good",
        "score": 90,
        "tldr": "Generated through the annotate view"
      }
    },
    "4793": {
      "id": "4793",
      "quoteDoc": "Information for Authors",
      "quoteEnd": 2462,
      "quoteStart": 2056,
      "quoteText": "Your work, your copyright: All our titles are published using Creative Commons licences.\nThese licences mean that you are in full control of your own copyright, and can choose how your work is used by other people.\nWe recommend Creative Commons Attribution licences (CC BY) which allows others to copy, distribute, display and perform your copyrighted work, but ensures that they must give you full credit.",
      "services": [
        "openbookpublishers"
      ],
      "title": "Users are free to choose the type of copyright license that they want to use over their content",
      "topics": [],
      "tosdr": {
        "binding": true,
        "case": "Users are free to choose the type of copyright license that they want to use over their content",
        "point": "good",
        "score": 50,
        "tldr": "Generated through the annotate view"
      }
    }
  },
  "urls": [
    "openbookpublishers.com",
    "openbookpublishers.com"
  ]
}