{
  "alexa": 8048,
  "class": false,
  "links": {},
  "points": [
    "6204",
    "6205",
    "6206"
  ],
  "pointsData": {
    "6204": {
      "id": "6204",
      "quoteDoc": "Privacy Policy",
      "quoteEnd": 9134,
      "quoteStart": 8907,
      "quoteText": "<li>you can select a non identifying login name and change it at any time you want,</li>\n<li>you are not required to include personal data in diary posts, comments, email listserv, the wiki, or other OSM communications methods,",
      "services": [
        "openstreetmap"
      ],
      "title": "The service allows you to use pseudonyms",
      "topics": [],
      "tosdr": {
        "binding": true,
        "case": "The service allows you to use pseudonyms",
        "point": "good",
        "score": 20,
        "tldr": "Generated through the annotate view"
      }
    },
    "6205": {
      "id": "6205",
      "quoteDoc": "Privacy Policy",
      "quoteEnd": 15733,
      "quoteStart": 15602,
      "quoteText": "Further we may operate user interaction tracking software that will generate additional records of user activity, for example Piwik",
      "services": [
        "openstreetmap"
      ],
      "title": "Your personal data is aggregated into statistics",
      "topics": [],
      "tosdr": {
        "binding": true,
        "case": "Your personal data is aggregated into statistics",
        "point": "neutral",
        "score": 10,
        "tldr": "Generated through the annotate view"
      }
    },
    "6206": {
      "id": "6206",
      "quoteDoc": "Privacy Policy",
      "quoteEnd": 14471,
      "quoteStart": 13887,
      "quoteText": "Gravatar\n<p>The openstreetmap.org website supports the display of Gravatars, these are retrieved from gravatar.com by generating a globally unique key from your e-mail address.\nOur website software will check on the initial signup and on every email address change if you have a Gravatar for the new address and start displaying it if one exists.\nYou can stop this behaviour by explicitly turning Gravatar support off in your account settings.\nYou should be aware that, if a Gravatar is displayed, the key can be used to track your account over any website that has Gravatar support.\n",
      "services": [
        "openstreetmap"
      ],
      "title": "The service allows you to opt out of providing personal information to third parties",
      "topics": [],
      "tosdr": {
        "binding": true,
        "case": "The service allows you to opt out of providing personal information to third parties",
        "point": "good",
        "privacyRelated": true,
        "score": 50,
        "tldr": "Generated through the annotate view"
      }
    }
  },
  "urls": [
    "openstreetmap.org"
  ]
}