{
  "class": false,
  "links": {},
  "points": [
    "6346",
    "6347",
    "6348",
    "6349",
    "6350",
    "6351",
    "6352",
    "6354",
    "6355",
    "6356",
    "6357",
    "6358",
    "6359",
    "6360",
    "6361",
    "6362",
    "6363",
    "6557",
    "6558"
  ],
  "pointsData": {
    "6346": {
      "id": "6346",
      "needModeration": false,
      "quoteDoc": "Data Use Policy",
      "quoteEnd": 9243,
      "quoteStart": 8855,
      "quoteText": "Changes to This Policy <p> We may revise this Data Use Policy from time to time.\nThe most current version of the policy will govern our use of your information and will always be at https://openhumans.org/data-use/.\nIf we make changes that we believe will substantially alter your rights, we will email you and prominently display a notice on our site 7 days before we make those changes.",
      "services": [
        "openhumans"
      ],
      "title": "When the service wants to change its terms, users are notified a week or more in advance.",
      "topics": [],
      "tosdr": {
        "binding": true,
        "case": "When the service wants to change its terms, users are notified a week or more in advance.",
        "point": "good",
        "score": 15,
        "tldr": "Generated through the annotate view"
      }
    },
    "6347": {
      "id": "6347",
      "needModeration": false,
      "quoteDoc": "Data Use Policy",
      "quoteEnd": 8532,
      "quoteStart": 8457,
      "quoteText": "Account Disabling <p> You may disable your Open Humans account at any time.",
      "services": [
        "openhumans"
      ],
      "title": "You have the right to leave this service at any time",
      "topics": [],
      "tosdr": {
        "binding": true,
        "case": "You have the right to leave this service at any time",
        "point": "good",
        "score": 15,
        "tldr": "Generated through the annotate view"
      }
    },
    "6348": {
      "id": "6348",
      "needModeration": false,
      "quoteDoc": "Data Use Policy",
      "quoteEnd": 8850,
      "quoteStart": 8723,
      "quoteText": "We may also continue to display some information you have made publicly available through Open Humans (comments, for example).\n",
      "services": [
        "openhumans"
      ],
      "title": "This service retains rights to your content even after you stop using your account",
      "topics": [],
      "tosdr": {
        "binding": true,
        "case": "This service retains rights to your content even after you stop using your account",
        "point": "bad",
        "score": 25,
        "tldr": "Generated through the annotate view"
      }
    },
    "6349": {
      "id": "6349",
      "needModeration": false,
      "quoteDoc": "Data Use Policy",
      "quoteEnd": 8719,
      "quoteStart": 8533,
      "quoteText": "This means your user profile will no longer be visible on our site, and other Open Humans users will no longer have access on our site to the personal data you’ve shared with them.\n</p>\n",
      "services": [
        "openhumans"
      ],
      "title": "You can delete your content from this service",
      "topics": [],
      "tosdr": {
        "binding": true,
        "case": "You can delete your content from this service",
        "point": "good",
        "score": 50,
        "tldr": "Generated through the annotate view"
      }
    },
    "6350": {
      "id": "6350",
      "needModeration": false,
      "quoteDoc": "Data Use Policy",
      "quoteEnd": 1515,
      "quoteStart": 1449,
      "quoteText": "\nThis may include using your information for analytical purposes.\n",
      "services": [
        "openhumans"
      ],
      "title": "The service may keep a secure, anonymized record of users' data for analytical purposes even after the data retention period",
      "topics": [],
      "tosdr": {
        "binding": true,
        "case": "The service may keep a secure, anonymized record of users' data for analytical purposes even after the data retention period",
        "point": "bad",
        "privacyRelated": true,
        "score": 40,
        "tldr": "Generated through the annotate view"
      }
    },
    "6351": {
      "id": "6351",
      "needModeration": false,
      "quoteDoc": "Data Use Policy",
      "quoteEnd": 2700,
      "quoteStart": 2594,
      "quoteText": "As long as you follow our Naming Guidelines, you’re free to choose a pseudonym as your name and username.\n",
      "services": [
        "openhumans"
      ],
      "title": "The service allows you to use pseudonyms",
      "topics": [],
      "tosdr": {
        "binding": true,
        "case": "The service allows you to use pseudonyms",
        "point": "good",
        "score": 20,
        "tldr": "Generated through the annotate view"
      }
    },
    "6352": {
      "id": "6352",
      "needModeration": false,
      "quoteDoc": "Data Use Policy",
      "quoteEnd": 3791,
      "quoteStart": 3591,
      "quoteText": "Even if you use a pseudonym for Open Humans, your data could be connected to your identity.\nThe risk of this varies depending on the type of data, but it is often surprisingly easy to identify people.",
      "services": [
        "openhumans"
      ],
      "title": "The service informs users about the risk of publishing personal info online",
      "topics": [],
      "tosdr": {
        "binding": true,
        "case": "The service informs users about the risk of publishing personal info online",
        "point": "good",
        "score": 40,
        "tldr": "Generated through the annotate view"
      }
    },
    "6354": {
      "id": "6354",
      "needModeration": false,
      "quoteDoc": "Data Use Policy",
      "quoteEnd": 5165,
      "quoteStart": 4818,
      "quoteText": "We receive some information automatically when you visit Open Humans.\nThis includes information about the device, browser, and operating system you use when accessing our site, your IP address, the website that referred you to Open Humans (if any), which pages you request and visit, and the date and time of each request you make to Open Humans.\n",
      "services": [
        "openhumans"
      ],
      "title": "The service provides details about what kinds of personal information they collect",
      "topics": [],
      "tosdr": {
        "binding": true,
        "case": "The service provides details about what kinds of personal information they collect",
        "point": "good",
        "score": 30,
        "tldr": "Generated through the annotate view"
      }
    },
    "6355": {
      "id": "6355",
      "needModeration": false,
      "quoteDoc": "Data Use Policy",
      "quoteEnd": 5262,
      "quoteStart": 5170,
      "quoteText": "<p> We may retain access logs containing this data for up to 120 days, and then delete them.",
      "services": [
        "openhumans"
      ],
      "title": "User logs are deleted after a finite period of time",
      "topics": [],
      "tosdr": {
        "binding": true,
        "case": "User logs are deleted after a finite period of time",
        "point": "good",
        "score": 80,
        "tldr": "Generated through the annotate view"
      }
    },
    "6356": {
      "id": "6356",
      "needModeration": false,
      "quoteDoc": "Data Use Policy",
      "quoteEnd": 5830,
      "quoteStart": 5662,
      "quoteText": "Most browsers include an option to clear existing cookies or reject new ones.\nHowever, if you reject new cookies, portions of Open Humans will not function as intended.",
      "services": [
        "openhumans"
      ],
      "title": "Blocking cookies may limit your ability to use the service",
      "topics": [],
      "tosdr": {
        "binding": true,
        "case": "Blocking cookies may limit your ability to use the service",
        "point": "bad",
        "score": 50,
        "tldr": "Generated through the annotate view"
      }
    },
    "6357": {
      "id": "6357",
      "needModeration": false,
      "quoteDoc": "Data Use Policy",
      "quoteEnd": 5602,
      "quoteStart": 5432,
      "quoteText": "When you log in to your account, Open Humans will place a cookie for the purposes of creating the session, knowing when you’re logged in, and validating form submissions.",
      "services": [
        "openhumans"
      ],
      "title": "This service only uses temporary session cookies",
      "topics": [],
      "tosdr": {
        "binding": true,
        "case": "This service only uses temporary session cookies",
        "point": "good",
        "score": 20,
        "tldr": "Generated through the annotate view"
      }
    },
    "6358": {
      "id": "6358",
      "needModeration": false,
      "quoteDoc": "Data Use Policy",
      "quoteEnd": 5652,
      "quoteStart": 5603,
      "quoteText": "The cookie contains an encrypted user identifier.",
      "services": [
        "openhumans"
      ],
      "title": "The service provides a complete list of all cookies set by its website",
      "topics": [],
      "tosdr": {
        "binding": true,
        "case": "The service provides a complete list of all cookies set by its website",
        "point": "good",
        "privacyRelated": true,
        "score": 40,
        "tldr": "Generated through the annotate view"
      }
    },
    "6359": {
      "id": "6359",
      "needModeration": false,
      "quoteDoc": "Data Use Policy",
      "quoteEnd": 7393,
      "quoteStart": 7203,
      "quoteText": "If we are going to release your information, our policy is to provide you with notice unless we are prohibited from doing so by law or court order (e.g., an order under 18 U.S.C.\n§ 2705(b)).",
      "services": [
        "openhumans"
      ],
      "title": "The service promises to inform and/or notify users regarding government inquiries that may involve users' personal data",
      "topics": [],
      "tosdr": {
        "binding": true,
        "case": "The service promises to inform and/or notify users regarding government inquiries that may involve users' personal data",
        "point": "good",
        "score": 50,
        "tldr": "Generated through the annotate view"
      }
    },
    "6360": {
      "id": "6360",
      "needModeration": false,
      "quoteDoc": "Data Use Policy",
      "quoteEnd": 8160,
      "quoteStart": 8008,
      "quoteText": "We may also share aggregate information with others – for instance, with our funders, to help them understand our community and how it uses our service.",
      "services": [
        "openhumans"
      ],
      "title": "Your personal data is aggregated into statistics",
      "topics": [],
      "tosdr": {
        "binding": true,
        "case": "Your personal data is aggregated into statistics",
        "point": "neutral",
        "score": 10,
        "tldr": "Generated through the annotate view"
      }
    },
    "6361": {
      "id": "6361",
      "needModeration": false,
      "quoteDoc": "Data Use Policy",
      "quoteEnd": 1008,
      "quoteStart": 675,
      "quoteText": "Sharing data is critical to scientific progress, but has been hampered by traditional research practices.\nOur approach is to invite willing participants to share their personal data for the greater good.\nOpen Humans strives to make this possible by helping connect researchers and participants who wish to share data with each other.",
      "services": [
        "openhumans"
      ],
      "title": "The service provides information about its attitude towards ethical, social or political problems or controversies",
      "topics": [],
      "tosdr": {
        "binding": true,
        "case": "The service provides information about its attitude towards ethical, social or political problems or controversies",
        "point": "good",
        "score": 25,
        "tldr": "Generated through the annotate view"
      }
    },
    "6362": {
      "id": "6362",
      "needModeration": false,
      "quoteDoc": "Data Use Policy",
      "quoteEnd": 8452,
      "quoteStart": 8161,
      "quoteText": "</p>\n<p> If Open Humans or the Open Humans Foundation is involved in a reorganization, merger, acquisition or sale of our assets, your personal information may be transferred to another entity as part of that deal.\nIf that happens, we will notify you and let you know what your options are.\n",
      "services": [
        "openhumans"
      ],
      "title": "The service can sell or otherwise transfer your personal data as part of a bankruptcy proceeding or other type of financial transaction.",
      "topics": [],
      "tosdr": {
        "binding": true,
        "case": "The service can sell or otherwise transfer your personal data as part of a bankruptcy proceeding or other type of financial transaction.",
        "point": "bad",
        "score": 50,
        "tldr": "Generated through the annotate view"
      }
    },
    "6363": {
      "id": "6363",
      "needModeration": false,
      "quoteDoc": "Data Use Policy",
      "quoteEnd": 2814,
      "quoteStart": 2774,
      "quoteText": "an account must represent an individual ",
      "services": [
        "openhumans"
      ],
      "title": "Service does not allow alternative accounts",
      "topics": [],
      "tosdr": {
        "binding": true,
        "case": "Service does not allow alternative accounts",
        "point": "neutral",
        "score": 30,
        "tldr": "Generated through the annotate view"
      }
    },
    "6557": {
      "id": "6557",
      "quoteDoc": "Public Data Guidelines",
      "quoteEnd": 1700,
      "quoteStart": 1642,
      "quoteText": "Our data is offered \"as is\", without warranty of any kind.",
      "services": [
        "openhumans"
      ],
      "title": "The service is provided 'as is' and to be used at the users' sole risk",
      "topics": [],
      "tosdr": {
        "binding": true,
        "case": "The service is provided 'as is' and to be used at the users' sole risk",
        "point": "bad",
        "score": 20,
        "tldr": "Generated through the annotate view"
      }
    },
    "6558": {
      "id": "6558",
      "quoteDoc": "Public Data Guidelines",
      "quoteEnd": 1909,
      "quoteStart": 1800,
      "quoteText": "<li>Any use you make of the data must conform to all applicable laws and regulations in a given jurisdiction.",
      "services": [
        "openhumans"
      ],
      "title": "Users agree not to use the service for illegal purposes",
      "topics": [],
      "tosdr": {
        "binding": true,
        "case": "Users agree not to use the service for illegal purposes",
        "point": "neutral",
        "score": 10,
        "tldr": "Generated through the annotate view"
      }
    }
  },
  "urls": [
    "openhumans.org",
    "exploratory.openhumans.org",
    "discourse.openhumans.org"
  ]
}