{
  "alexa": 280627,
  "class": false,
  "links": {},
  "points": [
    "4453",
    "4454",
    "4455"
  ],
  "pointsData": {
    "4453": {
      "id": "4453",
      "needModeration": false,
      "quoteDoc": "Privacy Policy",
      "quoteEnd": 1216,
      "quoteRev": "latest",
      "quoteStart": 788,
      "quoteText": "Company aggregates non-personal data which cannot identify a user.\nSuch data includes the apps' installs, the frequency of the launches and the use of different screens in the application.\nWe also collect non-personalized data about the devices' models, software versions, the countries where the application is used, and the language.\nAlso, the users may be asked to leave an email to get access to certain additional features.",
      "services": [
        "osmand"
      ],
      "title": "The service provides details about what kinds of personal information they collect",
      "topics": [],
      "tosdr": {
        "binding": true,
        "case": "The service provides details about what kinds of personal information they collect",
        "point": "good",
        "score": 30,
        "tldr": "Generated through the annotate view"
      }
    },
    "4454": {
      "id": "4454",
      "needModeration": false,
      "quoteDoc": "Privacy Policy",
      "quoteEnd": 2401,
      "quoteRev": "latest",
      "quoteStart": 2333,
      "quoteText": "This Policy can be updated anytime at the discretion of the Company.",
      "services": [
        "osmand"
      ],
      "title": " Terms may be changed any time at their discretion, without notice to the user ",
      "topics": [],
      "tosdr": {
        "binding": true,
        "case": " Terms may be changed any time at their discretion, without notice to the user ",
        "point": "bad",
        "score": 70,
        "tldr": "Generated through the annotate view"
      }
    },
    "4455": {
      "id": "4455",
      "needModeration": false,
      "quoteDoc": "Privacy Policy",
      "quoteEnd": 2325,
      "quoteRev": "latest",
      "quoteStart": 2133,
      "quoteText": "Certain parts of non-personalized data can be shared with the partners of the Company in the amounts, necessary to ensure cooperation between the Company and its partners or service providers.",
      "services": [
        "osmand"
      ],
      "title": "Third parties may be involved in operating the service",
      "topics": [],
      "tosdr": {
        "binding": true,
        "case": "Third parties may be involved in operating the service",
        "point": "bad",
        "score": 15,
        "tldr": "Generated through the annotate view"
      }
    }
  },
  "urls": [
    "osmand.net"
  ]
}