{
  "class": false,
  "links": {},
  "points": [
    "6467"
  ],
  "pointsData": {
    "6467": {
      "id": "6467",
      "needModeration": false,
      "services": [
        "packvel"
      ],
      "title": "This service does not track you",
      "topics": [],
      "tosdr": {
        "binding": true,
        "case": "This service does not track you",
        "point": "good",
        "score": 100,
        "tldr": "Packvel don’t use any third-party cookies in website. Terms and Conditions are fixed and will not be changed.  All of our contents are under creative common license. There is no subscription involved so any viewer can leave the service anytime they want. No personal data is collected, so there is no data to be exported.  There is no third party trackers. Packvel don’t store personal data, so no government can get any information because we don’t have any. There is no personal account involved, so there is no system present regarding suspension of account. This website is developed in a server which situated in Bangladesh and the laws of Bangladesh will be applied if anyone want to report anything about Packvel. As no personal data is stored, if Packvel is acquired, no personal data will be exchanged or transferred.\r\n    No personal data is stored, not even for a minute.\r\n\r\n"
      }
    }
  },
  "urls": [
    "packvel.com"
  ]
}