{
  "alexa": 90321,
  "class": false,
  "links": {},
  "points": [
    "5996",
    "5997",
    "5998",
    "5999",
    "6000",
    "6001",
    "6002",
    "6003",
    "6004",
    "6005",
    "6006",
    "6007",
    "6008",
    "6009",
    "6010",
    "6011",
    "6012",
    "6013"
  ],
  "pointsData": {
    "5996": {
      "id": "5996",
      "quoteDoc": "Terms of Service",
      "quoteEnd": 1484,
      "quoteStart": 1225,
      "quoteText": "you may not access or use the PARSEC PROPERTIES if you are not at least 18 years old or the age of majority in the jurisdiction from which you are accessing the PARSEC PROPERTIES (or are at least 13 years old and have your parent or legal guardian’s consent).",
      "services": [
        "parsec"
      ],
      "title": "This service is only available to users of a certain age",
      "topics": [],
      "tosdr": {
        "binding": true,
        "case": "This service is only available to users of a certain age",
        "point": "neutral",
        "score": 15,
        "tldr": "Generated through the annotate view"
      }
    },
    "5997": {
      "id": "5997",
      "quoteDoc": "Privacy Policy",
      "quoteEnd": 9836,
      "quoteStart": 9520,
      "quoteText": "\nWe use the following types of cookies:\n<ol>\n<li>\n<em>Essential Cookies</em> - These cookies are essential to provide you with the Services and to enable you to use some of its features.\nFor example, they allow you to log in to secure areas of the Services and help the content of the pages you request load quickly.",
      "services": [
        "parsec"
      ],
      "title": "This service requires first-party cookies, which are cookies that only belong to the domain of the service and not a third party.",
      "topics": [],
      "tosdr": {
        "binding": true,
        "case": "This service requires first-party cookies, which are cookies that only belong to the domain of the service and not a third party.",
        "point": "neutral",
        "score": 10,
        "tldr": "Generated through the annotate view"
      }
    },
    "5998": {
      "id": "5998",
      "quoteDoc": "Privacy Policy",
      "quoteEnd": 9921,
      "quoteStart": 9837,
      "quoteText": "Without these cookies, the Services that you have asked for cannot be provided.</li>",
      "services": [
        "parsec"
      ],
      "title": "Blocking cookies may limit your ability to use the service",
      "topics": [],
      "tosdr": {
        "binding": true,
        "case": "Blocking cookies may limit your ability to use the service",
        "point": "bad",
        "score": 50,
        "tldr": "Generated through the annotate view"
      }
    },
    "5999": {
      "id": "5999",
      "quoteDoc": "Privacy Policy",
      "quoteEnd": 15249,
      "quoteStart": 14921,
      "quoteText": "In addition to the tracking technologies we place, other companies may set their own cookies or similar tools when you use the Services.\nThis includes third party analytics services, including but not limited to Google Analytics (<strong>“Analytics Services”</strong>), that we engage to help analyze how users use the Services.",
      "services": [
        "parsec"
      ],
      "title": "This service uses third-party cookies for statistics",
      "topics": [],
      "tosdr": {
        "binding": true,
        "case": "This service uses third-party cookies for statistics",
        "point": "bad",
        "privacyRelated": true,
        "score": 10,
        "tldr": "Generated through the annotate view"
      }
    },
    "6000": {
      "id": "6000",
      "quoteDoc": "Privacy Policy",
      "quoteEnd": 12832,
      "quoteStart": 12575,
      "quoteText": "In addition, we use <strong>“pixel tags</strong>” (also referred to as clear GIFs, Web beacons, or Web bugs).\nPixel tags are tiny graphic images with a unique identifier, similar in function to cookies, which are used to track online movements of Web users.",
      "services": [
        "parsec"
      ],
      "title": "The service may use tracking pixels, web beacons, browser fingerprinting, and/or device fingerprinting on users.",
      "topics": [],
      "tosdr": {
        "binding": true,
        "case": "The service may use tracking pixels, web beacons, browser fingerprinting, and/or device fingerprinting on users.",
        "point": "bad",
        "privacyRelated": true,
        "score": 50,
        "tldr": "Generated through the annotate view"
      }
    },
    "6001": {
      "id": "6001",
      "quoteDoc": "Privacy Policy",
      "quoteEnd": 13520,
      "quoteStart": 13357,
      "quoteText": "Some Internet browsers may be configured to send \"Do Not Track\" signals to the online services that you visit.\nWe currently do not respond to do not track signals.",
      "services": [
        "parsec"
      ],
      "title": "This service ignores the Do Not Track (DNT) header and tracks users anyway even if they set this header.",
      "topics": [],
      "tosdr": {
        "binding": true,
        "case": "This service ignores the Do Not Track (DNT) header and tracks users anyway even if they set this header.",
        "point": "bad",
        "score": 60,
        "tldr": "Generated through the annotate view"
      }
    },
    "6002": {
      "id": "6002",
      "quoteDoc": "Privacy Policy",
      "quoteEnd": 22182,
      "quoteStart": 21797,
      "quoteText": "We may share some or all of your Personal Data in connection with or during negotiation of any merger, financing, acquisition or dissolution transaction or proceeding involving sale, transfer, divestiture, or disclosure of all or a portion of our business or assets.\nIn the event of an insolvency, bankruptcy, or receivership, Personal Data may also be transferred as a business asset.",
      "services": [
        "parsec"
      ],
      "title": "The service can sell or otherwise transfer your personal data as part of a bankruptcy proceeding or other type of financial transaction.",
      "topics": [],
      "tosdr": {
        "binding": true,
        "case": "The service can sell or otherwise transfer your personal data as part of a bankruptcy proceeding or other type of financial transaction.",
        "point": "bad",
        "score": 50,
        "tldr": "Generated through the annotate view"
      }
    },
    "6003": {
      "id": "6003",
      "quoteDoc": "Privacy Policy",
      "quoteEnd": 24591,
      "quoteStart": 24411,
      "quoteText": "All users may review, update, correct or delete the Personal Data in their user account (including any imported contacts) by contacting us or editing their profile via the Service.",
      "services": [
        "parsec"
      ],
      "title": "You can request access and deletion of personal data",
      "topics": [],
      "tosdr": {
        "binding": true,
        "case": "You can request access and deletion of personal data",
        "point": "good",
        "privacyRelated": true,
        "score": 50,
        "tldr": "Generated through the annotate view"
      }
    },
    "6004": {
      "id": "6004",
      "quoteDoc": "Privacy Policy",
      "quoteEnd": 11049,
      "quoteStart": 10963,
      "quoteText": "We use Google Analytics, Mixpanel, Facebook, Optimizely, and Segment for this purpose.",
      "services": [
        "parsec"
      ],
      "title": "Many third parties are involved in operating the service",
      "topics": [],
      "tosdr": {
        "binding": true,
        "case": "Many third parties are involved in operating the service",
        "point": "bad",
        "score": 50,
        "tldr": "Parsec uses Google Analytics, Mixpanel, Facebook, Optimizely, and Segment for analytics"
      }
    },
    "6005": {
      "id": "6005",
      "quoteDoc": "Terms of Service",
      "quoteEnd": 1841,
      "quoteStart": 1588,
      "quoteText": "SECTION 12.2 of These terms requires the use of arbitration on an individual basis to resolve disputes ARISING OUT OF THESE TERMS, rather than jury trials or class action LAWSUITS, and also limitS the remedies available to you in the event of a dispute.",
      "services": [
        "parsec"
      ],
      "title": "This service forces users into binding arbitration in the case of disputes",
      "topics": [],
      "tosdr": {
        "binding": true,
        "case": "This service forces users into binding arbitration in the case of disputes",
        "point": "bad",
        "score": 50,
        "tldr": "Generated through the annotate view"
      }
    },
    "6006": {
      "id": "6006",
      "quoteDoc": "Terms of Service",
      "quoteEnd": 35472,
      "quoteStart": 35193,
      "quoteText": "\nALL CLAIMS AND DISPUTES WITHIN THE SCOPE OF THIS ARBITRATION AGREEMENT MUST BE ARBITRATED OR LITIGATED ON AN INDIVIDUAL BASIS AND NOT ON A CLASS BASIS, AND CLAIMS OF MORE THAN ONE USER CANNOT BE ARBITRATED OR LITIGATED JOINTLY OR CONSOLIDATED WITH THOSE OF ANY OTHER USER.</li>\n",
      "services": [
        "parsec"
      ],
      "title": "You waive your right to a class action.",
      "topics": [],
      "tosdr": {
        "binding": true,
        "case": "You waive your right to a class action.",
        "point": "bad",
        "score": 50,
        "tldr": "Generated through the annotate view"
      }
    },
    "6007": {
      "id": "6007",
      "quoteDoc": "Terms of Service",
      "quoteEnd": 14856,
      "quoteStart": 14316,
      "quoteText": "</strong>If you provide Parsec with any feedback or suggestions regarding the Parsec Properties (“<strong>Feedback</strong>”), you hereby assign to Parsec all rights in such Feedback and agree that Parsec will have the right to use and fully exploit such Feedback and related information in any manner it deems appropriate.\nParsec will treat any Feedback you provide to Parsec as non-confidential and non-proprietary.\nYou agree that you will not submit to Parsec any information or ideas that you consider to be confidential or proprietary.",
      "services": [
        "parsec"
      ],
      "title": "If you offer suggestions to the service, they become the owner of the ideas that you give them",
      "topics": [],
      "tosdr": {
        "binding": true,
        "case": "If you offer suggestions to the service, they become the owner of the ideas that you give them",
        "point": "bad",
        "score": 50,
        "tldr": "Generated through the annotate view"
      }
    },
    "6008": {
      "id": "6008",
      "quoteDoc": "Terms of Service",
      "quoteEnd": 22152,
      "quoteStart": 21977,
      "quoteText": "</strong>THE PARSEC PROPERTIES ARE PROVIDED ON AN “AS-IS” AND “AS AVAILABLE” BASIS, AND PARSEC (AND OUR SUPPLIERS) EXPRESSLY DISCLAIM ANY WARRANTIES AND CONDITIONS OF ANY KIND",
      "services": [
        "parsec"
      ],
      "title": "The service is provided 'as is' and to be used at the users' sole risk",
      "topics": [],
      "tosdr": {
        "binding": true,
        "case": "The service is provided 'as is' and to be used at the users' sole risk",
        "point": "bad",
        "score": 20,
        "tldr": "Generated through the annotate view"
      }
    },
    "6009": {
      "id": "6009",
      "quoteDoc": "Terms of Service",
      "quoteEnd": 22512,
      "quoteStart": 22342,
      "quoteText": "WE (AND OUR SUPPLIERS) MAKE NO WARRANTY THAT THE PARSEC PROPERTIES WILL MEET YOUR REQUIREMENTS, WILL BE AVAILABLE ON AN UNINTERRUPTED, TIMELY, SECURE, OR ERROR-FREE BASIS",
      "services": [
        "parsec"
      ],
      "title": "The service provider makes no warranty regarding uninterrupted, timely, secure or error-free service",
      "topics": [],
      "tosdr": {
        "binding": true,
        "case": "The service provider makes no warranty regarding uninterrupted, timely, secure or error-free service",
        "point": "bad",
        "score": 30,
        "tldr": "Generated through the annotate view"
      }
    },
    "6010": {
      "id": "6010",
      "quoteDoc": "Terms of Service",
      "quoteEnd": 22544,
      "quoteStart": 22514,
      "quoteText": "OR WILL BE ACCURATE, RELIABLE,",
      "services": [
        "parsec"
      ],
      "title": "The service does not guarantee accuracy or reliability of the information provided",
      "topics": [],
      "tosdr": {
        "binding": true,
        "case": "The service does not guarantee accuracy or reliability of the information provided",
        "point": "bad",
        "score": 10,
        "tldr": "Generated through the annotate view"
      }
    },
    "6011": {
      "id": "6011",
      "quoteDoc": "Terms of Service",
      "quoteEnd": 23593,
      "quoteStart": 23140,
      "quoteText": "</strong>TO THE MAXIMUM EXTENT PERMITTED BY LAW, IN NO EVENT WILL PARSEC (OR OUR SUPPLIERS) BE LIABLE TO YOU OR ANY THIRD PARTY FOR ANY LOST PROFITS, LOST DATA, COSTS OF PROCUREMENT OF SUBSTITUTE PRODUCTS, OR ANY INDIRECT, CONSEQUENTIAL, EXEMPLARY, INCIDENTAL, SPECIAL OR PUNITIVE DAMAGES ARISING FROM OR RELATING TO THESE TERMS OR YOUR USE OF, OR INABILITY TO USE, PARSEC PROPERTIES, EVEN IF PARSEC HAS BEEN ADVISED OF THE POSSIBILITY OF SUCH DAMAGES.\n",
      "services": [
        "parsec"
      ],
      "title": "This service assumes no liability for any losses or damages resulting from any matter relating to the service",
      "topics": [],
      "tosdr": {
        "binding": true,
        "case": "This service assumes no liability for any losses or damages resulting from any matter relating to the service",
        "point": "bad",
        "score": 50,
        "tldr": "Generated through the annotate view"
      }
    },
    "6012": {
      "id": "6012",
      "quoteDoc": "Terms of Service",
      "quoteEnd": 25020,
      "quoteStart": 24658,
      "quoteText": "We may suspend or terminate your rights to use the Parsec Properties (including your Account) at any time for any reason at our sole discretion, including for any use of the Parsec Properties in violation of these Terms.\nUpon termination of your rights under these Terms, your Account and right to access and use the Parsec Properties will terminate immediately.",
      "services": [
        "parsec"
      ],
      "title": "The service can delete your account without prior notice and without a reason",
      "topics": [],
      "tosdr": {
        "binding": true,
        "case": "The service can delete your account without prior notice and without a reason",
        "point": "bad",
        "score": 60,
        "tldr": "Generated through the annotate view"
      }
    },
    "6013": {
      "id": "6013",
      "quoteDoc": "Terms of Service",
      "quoteEnd": 190,
      "quoteStart": 159,
      "quoteText": "Last revised on: March 30, 2018",
      "services": [
        "parsec"
      ],
      "title": "There is a date of the last update of the terms",
      "topics": [],
      "tosdr": {
        "binding": true,
        "case": "There is a date of the last update of the terms",
        "point": "neutral",
        "score": 50,
        "tldr": "Generated through the annotate view"
      }
    }
  },
  "urls": [
    "parsecgaming.com"
  ]
}