{
  "alexa": 173286,
  "class": false,
  "links": {},
  "points": [
    "4871",
    "4872",
    "4874",
    "4875",
    "4876",
    "4878",
    "4879",
    "4880",
    "4881",
    "4882",
    "4883",
    "4884",
    "4885",
    "4886",
    "4887",
    "4888",
    "4889",
    "4891",
    "4892",
    "4893",
    "4899",
    "4906"
  ],
  "pointsData": {
    "4871": {
      "id": "4871",
      "quoteDoc": "Terms of Service",
      "quoteEnd": 3613,
      "quoteStart": 3104,
      "quoteText": "You agree to defend, indemnify and hold harmless the Site, its affiliates and licensors and their respective officers, directors, employees, contractors, agents, and licensors from and against any claims, liabilities, damages, judgments, awards, losses, costs, expenses or fees (including reasonable attorneys' fees) resulting from your violation of these Terms and Conditions or your use of the Site, including, without limitation, any use of the Site's content, services or items purchased through the Site.",
      "services": [
        "patook"
      ],
      "title": "You agree to defend, indemnify, and hold the service harmless in case of a claim related to your use of the service",
      "topics": [],
      "tosdr": {
        "binding": true,
        "case": "You agree to defend, indemnify, and hold the service harmless in case of a claim related to your use of the service",
        "point": "bad",
        "score": 60,
        "tldr": "Generated through the annotate view"
      }
    },
    "4872": {
      "id": "4872",
      "quoteDoc": "Terms of Service",
      "quoteEnd": 4557,
      "quoteStart": 4513,
      "quoteText": "Your payments to the Site are nonrefundable.",
      "services": [
        "patook"
      ],
      "title": "no refund policy",
      "topics": [],
      "tosdr": {
        "binding": true,
        "case": "The service has a no refund policy",
        "point": "neutral",
        "score": 50,
        "tldr": "Generated through the annotate view"
      }
    },
    "4874": {
      "id": "4874",
      "quoteDoc": "Terms of Service",
      "quoteEnd": 3780,
      "quoteStart": 3747,
      "quoteText": "You are 18 years of age or older.",
      "services": [
        "patook"
      ],
      "title": "This service is only available to users of a certain age",
      "topics": [],
      "tosdr": {
        "binding": true,
        "case": "This service is only available to users of a certain age",
        "point": "neutral",
        "score": 15,
        "tldr": "Generated through the annotate view"
      }
    },
    "4875": {
      "id": "4875",
      "quoteDoc": "Privacy Policy",
      "quoteEnd": 23249,
      "quoteStart": 23174,
      "quoteText": "We may update this Privacy Policy from time to time at our sole discretion.",
      "services": [
        "patook"
      ],
      "title": " Terms may be changed any time at their discretion, without notice to the user ",
      "topics": [],
      "tosdr": {
        "binding": true,
        "case": " Terms may be changed any time at their discretion, without notice to the user ",
        "point": "bad",
        "score": 70,
        "tldr": "Generated through the annotate view"
      }
    },
    "4876": {
      "id": "4876",
      "quoteDoc": "Privacy Policy",
      "quoteEnd": 23367,
      "quoteStart": 23250,
      "quoteText": "When we post changes to this Privacy Policy, we will revise the \"last updated\" date at the top of this Privacy Policy",
      "services": [
        "patook"
      ],
      "title": "There is a date of the last update of the terms",
      "topics": [],
      "tosdr": {
        "binding": true,
        "case": "There is a date of the last update of the terms",
        "point": "neutral",
        "score": 50,
        "tldr": "Generated through the annotate view"
      }
    },
    "4878": {
      "id": "4878",
      "quoteDoc": "Terms of Service",
      "quoteEnd": 12831,
      "quoteStart": 12756,
      "quoteText": "WE DO NOT WARRANT THAT THE SITE WILL MEET YOUR EXPECTATIONS OR REQUIRMENTS.",
      "services": [
        "patook"
      ],
      "title": "This service does not guarantee that it or the products obtained through it meet the users' expectations or requirements",
      "topics": [],
      "tosdr": {
        "binding": true,
        "case": "This service does not guarantee that it or the products obtained through it meet the users' expectations or requirements",
        "point": "bad",
        "score": 0,
        "tldr": "Generated through the annotate view"
      }
    },
    "4879": {
      "id": "4879",
      "quoteDoc": "Terms of Service",
      "quoteEnd": 9726,
      "quoteStart": 9585,
      "quoteText": "Only one account per user is allowed.\nUsers caught with more than one account may be permanently banned and have all their accounts disabled.",
      "services": [
        "patook"
      ],
      "title": "Service does not allow alternative accounts",
      "topics": [],
      "tosdr": {
        "binding": true,
        "case": "Service does not allow alternative accounts",
        "point": "neutral",
        "score": 30,
        "tldr": "Generated through the annotate view"
      }
    },
    "4880": {
      "id": "4880",
      "quoteDoc": "Terms of Service",
      "quoteEnd": 17502,
      "quoteStart": 17357,
      "quoteText": "The courts sitting in Seattle, Washington will have exclusive jurisdiction over any claim arising from or related to these Terms and Conditions.\n",
      "services": [
        "patook"
      ],
      "title": "The court of law governing the terms is in Seattle, Washington",
      "topics": [],
      "tosdr": {
        "binding": true,
        "case": "The court of law governing the terms is in location X",
        "point": "neutral",
        "score": 0,
        "tldr": "Generated through the annotate view"
      }
    },
    "4881": {
      "id": "4881",
      "quoteDoc": "Terms of Service",
      "quoteEnd": 13791,
      "quoteStart": 13386,
      "quoteText": "WE WILL NOT BE LIABLE FOR ANY LOSS OR DAMAGE CAUSED BY A DISTRIBUTED DENIAL-OF-SERVICE ATTACK, VIRUSES OR OTHER TECHNOLOGICALLY HARMFUL MATERIAL THAT MAY INFECT YOUR COMPUTER EQUIPMENT, COMPUTER PROGRAMS, DATA OR OTHER PROPRIETARY MATERIAL DUE TO YOUR USE OF THE SITE OR ANY SERVICES OR ITEMS OBTAINED THROUGH THE SITE OR TO YOUR DOWNLOADING OF ANY MATERIAL POSTED ON IT, OR ON ANY SITE LINKED TO IT.\n</p>",
      "services": [
        "patook"
      ],
      "title": "This service assumes no liability for any losses or damages resulting from any matter relating to the service",
      "topics": [],
      "tosdr": {
        "binding": true,
        "case": "This service assumes no liability for any losses or damages resulting from any matter relating to the service",
        "point": "bad",
        "score": 50,
        "tldr": "Generated through the annotate view"
      }
    },
    "4882": {
      "id": "4882",
      "quoteDoc": "Terms of Service",
      "quoteEnd": 22150,
      "quoteStart": 21820,
      "quoteText": "If you are banned from Patook, for whatever reason, you will make no attempt to ever register an account again without Patook�s written express permission.\nYou agree to pay Patook the sum of 1,000$ if you create a new account after having been banned, and an extra 1,000$ for each subsequent account you create after being banned.",
      "services": [
        "patook"
      ],
      "title": "Users who have been permanently banned from this service are not allowed to re-register under a new account",
      "topics": [],
      "tosdr": {
        "binding": true,
        "case": "Users who have been permanently banned from this service are not allowed to re-register under a new account",
        "point": "neutral",
        "score": 20,
        "tldr": "Users can be fined $1000 if they re-register an account after being banned, however the service does not notify users if they're banned and provides no way to check."
      }
    },
    "4883": {
      "id": "4883",
      "quoteDoc": "Terms of Service",
      "quoteEnd": 17117,
      "quoteStart": 16902,
      "quoteText": "Enforcement of these Terms and Conditions is solely in our discretion, and failure to enforce the Terms and Conditions in some instances does not constitute a waiver of our right to enforce them in other instances.\n",
      "services": [
        "patook"
      ],
      "title": "Failure to enforce any provision of the Terms of Service does not constitute a waiver of such provision",
      "topics": [],
      "tosdr": {
        "binding": true,
        "case": "Failure to enforce any provision of the Terms of Service does not constitute a waiver of such provision",
        "point": "neutral",
        "score": 10,
        "tldr": "Generated through the annotate view"
      }
    },
    "4884": {
      "id": "4884",
      "quoteDoc": "Terms of Service",
      "quoteEnd": 16883,
      "quoteStart": 16603,
      "quoteText": "Should any part of these Terms and Conditions be rendered or declared invalid by an appropriate authority, such invalidation of such part or portion of these Terms and Conditions should not invalidate the remaining portions thereof, and they shall remain in full force and effect.",
      "services": [
        "patook"
      ],
      "title": "Invalidity of any portion of the Terms of Service does not entail invalidity of its remainder",
      "topics": [],
      "tosdr": {
        "binding": true,
        "case": "Invalidity of any portion of the Terms of Service does not entail invalidity of its remainder",
        "point": "neutral",
        "score": 10,
        "tldr": "Generated through the annotate view"
      }
    },
    "4885": {
      "id": "4885",
      "quoteDoc": "Privacy Policy",
      "quoteEnd": 10571,
      "quoteStart": 10458,
      "quoteText": "Personal information you provide to us is stored on a password protected server accessible only by administrator.",
      "services": [
        "patook"
      ],
      "title": "Your private content may be accessed by people working for the service",
      "topics": [],
      "tosdr": {
        "binding": true,
        "case": "Your private content may be accessed by people working for the service",
        "point": "neutral",
        "score": 30,
        "tldr": "Generated through the annotate view"
      }
    },
    "4886": {
      "id": "4886",
      "quoteDoc": "Terms of Service",
      "quoteEnd": 15017,
      "quoteStart": 14888,
      "quoteText": " IN NO EVENT WILL OUR LIABILITY EXCEED THE FEES COLLECTED FROM YOU FOR THE THREE MONTHS PRECEEDING THE TIME WHEN THE CLAIM AROSE.",
      "services": [
        "patook"
      ],
      "title": "Any liability on behalf of the service is only limited to the fees you paid as a user",
      "topics": [],
      "tosdr": {
        "binding": true,
        "case": "Any liability on behalf of the service is only limited to the fees you paid as a user",
        "point": "bad",
        "score": 10,
        "tldr": "Generated through the annotate view"
      }
    },
    "4887": {
      "id": "4887",
      "quoteDoc": "Terms of Service",
      "quoteEnd": 15127,
      "quoteStart": 15018,
      "quoteText": "NO CLAIM, SUIT OR ACTION MAY BE BROUGHT AGAINST US AFTER SIX MONTHS FROM THE UNDERLYING CAUSE OF ACTION.\n</p>",
      "services": [
        "patook"
      ],
      "title": "Users have a 6 month time period to take legal action against the service",
      "topics": [],
      "tosdr": {
        "binding": true,
        "case": "Users have a reduced time period to take legal action against the service",
        "point": "bad",
        "score": 50,
        "tldr": "Generated through the annotate view"
      }
    },
    "4888": {
      "id": "4888",
      "quoteDoc": "Terms of Service",
      "quoteEnd": 14051,
      "quoteStart": 13801,
      "quoteText": "We do not guarantee that any of the information provided by Patook users to Patook is accurate.\nWe do not regularly verify personal information provided by Patook users.\nThis also includes, but is not limited to date of birth, location and age.\n</p> ",
      "services": [
        "patook"
      ],
      "title": "The service does not guarantee accuracy or reliability of the information provided",
      "topics": [],
      "tosdr": {
        "binding": true,
        "case": "The service does not guarantee accuracy or reliability of the information provided",
        "point": "bad",
        "score": 10,
        "tldr": "Generated through the annotate view"
      }
    },
    "4889": {
      "id": "4889",
      "quoteDoc": "Terms of Service",
      "quoteEnd": 12755,
      "quoteStart": 12701,
      "quoteText": "YOUR USE OF THE SITE, ITS CONTENT IS AT YOUR OWN RISK.",
      "services": [
        "patook"
      ],
      "title": "The service is provided 'as is' and to be used at the users' sole risk",
      "topics": [],
      "tosdr": {
        "binding": true,
        "case": "The service is provided 'as is' and to be used at the users' sole risk",
        "point": "bad",
        "score": 20,
        "tldr": "Generated through the annotate view"
      }
    },
    "4891": {
      "id": "4891",
      "needModeration": false,
      "quoteDoc": "Terms of Service",
      "quoteEnd": 975,
      "quoteStart": 793,
      "quoteText": "THESE TERMS AND CONDITIONS CONTAIN MONETARY FINES AND PENALTIES THAT CAN BE IMPOSED ON YOU IN CERTAIN CIRCUMSTANCES - THOSE FINES AND PENALTIES CAN REACH UP TO 1,000$ PER INFARCTION.",
      "services": [
        "patook"
      ],
      "title": "Service fines users $1000 for certain terms of service violations",
      "topics": [],
      "tosdr": {
        "binding": true,
        "case": "Service fines users for Terms of Service violations",
        "point": "bad",
        "score": 80,
        "tldr": ""
      }
    },
    "4892": {
      "id": "4892",
      "quoteDoc": "Privacy Policy",
      "quoteEnd": 4624,
      "quoteStart": 4274,
      "quoteText": "To a buyer or other successor in the event of a merger, divestiture, restructuring, reorganization, dissolution or other sale or transfer of some or all of the Site's assets, whether as a going concern or as part of bankruptcy, liquidation or similar proceeding, in which personal information about our Site users is among the assets transferred.<br>",
      "services": [
        "patook"
      ],
      "title": "The service can sell or otherwise transfer your personal data as part of a bankruptcy proceeding or other type of financial transaction.",
      "topics": [],
      "tosdr": {
        "binding": true,
        "case": "The service can sell or otherwise transfer your personal data as part of a bankruptcy proceeding or other type of financial transaction.",
        "point": "bad",
        "score": 50,
        "tldr": "Generated through the annotate view"
      }
    },
    "4893": {
      "id": "4893",
      "needModeration": false,
      "quoteDoc": "Privacy Policy",
      "quoteEnd": 12187,
      "quoteStart": 12036,
      "quoteText": "You also understand that the United States might have less advantageous privacy laws than those in your home country and that we will abide by US law.\n",
      "services": [
        "patook"
      ],
      "title": "The court of law governing the terms is in a jurisdiction that is less friendly to user privacy protection.",
      "topics": [],
      "tosdr": {
        "binding": true,
        "case": "The court of law governing the terms is in a jurisdiction that is less friendly to user privacy protection.",
        "point": "bad",
        "score": 50,
        "tldr": "Generated through the annotate view"
      }
    },
    "4899": {
      "id": "4899",
      "needModeration": false,
      "quoteDoc": "Privacy Policy",
      "quoteEnd": 13977,
      "quoteStart": 13872,
      "quoteText": "\nWe may use the contents of your profile, such as interests, age, location etc.\nto tailor our ads to you.",
      "services": [
        "patook"
      ],
      "title": "The service uses your personal data for advertising",
      "topics": [],
      "tosdr": {
        "binding": true,
        "case": "The service uses your personal data for advertising",
        "point": "bad",
        "privacyRelated": true,
        "score": 30,
        "tldr": "Generated through the annotate view"
      }
    },
    "4906": {
      "id": "4906",
      "needModeration": false,
      "quoteDoc": "Terms of Service",
      "quoteEnd": 8369,
      "quoteStart": 8294,
      "quoteText": "We may choose not to deliver certain messages or all the messages you send.",
      "services": [
        "patook"
      ],
      "title": "Service can block or censor user communications",
      "topics": [],
      "tosdr": {
        "binding": true,
        "case": "Service can block or censor user communications",
        "point": "bad",
        "score": 60,
        "tldr": "Generated through the annotate view"
      }
    }
  },
  "urls": [
    "patook.com"
  ]
}