{
  "alexa": 415,
  "class": false,
  "links": {},
  "points": [
    "5213",
    "5214",
    "5217",
    "6345",
    "6484",
    "6957"
  ],
  "pointsData": {
    "5213": {
      "id": "5213",
      "needModeration": false,
      "quoteDoc": "Terms of Use",
      "quoteEnd": 2477,
      "quoteStart": 2248,
      "quoteText": "To register for an account you must be at least 13 years old.\nTo give or receive pledges you must be at least 18 years old or have your parent’s permission.\nIf you know a user is under the age of 13, please report them to us.</p>",
      "services": [
        "patreon"
      ],
      "title": "This service is only available to users 13 years old and over; pledges are only for users at least 18 years old or with parental permission",
      "topics": [],
      "tosdr": {
        "binding": true,
        "case": "This service is only available to users of a certain age",
        "point": "neutral",
        "score": 15,
        "tldr": "The Terms of Service state, \"To register for an account you must be at least 13 years old. To give or receive pledges you must be at least 18 years old or have your parent’s permission. If you know a user is under the age of 13, please report them to us.\""
      }
    },
    "5214": {
      "id": "5214",
      "needModeration": false,
      "quoteDoc": "Terms of Use",
      "quoteEnd": 2684,
      "quoteStart": 2478,
      "quoteText": "<p>You are responsible for anything that occurs when anyone is signed in to your account, as well as the security of the account.\nIf you believe your account is compromised, you must contact us immediately.",
      "services": [
        "patreon"
      ],
      "title": "You are responsible for maintaining the security of your account and for the activities on your account",
      "topics": [],
      "tosdr": {
        "binding": true,
        "case": "You are responsible for maintaining the security of your account and for the activities on your account",
        "point": "neutral",
        "score": 10,
        "tldr": "The Terms of Use state, \"You are responsible for anything that occurs when anyone is signed in to your account, as well as the security of the account. If you believe your account is compromised, you must contact us immediately.\""
      }
    },
    "5217": {
      "id": "5217",
      "needModeration": false,
      "quoteDoc": "Privacy Policy",
      "quoteEnd": 3751,
      "quoteStart": 3564,
      "quoteText": "<p>Our service does not support Do Not Track requests at this time, which means our third party analytics providers may associate your usage on Patreon with your usage on other sites.</p>",
      "services": [
        "patreon"
      ],
      "title": "This service ignores the Do Not Track (DNT) header and tracks users anyway even if they set this header.",
      "topics": [],
      "tosdr": {
        "binding": true,
        "case": "This service ignores the Do Not Track (DNT) header and tracks users anyway even if they set this header.",
        "point": "bad",
        "score": 60,
        "tldr": "Generated through the annotate view"
      }
    },
    "6345": {
      "id": "6345",
      "needModeration": false,
      "quoteDoc": "Terms of Use",
      "quoteEnd": 19255,
      "quoteStart": 19086,
      "quoteText": "\nIf a dispute does arise out of these terms or related to your use of Patreon, and it cannot be resolved after you talk with us, then it must be resolved by arbitration.",
      "services": [
        "patreon"
      ],
      "title": "This service forces users into binding arbitration in the case of disputes",
      "topics": [],
      "tosdr": {
        "binding": true,
        "case": "This service forces users into binding arbitration in the case of disputes",
        "point": "bad",
        "score": 50,
        "tldr": "Generated through the annotate view"
      }
    },
    "6484": {
      "id": "6484",
      "quoteDoc": "Terms of Use",
      "quoteEnd": 19017,
      "quoteStart": 18920,
      "quoteText": "You waive your right to trial by jury and your right to participate in a class action proceeding.",
      "services": [
        "patreon"
      ],
      "title": "You waive your right to a class action.",
      "topics": [],
      "tosdr": {
        "binding": true,
        "case": "You waive your right to a class action.",
        "point": "bad",
        "score": 50,
        "tldr": "Generated through the annotate view"
      }
    },
    "6957": {
      "id": "6957",
      "quoteDoc": "Cookie Policy",
      "quoteEnd": 2591,
      "quoteStart": 2497,
      "quoteText": "Do-not-track” technologies<p>\n</p>\n<p>We do not respond to web browser “Do-Not-Track” signals.",
      "services": [
        "patreon"
      ],
      "title": "This service ignores the Do Not Track (DNT) header and tracks users anyway even if they set this header.",
      "topics": [],
      "tosdr": {
        "binding": true,
        "case": "This service ignores the Do Not Track (DNT) header and tracks users anyway even if they set this header.",
        "point": "bad",
        "score": 60,
        "tldr": "Generated through the annotate view"
      }
    }
  },
  "urls": [
    "patreon.com"
  ]
}