{
  "alexa": 66,
  "class": false,
  "links": {},
  "points": [
    "6543",
    "6546"
  ],
  "pointsData": {
    "6543": {
      "id": "6543",
      "quoteDoc": "Privacy Statement",
      "quoteEnd": 19416,
      "quoteStart": 19200,
      "quoteText": "Certain aspects and features of our Services and Sites are only available through the use of Cookies, so if you choose to disable or decline Cookies, your use of the Sites and Services may be limited or not possible.",
      "services": [
        "paypal-com"
      ],
      "title": "Blocking cookies may limit your ability to use the service",
      "topics": [],
      "tosdr": {
        "binding": true,
        "case": "Blocking cookies may limit your ability to use the service",
        "point": "bad",
        "score": 50,
        "tldr": "Generated through the annotate view"
      }
    },
    "6546": {
      "id": "6546",
      "quoteDoc": "Privacy Statement",
      "quoteEnd": 19620,
      "quoteStart": 19416,
      "quoteText": "</p>\n<p>Do Not Track (DNT) is an optional browser setting that allows you to express your preferences regarding tracking by advertisers and other third-parties.\n&nbsp;We do not respond to DNT signals.</p>",
      "services": [
        "paypal-com"
      ],
      "title": "This service ignores the Do Not Track (DNT) header and tracks users anyway even if they set this header.",
      "topics": [],
      "tosdr": {
        "binding": true,
        "case": "This service ignores the Do Not Track (DNT) header and tracks users anyway even if they set this header.",
        "point": "bad",
        "score": 60,
        "tldr": "Generated through the annotate view"
      }
    }
  },
  "urls": [
    "paypal.com"
  ]
}