{
  "alexa": 66,
  "class": false,
  "links": {
    "Privacy Policy": {
      "name": "Privacy Policy",
      "url": "https://cms.paypal.com/ph/cgi-bin/marketingweb?cmd=_render-content&content_ID=ua/Privacy_full&locale.x=en_US"
    }
  },
  "points": [
    "6795"
  ],
  "pointsData": {
    "6795": {
      "id": "6795",
      "quoteDoc": "User Agreement (EU)",
      "quoteEnd": 16177,
      "quoteStart": 16119,
      "quoteText": "(iii) if you are an individual, be at least 18 years old.\n",
      "services": [
        "paypal"
      ],
      "title": "This service is only available to users of a certain age",
      "topics": [],
      "tosdr": {
        "binding": true,
        "case": "This service is only available to users of a certain age",
        "point": "neutral",
        "score": 15,
        "tldr": "Generated through the annotate view"
      }
    }
  },
  "urls": [
    "paypal.com"
  ]
}