{
  "class": false,
  "links": {},
  "points": [
    "6423",
    "6425",
    "6427",
    "6429",
    "6431",
    "6432"
  ],
  "pointsData": {
    "6423": {
      "id": "6423",
      "needModeration": false,
      "quoteDoc": " Content Policy ",
      "quoteEnd": 16988,
      "quoteStart": 16956,
      "quoteText": "Last updated: January 21, 2019</",
      "services": [
        "pexgle"
      ],
      "title": "There is a date of the last update of the terms",
      "topics": [],
      "tosdr": {
        "binding": true,
        "case": "There is a date of the last update of the terms",
        "point": "neutral",
        "score": 50,
        "tldr": "Generated through the annotate view"
      }
    },
    "6425": {
      "id": "6425",
      "needModeration": false,
      "quoteDoc": " Terms and Conditions ",
      "quoteEnd": 21336,
      "quoteStart": 20689,
      "quoteText": "You agree to defend, indemnify and hold harmless Pexgle and its officers, directors, employees and agents, from and against any and all claims, damages, obligations, losses, liabilities, costs or debt, and expenses (including but not limited to attorney’s fees) arising from: (a) your use of and access to the Services and the Website.\n(b) your violation of any term of this Agreement.\nor (c) your violation of any third party right, including without limitation any copyright, property, or privacy right.\nThis defense and indemnification obligation will survive the termination of this Agreement and your use of the Services and the Website.</li>",
      "services": [
        "pexgle"
      ],
      "title": "You agree to defend, indemnify, and hold the service harmless in case of a claim related to your use of the service",
      "topics": [],
      "tosdr": {
        "binding": true,
        "case": "You agree to defend, indemnify, and hold the service harmless in case of a claim related to your use of the service",
        "point": "bad",
        "score": 60,
        "tldr": "Generated through the annotate view"
      }
    },
    "6427": {
      "id": "6427",
      "needModeration": false,
      "quoteDoc": " Content Policy ",
      "quoteEnd": 1887,
      "quoteStart": 1648,
      "quoteText": "Please note that we reserve the right, in our sole discretion, to change, modify, add or delete portions of this Policy without notice at any time by updating this posting.\nYou should visit this page regularly to review the current Policy.",
      "services": [
        "pexgle"
      ],
      "title": " Terms may be changed any time at their discretion, without notice to the user ",
      "topics": [],
      "tosdr": {
        "binding": true,
        "case": " Terms may be changed any time at their discretion, without notice to the user ",
        "point": "bad",
        "score": 70,
        "tldr": "Generated through the annotate view"
      }
    },
    "6429": {
      "id": "6429",
      "needModeration": false,
      "quoteDoc": " Content Policy ",
      "quoteEnd": 2141,
      "quoteStart": 1983,
      "quoteText": "We reserve the right to restrict, suspend, terminate or refuse your access to or use of the Site, in whole or in part, without notice, in our sole discretion.",
      "services": [
        "pexgle"
      ],
      "title": "They reserve the right to suspend/terminate your access to or use of the Site without notice, in their sole discretion. ",
      "topics": [],
      "tosdr": {
        "binding": true,
        "case": "The service can delete your account without prior notice and without a reason",
        "point": "bad",
        "score": 60,
        "tldr": "Generated through the annotate view"
      }
    },
    "6431": {
      "id": "6431",
      "needModeration": false,
      "quoteDoc": "Privacy Policy ",
      "quoteEnd": 18270,
      "quoteStart": 18209,
      "quoteText": "We will never sell your Personal Data to any third party.</p>",
      "services": [
        "pexgle"
      ],
      "title": "This service does not sell your personal data",
      "topics": [],
      "tosdr": {
        "binding": true,
        "case": "This service does not sell your personal data",
        "point": "good",
        "score": 25,
        "tldr": "Generated through the annotate view"
      }
    },
    "6432": {
      "id": "6432",
      "needModeration": false,
      "quoteDoc": " Content Policy ",
      "quoteEnd": 3011,
      "quoteStart": 2926,
      "quoteText": "You may access and display Pexgle Content for non-commercial, personal use only.</p>\n",
      "services": [
        "pexgle"
      ],
      "title": "This service is only available for use individually and non-commercially.",
      "topics": [],
      "tosdr": {
        "binding": true,
        "case": "This service is only available for use individually and non-commercially.",
        "point": "neutral",
        "score": 25,
        "tldr": "Generated through the annotate view"
      }
    }
  },
  "urls": [
    "pexgle.com"
  ]
}