{
  "class": false,
  "links": {},
  "points": [
    "6387",
    "6485",
    "6486",
    "6489",
    "6490",
    "6491",
    "6492",
    "6493",
    "6494",
    "6495",
    "6496",
    "6497",
    "6498",
    "6649",
    "6650",
    "6651"
  ],
  "pointsData": {
    "6387": {
      "id": "6387",
      "needModeration": false,
      "quoteDoc": "Terms Of Service",
      "quoteEnd": 4038,
      "quoteStart": 3891,
      "quoteText": "We honor your privacy and therefore recommend choosing a pseudonym.\nOf course, you are free to choose your real name, nobody stops you from this.</",
      "services": [
        "pixelcatproductionsjbauth"
      ],
      "title": "The service allows you to use pseudonyms",
      "topics": [],
      "tosdr": {
        "binding": true,
        "case": "The service allows you to use pseudonyms",
        "point": "good",
        "score": 20,
        "tldr": "The terms of use do not prohibit the use of pseudonyms and even offers the ability to choose a username upon registering."
      }
    },
    "6485": {
      "id": "6485",
      "quoteDoc": "Terms Of Service",
      "quoteEnd": 4303,
      "quoteStart": 4218,
      "quoteText": "Your data is yours, and you have the right to leave our service at any time.</p>\n<br>",
      "services": [
        "pixelcatproductionsjbauth"
      ],
      "title": "You have the right to leave this service at any time",
      "topics": [],
      "tosdr": {
        "binding": true,
        "case": "You have the right to leave this service at any time",
        "point": "good",
        "score": 15,
        "tldr": "Generated through the annotate view"
      }
    },
    "6486": {
      "id": "6486",
      "quoteDoc": "Terms Of Service",
      "quoteEnd": 4099,
      "quoteStart": 4049,
      "quoteText": "Any content you upload is yours and must be yours.",
      "services": [
        "pixelcatproductionsjbauth"
      ],
      "title": "You maintain ownership of your data",
      "topics": [],
      "tosdr": {
        "binding": true,
        "case": "You maintain ownership of your data",
        "point": "good",
        "score": 50,
        "tldr": "Generated through the annotate view"
      }
    },
    "6489": {
      "id": "6489",
      "quoteDoc": "Privacy Policy",
      "quoteEnd": 7234,
      "quoteStart": 7004,
      "quoteText": "Third party companies can create so called \"OAuth Applications\", they gain access to the data only if you authorize those to.\nWe provide a detailed list of what \"scopes\" (Permissions) can do to your account and affect your privacy",
      "services": [
        "pixelcatproductionsjbauth"
      ],
      "title": "This service only shares user information with third parties when given specific consent",
      "topics": [],
      "tosdr": {
        "binding": true,
        "case": "This service only shares user information with third parties when given specific consent",
        "point": "good",
        "privacyRelated": true,
        "score": 80,
        "tldr": "Generated through the annotate view"
      }
    },
    "6490": {
      "id": "6490",
      "quoteDoc": "Privacy Policy",
      "quoteEnd": 7393,
      "quoteStart": 7243,
      "quoteText": "Your data is never sold anywhere NEVER.\nOur Service is completely ad free and runs on either donations, or other income sources such as software sales",
      "services": [
        "pixelcatproductionsjbauth"
      ],
      "title": "This service does not sell your personal data",
      "topics": [],
      "tosdr": {
        "binding": true,
        "case": "This service does not sell your personal data",
        "point": "good",
        "score": 25,
        "tldr": "Generated through the annotate view"
      }
    },
    "6491": {
      "id": "6491",
      "quoteDoc": "Privacy Policy",
      "quoteEnd": 7493,
      "quoteStart": 7402,
      "quoteText": "We don't use any third party tracking software such as Google Adsense or any other software",
      "services": [
        "pixelcatproductionsjbauth"
      ],
      "title": "This service does not track you",
      "topics": [],
      "tosdr": {
        "binding": true,
        "case": "This service does not track you",
        "point": "good",
        "score": 100,
        "tldr": "Generated through the annotate view"
      }
    },
    "6492": {
      "id": "6492",
      "quoteDoc": "Privacy Policy",
      "quoteEnd": 7633,
      "quoteStart": 7526,
      "quoteText": "We do not have any \"data-share-partnerships\" with other companies, thus we only have the info you gave us.<",
      "services": [
        "pixelcatproductionsjbauth"
      ],
      "title": "The service does not use third-party analytics or tracking platforms",
      "topics": [],
      "tosdr": {
        "binding": true,
        "case": "The service does not use third-party analytics or tracking platforms",
        "point": "good",
        "privacyRelated": true,
        "score": 25,
        "tldr": "Generated through the annotate view"
      }
    },
    "6493": {
      "id": "6493",
      "quoteDoc": "Privacy Policy",
      "quoteEnd": 6597,
      "quoteStart": 5051,
      "quoteText": "The following list contains a complete set on what data we collect on you</p>\n<ul>\n<li>Your IP Address (For logging purposes, see above and your login history)</li>\n<li>An ID (numeric) generated for your account</li>\n<li>The username you entered upon registering</li>\n<li>The password (hashed with a salt) you entered upon registering</li>\n<li>The firstname you have entered upon registering</li>\n<li>The lastname you have entered upon registering</li>\n<li>The email address you have entered upon registering</li>\n<li>An account flag if you have been suspended or not</li>\n<li>An account flag if you are an employee of Pixelcat Productions or not</li>\n<li>An account flag if you have 2fa enabled or not</li>\n<li>Your 2fa secret</li>\n<li>An unix timestamp of the time when you have activated TFA</li>\n<li>A history of all your login sessions (session token, remember token, IP, Device, If Session is valid, Last Login, Session Creation Time)</li>\n<li>A support token for easier communication with our support</li>\n<li>The language you set</li>\n<li>External Provider ID (If registered with an external provider)</li>\n<li>An account flag if you have registered with an external provider or not</li>\n<li>Forum Account ID (If registered at our forums)</li>\n<li>An account flag if you have an account at our forums or not</li>\n<li>An account flag if you have enabled your authorization timer</li>\n<li>A livechat token for easier communication with our support</li>\n<li>Your uploaded picture to our CDN, stored as an URL.\nOr by default: Gravatar avatars",
      "services": [
        "pixelcatproductionsjbauth"
      ],
      "title": "The service provides details about what kinds of personal information they collect",
      "topics": [],
      "tosdr": {
        "binding": true,
        "case": "The service provides details about what kinds of personal information they collect",
        "point": "good",
        "score": 30,
        "tldr": "Generated through the annotate view"
      }
    },
    "6494": {
      "id": "6494",
      "quoteDoc": "Terms Of Service",
      "quoteEnd": 4204,
      "quoteStart": 4100,
      "quoteText": "We take DMCA Takedowns seriously and if you see any copyright infringing content, contact us immediately",
      "services": [
        "pixelcatproductionsjbauth"
      ],
      "title": "If you are the target of a copyright claim, your content may be removed",
      "topics": [],
      "tosdr": {
        "binding": true,
        "case": "If you are the target of a copyright claim, your content may be removed",
        "point": "neutral",
        "score": 50,
        "tldr": "Generated through the annotate view"
      }
    },
    "6495": {
      "id": "6495",
      "quoteDoc": "Terms Of Service",
      "quoteEnd": 3859,
      "quoteStart": 3722,
      "quoteText": "Any claim related to Pixelcat Productions's Website shall be governed by the laws of de without regards to its conflict of law provisions",
      "services": [
        "pixelcatproductionsjbauth"
      ],
      "title": "The court of law governing the terms is in a jurisdiction that is friendlier to user privacy protection.",
      "topics": [],
      "tosdr": {
        "binding": true,
        "case": "The court of law governing the terms is in a jurisdiction that is friendlier to user privacy protection.",
        "point": "good",
        "score": 50,
        "tldr": "Generated through the annotate view"
      }
    },
    "6496": {
      "id": "6496",
      "quoteDoc": "Terms Of Service",
      "quoteEnd": 1577,
      "quoteStart": 1432,
      "quoteText": "Pixelcat Productions will notify you 1 month in advance for any Terms Of Service infringtion and will issue warnings before your final suspension",
      "services": [
        "pixelcatproductionsjbauth"
      ],
      "title": "The service gives 30 days of notice before closing your account",
      "topics": [],
      "tosdr": {
        "binding": true,
        "case": "The service gives 30 days of notice before closing your account",
        "point": "good",
        "score": 15,
        "tldr": "Generated through the annotate view"
      }
    },
    "6497": {
      "id": "6497",
      "quoteDoc": "Terms Of Service",
      "quoteEnd": 1432,
      "quoteStart": 1163,
      "quoteText": "<p>This will let Pixelcat Productions to terminate upon violations of any of these restrictions.\nUpon termination, your viewing right will also be terminated and you should destroy any downloaded materials in your possession whether it is printed or electronic format.\n",
      "services": [
        "pixelcatproductionsjbauth"
      ],
      "title": "The service can suspend your account for several reasons",
      "topics": [],
      "tosdr": {
        "binding": true,
        "case": "The service can suspend your account for several reasons",
        "point": "neutral",
        "score": 15,
        "tldr": "Generated through the annotate view"
      }
    },
    "6498": {
      "id": "6498",
      "quoteDoc": "Terms Of Service",
      "quoteEnd": 3644,
      "quoteStart": 3313,
      "quoteText": "Pixelcat Productions may revise these Terms of Use for its Website at any time with prior notice.\nPixelcat Productions notifies you either via E-Mail or Account Alert upon updating our Terms Of Use or Privacy Policy.\nBy using this Website, you are agreeing to be bound by the current version of these Terms and Conditions of Use.</",
      "services": [
        "pixelcatproductionsjbauth"
      ],
      "title": "The service may change its terms at any time, but the user will receive notification of the changes.",
      "topics": [],
      "tosdr": {
        "binding": true,
        "case": "The service may change its terms at any time, but the user will receive notification of the changes.",
        "point": "neutral",
        "score": 0,
        "tldr": "Generated through the annotate view"
      }
    },
    "6649": {
      "id": "6649",
      "quoteDoc": "Forums Terms of Service",
      "quoteEnd": 16462,
      "quoteStart": 16302,
      "quoteText": "You will settle any dispute as an individual, and not as part of a class action or other representative proceeding, whether as the plaintiff or a class member.\n",
      "services": [
        "pixelcatproductionsjbauth"
      ],
      "title": "You waive your right to a class action.",
      "topics": [],
      "tosdr": {
        "binding": true,
        "case": "You waive your right to a class action.",
        "point": "bad",
        "score": 50,
        "tldr": "Generated through the annotate view"
      }
    },
    "6650": {
      "id": "6650",
      "quoteDoc": "Forums Terms of Service",
      "quoteEnd": 16124,
      "quoteStart": 15936,
      "quoteText": "Other than to seek an injunction or for claims under the Computer Fraud and Abuse Act, you and the company will resolve any Dispute by binding American Arbitration Association arbitration.",
      "services": [
        "pixelcatproductionsjbauth"
      ],
      "title": "This service forces users into binding arbitration in the case of disputes",
      "topics": [],
      "tosdr": {
        "binding": true,
        "case": "This service forces users into binding arbitration in the case of disputes",
        "point": "bad",
        "score": 50,
        "tldr": "Generated through the annotate view"
      }
    },
    "6651": {
      "id": "6651",
      "quoteDoc": "Terms Of Service",
      "quoteEnd": 1787,
      "quoteStart": 1600,
      "quoteText": "All the materials on Pixelcat Productions’s Website are provided \"as is\".\nPixelcat Productions makes no warranties, may it be expressed or implied, therefore negates all other warranties.",
      "services": [
        "pixelcatproductionsjbauth"
      ],
      "title": "The service is provided 'as is' and to be used at the users' sole risk",
      "topics": [],
      "tosdr": {
        "binding": true,
        "case": "The service is provided 'as is' and to be used at the users' sole risk",
        "point": "bad",
        "score": 20,
        "tldr": "Generated through the annotate view"
      }
    }
  },
  "urls": [
    "login.justinback.com",
    "api.justinback.com",
    "partner.pixelcatproductions.net"
  ]
}