{
  "alexa": 997,
  "class": false,
  "links": {},
  "points": [
    "6677",
    "6679",
    "6683",
    "6719"
  ],
  "pointsData": {
    "6677": {
      "id": "6677",
      "quoteDoc": "Privacy Policy",
      "quoteEnd": 11580,
      "quoteStart": 11489,
      "quoteText": "In order to view, amend, erase, or correct your Collected Information, contact Plex support",
      "services": [
        "plexsolutions"
      ],
      "title": "You can request access and deletion of personal data",
      "topics": [],
      "tosdr": {
        "binding": true,
        "case": "You can request access and deletion of personal data",
        "point": "good",
        "privacyRelated": true,
        "score": 50,
        "tldr": "Generated through the annotate view"
      }
    },
    "6679": {
      "id": "6679",
      "quoteDoc": "Privacy Policy",
      "quoteEnd": 21439,
      "quoteStart": 21352,
      "quoteText": "You may opt out of receiving the marketing newsletter from us by accessing your account",
      "services": [
        "plexsolutions"
      ],
      "title": "You can opt out of promotional communications",
      "topics": [],
      "tosdr": {
        "binding": true,
        "case": "You can opt out of promotional communications",
        "point": "good",
        "score": 10,
        "tldr": "Generated through the annotate view"
      }
    },
    "6683": {
      "id": "6683",
      "quoteDoc": "Privacy Policy",
      "quoteEnd": 20498,
      "quoteStart": 20434,
      "quoteText": "we delete data used for logging and error tracking after 90 days",
      "services": [
        "plexsolutions"
      ],
      "title": "User logs are deleted after a finite period of time",
      "topics": [],
      "tosdr": {
        "binding": true,
        "case": "User logs are deleted after a finite period of time",
        "point": "good",
        "score": 80,
        "tldr": "Generated through the annotate view"
      }
    },
    "6719": {
      "id": "6719",
      "quoteDoc": "Tracking Technologies",
      "quoteEnd": 4036,
      "quoteStart": 3542,
      "quoteText": "Again, like many online services, Plex and its third party partners (such as Facebook, Google and Amazon) employ a technology known as “tracking pixels.” A pixel is a small one-pixel-by-one-pixel clear image that is embedded in HTML content, and is about the size of a period at the end of a sentence.\nWhen HTML content containing a pixel is rendered, the pixel transmits anonymous, non-personally identifiable information to a server, such as a numeric count, unique identifier, or IP address.",
      "services": [
        "plexsolutions"
      ],
      "title": "The service may use tracking pixels, web beacons, browser fingerprinting, and/or device fingerprinting on users.",
      "topics": [],
      "tosdr": {
        "binding": true,
        "case": "The service may use tracking pixels, web beacons, browser fingerprinting, and/or device fingerprinting on users.",
        "point": "bad",
        "privacyRelated": true,
        "score": 50,
        "tldr": "Generated through the annotate view"
      }
    }
  },
  "urls": [
    "plex.tv"
  ]
}