{
  "alexa": 35,
  "class": false,
  "links": {},
  "points": [
    "4788",
    "6364",
    "6365",
    "6366"
  ],
  "pointsData": {
    "4788": {
      "id": "4788",
      "needModeration": false,
      "quoteDoc": "Terms & Conditions",
      "quoteEnd": 64,
      "quoteStart": 32,
      "quoteText": "Last modified date: May 18, 2018",
      "services": [
        "pornhub"
      ],
      "title": "There is a date of the last update of the terms",
      "topics": [],
      "tosdr": {
        "binding": true,
        "case": "There is a date of the last update of the terms",
        "point": "neutral",
        "score": 50,
        "tldr": "Generated through the annotate view"
      }
    },
    "6364": {
      "id": "6364",
      "quoteDoc": "Privacy Policy",
      "quoteEnd": 5259,
      "quoteStart": 4664,
      "quoteText": "We may also collect, use and\nshare your data to produce and share aggregated insights that do not identify\nyou.\nAggregated data may be derived from your personal data but is not considered\npersonal data as this data does not directly or indirectly reveal your\nidentity.\nFor example, we may aggregate your usage data to calculate the\npercentage of users accessing a specific Website feature, to generate\nstatistics about our users, to calculate the percentage of users accessing a\nspecific Website feature, to calculate ad impressions served or clicked on, or\nto publish visitor demographics.</p>",
      "services": [
        "pornhub"
      ],
      "title": "Your personal data is aggregated into statistics",
      "topics": [],
      "tosdr": {
        "binding": true,
        "case": "Your personal data is aggregated into statistics",
        "point": "neutral",
        "score": 10,
        "tldr": "Generated through the annotate view"
      }
    },
    "6365": {
      "id": "6365",
      "quoteDoc": "Privacy Policy",
      "quoteEnd": 9883,
      "quoteStart": 9729,
      "quoteText": "However, if you decline to accept cookies, some functionality on our Website may be disabled and you may be unable to access certain parts of our Website.",
      "services": [
        "pornhub"
      ],
      "title": "Blocking cookies may limit your ability to use the service",
      "topics": [],
      "tosdr": {
        "binding": true,
        "case": "Blocking cookies may limit your ability to use the service",
        "point": "bad",
        "score": 50,
        "tldr": "Generated through the annotate view"
      }
    },
    "6366": {
      "id": "6366",
      "quoteDoc": "Privacy Policy",
      "quoteEnd": 10744,
      "quoteStart": 10405,
      "quoteText": "Web Beacons</b>.\nPages of our Website and our e-mails may contain small electronic files known as web beacons (also known as clear gifs, pixel tags, single-pixel gifs and web bugs) that are tiny graphics with a unique identifier, similar in function to cookies, and are used to track the online movements of web users or to access cookies.",
      "services": [
        "pornhub"
      ],
      "title": "The service may use tracking pixels, web beacons, browser fingerprinting, and/or device fingerprinting on users.",
      "topics": [],
      "tosdr": {
        "binding": true,
        "case": "The service may use tracking pixels, web beacons, browser fingerprinting, and/or device fingerprinting on users.",
        "point": "bad",
        "privacyRelated": true,
        "score": 50,
        "tldr": "Generated through the annotate view"
      }
    }
  },
  "urls": [
    "pornhub.com",
    "modelhub.com"
  ]
}