{
  "alexa": 24741,
  "class": false,
  "links": {},
  "points": [
    "6102",
    "6103",
    "6105"
  ],
  "pointsData": {
    "6102": {
      "id": "6102",
      "needModeration": false,
      "quoteDoc": "Terms and Conditions",
      "quoteEnd": 6585,
      "quoteStart": 6481,
      "quoteText": "Posteo does not guarantee that all services listed under item 3 will always be available and error-free.",
      "services": [
        "posteo"
      ],
      "title": "The service provider makes no warranty regarding uninterrupted, timely, secure or error-free service",
      "topics": [],
      "tosdr": {
        "binding": true,
        "case": "The service provider makes no warranty regarding uninterrupted, timely, secure or error-free service",
        "point": "bad",
        "score": 30,
        "tldr": "Generated through the annotate view"
      }
    },
    "6103": {
      "id": "6103",
      "needModeration": false,
      "quoteDoc": "Terms and Conditions",
      "quoteEnd": 7684,
      "quoteStart": 7549,
      "quoteText": "The complete legal relationship between Posteo and its customers is exclusively governed by the law of the Federal Republic of Germany.",
      "services": [
        "posteo"
      ],
      "title": "The court of law governing the terms is in location X",
      "topics": [],
      "tosdr": {
        "binding": true,
        "case": "The court of law governing the terms is in location X",
        "point": "neutral",
        "score": 0,
        "tldr": "Generated through the annotate view"
      }
    },
    "6105": {
      "id": "6105",
      "needModeration": false,
      "quoteDoc": "Terms and Conditions",
      "quoteEnd": 5291,
      "quoteStart": 5262,
      "quoteText": "not to break German laws</li>",
      "services": [
        "posteo"
      ],
      "title": "Users agree to comply with the law of the service's country",
      "topics": [],
      "tosdr": {
        "binding": true,
        "case": "Users agree to comply with the law of the service's country",
        "point": "neutral",
        "score": 0,
        "tldr": "Generated through the annotate view"
      }
    }
  },
  "urls": [
    "posteo.de"
  ]
}