{
  "alexa": 154775,
  "class": false,
  "links": {},
  "points": [
    "5681",
    "5682",
    "5684",
    "5685",
    "5687",
    "5688",
    "5689",
    "5690",
    "5691",
    "5692",
    "5693",
    "5694",
    "5696",
    "5697",
    "5699",
    "5701",
    "5702",
    "5704",
    "5705",
    "5706",
    "5707",
    "5708",
    "5709",
    "5710",
    "5712",
    "5713"
  ],
  "pointsData": {
    "5681": {
      "id": "5681",
      "needModeration": false,
      "quoteDoc": "Terms & Conditions",
      "quoteEnd": 15295,
      "quoteStart": 15191,
      "quoteText": "Changelog <p>Version 1.0 - November 9th, 2017</p>\n<p>Initial terms &amp.\nconditions for beta release</p>",
      "services": [
        "presearch"
      ],
      "title": "There is a date of the last update of the terms",
      "topics": [],
      "tosdr": {
        "binding": true,
        "case": "There is a date of the last update of the terms",
        "point": "neutral",
        "score": 50,
        "tldr": "Generated through the annotate view"
      }
    },
    "5682": {
      "id": "5682",
      "needModeration": false,
      "quoteDoc": "Terms & Conditions",
      "quoteEnd": 13712,
      "quoteStart": 13583,
      "quoteText": "You and Presearch agree to submit to the personal and exclusive jurisdiction of the courts located within Simcoe County, Ontario.",
      "services": [
        "presearch"
      ],
      "title": "The court of law governing the terms is in location X",
      "topics": [],
      "tosdr": {
        "binding": true,
        "case": "The court of law governing the terms is in location X",
        "point": "neutral",
        "score": 0,
        "tldr": "Generated through the annotate view"
      }
    },
    "5684": {
      "id": "5684",
      "needModeration": false,
      "quoteDoc": "Terms & Conditions",
      "quoteEnd": 14567,
      "quoteStart": 14504,
      "quoteText": "You may discontinue your use of Presearch services at any time.",
      "services": [
        "presearch"
      ],
      "title": "You have the right to leave this service at any time",
      "topics": [],
      "tosdr": {
        "binding": true,
        "case": "You have the right to leave this service at any time",
        "point": "good",
        "score": 15,
        "tldr": "Generated through the annotate view"
      }
    },
    "5685": {
      "id": "5685",
      "needModeration": false,
      "quoteDoc": "Terms & Conditions",
      "quoteEnd": 14774,
      "quoteStart": 14568,
      "quoteText": "You agree that Presearch may at any time and for any reason, including a period of account inactivity, terminate your access to Presearch services, terminate the Terms, or suspend or terminate your account.",
      "services": [
        "presearch"
      ],
      "title": "The service can delete your account without prior notice and without a reason",
      "topics": [],
      "tosdr": {
        "binding": true,
        "case": "The service can delete your account without prior notice and without a reason",
        "point": "bad",
        "score": 60,
        "tldr": "Generated through the annotate view"
      }
    },
    "5687": {
      "id": "5687",
      "needModeration": false,
      "quoteDoc": "Terms & Conditions",
      "quoteEnd": 14196,
      "quoteStart": 13895,
      "quoteText": "\nIf any provision of the Terms is found by a court of competent jurisdiction to be invalid, the parties nevertheless agree that the court should endeavor to give effect to the parties' intentions as reflected in the provision, and the other provisions of the Terms remain in full force and effect.</p>",
      "services": [
        "presearch"
      ],
      "title": "Invalidity of any portion of the Terms of Service does not entail invalidity of its remainder",
      "topics": [],
      "tosdr": {
        "binding": true,
        "case": "Invalidity of any portion of the Terms of Service does not entail invalidity of its remainder",
        "point": "neutral",
        "score": 10,
        "tldr": "Generated through the annotate view"
      }
    },
    "5688": {
      "id": "5688",
      "needModeration": false,
      "quoteDoc": "Terms & Conditions",
      "quoteEnd": 13895,
      "quoteStart": 13754,
      "quoteText": "The failure of Presearch to exercise or enforce any right or provision of the Terms shall not constitute a waiver of such right or provision.",
      "services": [
        "presearch"
      ],
      "title": "Failure to enforce any provision of the Terms of Service does not constitute a waiver of such provision",
      "topics": [],
      "tosdr": {
        "binding": true,
        "case": "Failure to enforce any provision of the Terms of Service does not constitute a waiver of such provision",
        "point": "neutral",
        "score": 10,
        "tldr": "Generated through the annotate view"
      }
    },
    "5689": {
      "id": "5689",
      "needModeration": false,
      "quoteDoc": "Terms & Conditions",
      "quoteEnd": 14192,
      "quoteStart": 13896,
      "quoteText": "If any provision of the Terms is found by a court of competent jurisdiction to be invalid, the parties nevertheless agree that the court should endeavor to give effect to the parties' intentions as reflected in the provision, and the other provisions of the Terms remain in full force and effect.",
      "services": [
        "presearch"
      ],
      "title": "Invalidity of any portion of the Terms of Service does not entail invalidity of its remainder",
      "topics": [],
      "tosdr": {
        "binding": true,
        "case": "Invalidity of any portion of the Terms of Service does not entail invalidity of its remainder",
        "point": "neutral",
        "score": 10,
        "tldr": "Generated through the annotate view"
      }
    },
    "5690": {
      "id": "5690",
      "needModeration": false,
      "quoteDoc": "Terms & Conditions",
      "quoteEnd": 14488,
      "quoteStart": 14224,
      "quoteText": "You agree that regardless of any statute or law to the contrary, any claim or cause of action arising out of or related to use of Presearch services or the Terms must be filed within two (2) years after such claim or cause of action arose or be forever barred.</p>",
      "services": [
        "presearch"
      ],
      "title": "Users have a reduced time period to take legal action against the service",
      "topics": [],
      "tosdr": {
        "binding": true,
        "case": "Users have a reduced time period to take legal action against the service",
        "point": "bad",
        "score": 50,
        "tldr": "Generated through the annotate view"
      }
    },
    "5691": {
      "id": "5691",
      "needModeration": false,
      "quoteDoc": "Terms & Conditions",
      "quoteEnd": 464,
      "quoteStart": 198,
      "quoteText": "you agree to the terms and conditions (the “Terms”) outlined below, as well as any future revisions to the Terms, which will be posted in the changelog at the bottom of this document, and which we will notify registered Members of via email or site notification.</p>",
      "services": [
        "presearch"
      ],
      "title": "The service may change its terms at any time, but the user will receive notification of the changes.",
      "topics": [],
      "tosdr": {
        "binding": true,
        "case": "The service may change its terms at any time, but the user will receive notification of the changes.",
        "point": "neutral",
        "score": 0,
        "tldr": "Generated through the annotate view"
      }
    },
    "5692": {
      "id": "5692",
      "needModeration": false,
      "quoteDoc": "Terms & Conditions",
      "quoteEnd": 743,
      "quoteStart": 465,
      "quoteText": "Use of Services <p>Presearch, its subsidiaries, and affiliated companies offer Presearch services to you, provided that you are of legal age to form a binding contract and are not a person barred from receiving services under the laws of Canada or other applicable jurisdiction.",
      "services": [
        "presearch"
      ],
      "title": "This service is only available to users of a certain age",
      "topics": [],
      "tosdr": {
        "binding": true,
        "case": "This service is only available to users of a certain age",
        "point": "neutral",
        "score": 15,
        "tldr": "Generated through the annotate view"
      }
    },
    "5693": {
      "id": "5693",
      "needModeration": false,
      "quoteDoc": "Terms & Conditions",
      "quoteEnd": 956,
      "quoteStart": 744,
      "quoteText": "In order to access certain services, you may be required to provide current, accurate identification, contact, and other information as part of the registration process and/or continued use of Presearch services.",
      "services": [
        "presearch"
      ],
      "title": "You must provide your legal name, pseudonyms are not allowed",
      "topics": [],
      "tosdr": {
        "binding": true,
        "case": "You must provide your legal name, pseudonyms are not allowed",
        "point": "bad",
        "score": 20,
        "tldr": "Generated through the annotate view"
      }
    },
    "5694": {
      "id": "5694",
      "needModeration": false,
      "quoteDoc": "Terms & Conditions",
      "quoteEnd": 1107,
      "quoteStart": 957,
      "quoteText": "You are responsible for maintaining the confidentiality of your account password, and are responsible for all activities that occur under your account",
      "services": [
        "presearch"
      ],
      "title": "You are responsible for maintaining the security of your account and for the activities on your account.",
      "topics": [],
      "tosdr": {
        "binding": true,
        "case": "You are responsible for maintaining the security of your account and for the activities on your account",
        "point": "neutral",
        "score": 10,
        "tldr": "Generated through the annotate view"
      }
    },
    "5696": {
      "id": "5696",
      "needModeration": false,
      "quoteDoc": "Terms & Conditions",
      "quoteEnd": 2306,
      "quoteStart": 2153,
      "quoteText": "You agree to use Presearch services only for purposes that are legal, proper, and in accordance with the Terms and any applicable policies or guidelines.",
      "services": [
        "presearch"
      ],
      "title": "Users agree not to use the service for illegal purposes",
      "topics": [],
      "tosdr": {
        "binding": true,
        "case": "Users agree not to use the service for illegal purposes",
        "point": "neutral",
        "score": 10,
        "tldr": "Generated through the annotate view"
      }
    },
    "5697": {
      "id": "5697",
      "needModeration": false,
      "quoteDoc": "Terms & Conditions",
      "quoteEnd": 2465,
      "quoteStart": 2307,
      "quoteText": "You agree that you will not engage in any activity that interferes with or disrupts Presearch services or servers or networks connected to Presearch services.",
      "services": [
        "presearch"
      ],
      "title": "Users shall not interfere with another person's enjoyment of the service",
      "topics": [],
      "tosdr": {
        "binding": true,
        "case": "Users shall not interfere with another person's enjoyment of the service",
        "point": "bad",
        "score": 20,
        "tldr": "Generated through the annotate view"
      }
    },
    "5699": {
      "id": "5699",
      "needModeration": false,
      "quoteDoc": "Terms & Conditions",
      "quoteEnd": 5482,
      "quoteStart": 5290,
      "quoteText": "You also understand and agree that your administrator may have access to your account and its content, and may suspend or terminate your account access and your ability to modify your account.",
      "services": [
        "presearch"
      ],
      "title": "Your private content may be accessed by people working for the service",
      "topics": [],
      "tosdr": {
        "binding": true,
        "case": "Your private content may be accessed by people working for the service",
        "point": "neutral",
        "score": 30,
        "tldr": "Generated through the annotate view"
      }
    },
    "5701": {
      "id": "5701",
      "needModeration": false,
      "quoteDoc": "Terms & Conditions",
      "quoteEnd": 6867,
      "quoteStart": 6521,
      "quoteText": "You recognize that third-party services that you access through Presearch may collect information beyond that which Presearch collects, and that any information you provide, directly or indirectly, to those parties is subject to the terms and conditions of those services, and which are outside the control or responsibility of Presearch.</p>\n<p>",
      "services": [
        "presearch"
      ],
      "title": "The service warns you of the potential consequences related to third-party access",
      "topics": [],
      "tosdr": {
        "binding": true,
        "case": "The service warns you of the potential consequences related to third-party access",
        "point": "good",
        "score": 30,
        "tldr": "Generated through the annotate view"
      }
    },
    "5702": {
      "id": "5702",
      "needModeration": false,
      "quoteDoc": "Terms & Conditions",
      "quoteEnd": 7336,
      "quoteStart": 7152,
      "quoteText": "<p>Presearch reserves the right at any time and from time to time to modify or discontinue, temporarily or permanently, Presearch services (or any part thereof) with or without notice.",
      "services": [
        "presearch"
      ],
      "title": "The service provider makes no warranty regarding uninterrupted, timely, secure or error-free service",
      "topics": [],
      "tosdr": {
        "binding": true,
        "case": "The service provider makes no warranty regarding uninterrupted, timely, secure or error-free service",
        "point": "bad",
        "score": 30,
        "tldr": "Generated through the annotate view"
      }
    },
    "5704": {
      "id": "5704",
      "needModeration": false,
      "quoteDoc": "Terms & Conditions",
      "quoteEnd": 8698,
      "quoteStart": 8359,
      "quoteText": "Presearch may have no control over such sites and resources and you acknowledge and agree that Presearch is not responsible for the availability of such external sites or resources, and does not endorse and is not responsible or liable for any Content, advertising, products, or other materials on or available from such sites or resources",
      "services": [
        "presearch"
      ],
      "title": "The service is not responsible for linked or (clearly) quoted content from third-party content providers",
      "topics": [],
      "tosdr": {
        "binding": true,
        "case": "The service is not responsible for linked or (clearly) quoted content from third-party content providers",
        "point": "neutral",
        "score": 50,
        "tldr": "Generated through the annotate view"
      }
    },
    "5705": {
      "id": "5705",
      "needModeration": false,
      "quoteDoc": "Terms & Conditions",
      "quoteEnd": 9616,
      "quoteStart": 9011,
      "quoteText": "<p>You agree to hold harmless and indemnify Presearch, and its subsidiaries, affiliates, directors, advisors, officers, agents, employees, advertisers, licensors, suppliers, or partners, (collectively \"Presearch and Partners\") from and against any third party claim arising from or in any way related to your use of Presearch services, violation of the Terms or any other actions connected with use of Presearch services, including any liability or expense arising from all claims, losses, damages (actual and consequential), suits, judgments, litigation costs and attorney fees, of every kind and nature.",
      "services": [
        "presearch"
      ],
      "title": "You agree to defend, indemnify, and hold the service harmless in case of a claim related to your use of the service",
      "topics": [],
      "tosdr": {
        "binding": true,
        "case": "You agree to defend, indemnify, and hold the service harmless in case of a claim related to your use of the service",
        "point": "bad",
        "score": 60,
        "tldr": "Generated through the annotate view"
      }
    },
    "5706": {
      "id": "5706",
      "needModeration": false,
      "quoteDoc": "Terms & Conditions",
      "quoteEnd": 10119,
      "quoteStart": 9647,
      "quoteText": "You expressly understand and agree that:</p>\n<p>Your use of Presearch services is at your sole risk.\nPresearch services are provided on an \"As is\" and \"As available\" basis.\nTo the maximum extent permitted by law, presearch and partners expressly disclaim all warranties and conditions of any kind, whether express or implied, including, but not limited to the implied warranties and conditions of merchantability, fitness for a particular purpose and non-infringement.</p>",
      "services": [
        "presearch"
      ],
      "title": "The service is provided 'as is' and to be used at the users' sole risk",
      "topics": [],
      "tosdr": {
        "binding": true,
        "case": "The service is provided 'as is' and to be used at the users' sole risk",
        "point": "bad",
        "score": 20,
        "tldr": "Generated through the annotate view"
      }
    },
    "5707": {
      "id": "5707",
      "needModeration": false,
      "quoteDoc": "Terms & Conditions",
      "quoteEnd": 10217,
      "quoteStart": 10166,
      "quoteText": "(i) Presearch services will meet your requirements,",
      "services": [
        "presearch"
      ],
      "title": "This services gives no guarantee regarding quality",
      "topics": [],
      "tosdr": {
        "binding": true,
        "case": "This services gives no guarantee regarding quality",
        "point": "bad",
        "score": 20,
        "tldr": "Generated through the annotate view"
      }
    },
    "5708": {
      "id": "5708",
      "needModeration": false,
      "quoteDoc": "Terms & Conditions",
      "quoteEnd": 10295,
      "quoteStart": 10218,
      "quoteText": "(ii) Presearch services will be uninterrupted, timely, secure, or error-free,",
      "services": [
        "presearch"
      ],
      "title": "The service provider makes no warranty regarding uninterrupted, timely, secure or error-free service",
      "topics": [],
      "tosdr": {
        "binding": true,
        "case": "The service provider makes no warranty regarding uninterrupted, timely, secure or error-free service",
        "point": "bad",
        "score": 30,
        "tldr": "Generated through the annotate view"
      }
    },
    "5709": {
      "id": "5709",
      "needModeration": false,
      "quoteDoc": "Terms & Conditions",
      "quoteEnd": 10399,
      "quoteStart": 10296,
      "quoteText": "(iii) the results that may be obtained from the use of Presearch services will be accurate or reliable,",
      "services": [
        "presearch"
      ],
      "title": "The service does not guarantee accuracy or reliability of the information provided",
      "topics": [],
      "tosdr": {
        "binding": true,
        "case": "The service does not guarantee accuracy or reliability of the information provided",
        "point": "bad",
        "score": 10,
        "tldr": "Generated through the annotate view"
      }
    },
    "5710": {
      "id": "5710",
      "needModeration": false,
      "quoteDoc": "Terms & Conditions",
      "quoteEnd": 10559,
      "quoteStart": 10400,
      "quoteText": "(iv) the quality of any products, services, information, or other material purchased or obtained by you through Presearch services will meet your expectations,",
      "services": [
        "presearch"
      ],
      "title": "This service does not guarantee that it or the products obtained through it meet the users' expectations or requirements",
      "topics": [],
      "tosdr": {
        "binding": true,
        "case": "This service does not guarantee that it or the products obtained through it meet the users' expectations or requirements",
        "point": "bad",
        "score": 0,
        "tldr": "Generated through the annotate view"
      }
    },
    "5712": {
      "id": "5712",
      "needModeration": false,
      "quoteDoc": "Terms & Conditions",
      "quoteEnd": 10908,
      "quoteStart": 10621,
      "quoteText": "Any material downloaded or otherwise obtained through the use of Presearch services is done at your own discretion and risk and that you will be solely responsible for any damage to your computer system or other device or loss of data that results from the download of any such material.",
      "services": [
        "presearch"
      ],
      "title": "Users are responsible for any risks, damages, or losses they may incur by downloading materials",
      "topics": [],
      "tosdr": {
        "binding": true,
        "case": "Users are responsible for any risks, damages, or losses they may incur by downloading materials",
        "point": "neutral",
        "score": 50,
        "tldr": "Generated through the annotate view"
      }
    },
    "5713": {
      "id": "5713",
      "quoteDoc": "Terms & Conditions",
      "quoteEnd": 11992,
      "quoteStart": 11128,
      "quoteText": "You expressly understand and agree that presearch and partners shall not be liable to you for any direct, indirect, incidental, special, consequential or exemplary damages, including but not limited to, damages for loss of profits, goodwill, use, data or other intangible losses (even if Presearch or partners have been advised of the possibility of such damages) resulting from: (i) the use or the inability to use Presearch services.\n(ii) the cost of procurement of substitute goods and services resulting from any goods, data, information or services purchased or obtained or messages received or transactions entered into through or from Presearch services.\n(iii) unauthorized access to or alteration of your transmissions or data.\n(iv) statements or conduct of any third party on presearch services.\nor (v) any other matter relating to Presearch services.</p>",
      "services": [
        "presearch"
      ],
      "title": "This service assumes no liability for any losses or damages resulting from any matter relating to the service",
      "topics": [],
      "tosdr": {
        "binding": true,
        "case": "This service assumes no liability for any losses or damages resulting from any matter relating to the service",
        "point": "bad",
        "score": 50,
        "tldr": "Generated through the annotate view"
      }
    }
  },
  "urls": [
    "presearch.io",
    "presearch.org"
  ]
}