{
  "alexa": 196248,
  "class": false,
  "links": {},
  "points": [
    "6193",
    "6208",
    "6379",
    "6380",
    "6381",
    "6382",
    "6383"
  ],
  "pointsData": {
    "6193": {
      "id": "6193",
      "needModeration": false,
      "quoteDoc": "Privacy Policy",
      "quoteEnd": 2466,
      "quoteStart": 2323,
      "quoteText": "privacytoolsIO respects your Do Not Track setting in your browser.\nUsers with Do Not Track enabled will not be tracked by any of our platforms.",
      "services": [
        "privacytoolsio"
      ],
      "title": "This service respects your browser's Do Not Track (DNT) headers",
      "topics": [],
      "tosdr": {
        "binding": true,
        "case": "This service respects your browser's Do Not Track (DNT) headers",
        "point": "good",
        "privacyRelated": true,
        "score": 30,
        "tldr": "Generated through the annotate view"
      }
    },
    "6208": {
      "id": "6208",
      "needModeration": false,
      "quoteDoc": "Privacy Policy",
      "quoteEnd": 5081,
      "quoteStart": 4969,
      "quoteText": "drawback that certain features of privacytoolsIO's websites may not function properly without the aid of cookies",
      "services": [
        "privacytoolsio"
      ],
      "title": "Blocking cookies may limit your ability to use the service",
      "topics": [],
      "tosdr": {
        "binding": true,
        "case": "Blocking cookies may limit your ability to use the service",
        "point": "bad",
        "score": 50,
        "tldr": "The Privacy Policy states that \"privacytoolsIO visitors who do not wish to have cookies placed on their computers should set their browsers to refuse cookies before using privacytoolsIO's websites, with the drawback that certain features of privacytoolsIO's websites may not function properly without the aid of cookies.\""
      }
    },
    "6379": {
      "id": "6379",
      "quoteDoc": "forum.privacytools.io Terms of Service",
      "quoteEnd": 8608,
      "quoteStart": 8511,
      "quoteText": "The company reserves the right to change, redact, and delete content on the forum for any reason.",
      "services": [
        "privacytoolsio"
      ],
      "title": "The service can change, redact, and delete specific content without prior notice and without a reason",
      "topics": [],
      "tosdr": {
        "binding": true,
        "case": "The service can delete specific content without prior notice and without a reason",
        "point": "blocker",
        "score": 50,
        "tldr": "On the privacytoolsIO forums, the service reserves the right to change, redact, and delete content on the forum for any reason. "
      }
    },
    "6380": {
      "id": "6380",
      "quoteDoc": "forum.privacytools.io Terms of Service",
      "quoteEnd": 5668,
      "quoteStart": 5497,
      "quoteText": "You may not automate access to the forum, or monitor the forum, such as with a web crawler, browser plug-in or add-on, or other computer program that is not a web browser.",
      "services": [
        "privacytoolsio"
      ],
      "title": "Spidering or crawling is not allowed",
      "topics": [],
      "tosdr": {
        "binding": true,
        "case": "Spidering or crawling is not allowed",
        "point": "neutral",
        "score": 10,
        "tldr": "Generated through the annotate view"
      }
    },
    "6381": {
      "id": "6381",
      "quoteDoc": "forum.privacytools.io Terms of Service",
      "quoteEnd": 13145,
      "quoteStart": 12968,
      "quoteText": "You accept all risk of using the forum and content on the forum.\nAs far as the law allows, the company and its suppliers provide the forum as is, without any warranty whatsoever",
      "services": [
        "privacytoolsio"
      ],
      "title": "The service is provided 'as is' and to be used at the users' sole risk",
      "topics": [],
      "tosdr": {
        "binding": true,
        "case": "The service is provided 'as is' and to be used at the users' sole risk",
        "point": "bad",
        "score": 20,
        "tldr": "Generated through the annotate view"
      }
    },
    "6382": {
      "id": "6382",
      "quoteDoc": "forum.privacytools.io Terms of Service",
      "quoteEnd": 14681,
      "quoteStart": 14355,
      "quoteText": "You agree that the company will be free to act on feedback and suggestions you provide, and that the company won’t have to notify you that your feedback was used, get your permission to use it, or pay you.\nYou agree not to submit feedback or suggestions that you believe might be confidential or proprietary, to you or others.",
      "services": [
        "privacytoolsio"
      ],
      "title": "If you offer suggestions to the service, they become the owner of the ideas that you give them",
      "topics": [],
      "tosdr": {
        "binding": true,
        "case": "If you offer suggestions to the service, they become the owner of the ideas that you give them",
        "point": "bad",
        "score": 50,
        "tldr": "Generated through the annotate view"
      }
    },
    "6383": {
      "id": "6383",
      "quoteDoc": "forum.privacytools.io Terms of Service",
      "quoteEnd": 16091,
      "quoteStart": 15902,
      "quoteText": "Other than to seek an injunction or for claims under the Computer Fraud and Abuse Act, you and the company will resolve any Dispute by binding American Arbitration Association arbitration.\n",
      "services": [
        "privacytoolsio"
      ],
      "title": "This service forces users into binding arbitration in the case of disputes",
      "topics": [],
      "tosdr": {
        "binding": true,
        "case": "This service forces users into binding arbitration in the case of disputes",
        "point": "bad",
        "score": 50,
        "tldr": "Generated through the annotate view"
      }
    }
  },
  "urls": [
    "privacytools.io"
  ]
}