{
  "alexa": 573223,
  "class": false,
  "links": {},
  "points": [
    "1528"
  ],
  "pointsData": {
    "1528": {
      "discussion": "https://groups.google.com/forum#!topic/tosdr/EFw-wcA838U",
      "id": "1528",
      "needModeration": false,
      "quoteDoc": "Privacy Policy",
      "quoteEnd": 2323,
      "quoteStart": 2036,
      "quoteText": "By voluntarily providing us with Personal Information, you are consenting to our use of it in accordance with this Privacy Policy and agreeing that it may be transferred to the offices and servers of Pure and the authorized third parties referred to herein, located in the United States.",
      "services": [
        "pure"
      ],
      "slug": "EFw-wcA838U",
      "title": "This service can share your personal information to third parties ",
      "topics": [],
      "tosdr": {
        "binding": true,
        "case": "This service can share your personal information to third parties ",
        "point": "bad",
        "score": 50,
        "tldr": "Pure Privacy Policy"
      }
    }
  },
  "urls": [
    "pure.dating"
  ]
}