{
  "alexa": 20297,
  "class": false,
  "links": {},
  "points": [
    "6043",
    "6044",
    "6045",
    "6047",
    "6048",
    "6049",
    "6050",
    "6051"
  ],
  "pointsData": {
    "6043": {
      "id": "6043",
      "quoteDoc": "Terms and Conditions",
      "quoteEnd": 3329,
      "quoteStart": 3184,
      "quoteText": "We may need to change the terms and conditions.\nIf so, we will post notice on our website for a reasonable period before the change takes effect.",
      "services": [
        "pythonanywhere"
      ],
      "title": "The service may change its terms at any time, but the user will receive notification of the changes.",
      "topics": [],
      "tosdr": {
        "binding": true,
        "case": "The service may change its terms at any time, but the user will receive notification of the changes.",
        "point": "neutral",
        "score": 0,
        "tldr": "Generated through the annotate view"
      }
    },
    "6044": {
      "id": "6044",
      "quoteDoc": "Terms and Conditions",
      "quoteEnd": 4049,
      "quoteStart": 3961,
      "quoteText": "We do not promise:</p> a) that the Services will be uninterrupted, secure or error-free.",
      "services": [
        "pythonanywhere"
      ],
      "title": "The service provider makes no warranty regarding uninterrupted, timely, secure or error-free service",
      "topics": [],
      "tosdr": {
        "binding": true,
        "case": "The service provider makes no warranty regarding uninterrupted, timely, secure or error-free service",
        "point": "bad",
        "score": 30,
        "tldr": "Generated through the annotate view"
      }
    },
    "6045": {
      "id": "6045",
      "quoteDoc": "Terms and Conditions",
      "quoteEnd": 4632,
      "quoteStart": 4562,
      "quoteText": "We may change or discontinue any part of the Services at any time.</p>",
      "services": [
        "pythonanywhere"
      ],
      "title": "They may stop providing the service at any time",
      "topics": [],
      "tosdr": {
        "binding": true,
        "case": "They may stop providing the service at any time",
        "point": "bad",
        "score": 40,
        "tldr": "Generated through the annotate view"
      }
    },
    "6047": {
      "id": "6047",
      "quoteDoc": "Terms and Conditions",
      "quoteEnd": 14772,
      "quoteStart": 14337,
      "quoteText": "\n<p>9.2 You acknowledge that you are responsible for all persons who use your password or other log-in details to access the Services, whether authorised or not, unless we are at fault.</p>\n<p>9.3 You are responsible for taking your own steps to maintain appropriate security of Your Content, which may include the use of encryption technology to protect Your Content from unauthorized access and routine archiving of Your Content.</p>",
      "services": [
        "pythonanywhere"
      ],
      "title": "You are responsible for maintaining the security of your account and for the activities on your account",
      "topics": [],
      "tosdr": {
        "binding": true,
        "case": "You are responsible for maintaining the security of your account and for the activities on your account",
        "point": "neutral",
        "score": 10,
        "tldr": "Generated through the annotate view"
      }
    },
    "6048": {
      "id": "6048",
      "quoteDoc": "Terms and Conditions",
      "quoteEnd": 16198,
      "quoteStart": 15923,
      "quoteText": "As between you and us, you or your licensors own all right, title, and interest in and to Your Content.\nExcept as provided in this clause, we obtain no rights under this agreement from you or your licensors to Your Content, including any related intellectual property rights.",
      "services": [
        "pythonanywhere"
      ],
      "title": "You maintain ownership of your data",
      "topics": [],
      "tosdr": {
        "binding": true,
        "case": "You maintain ownership of your data",
        "point": "good",
        "score": 50,
        "tldr": "Generated through the annotate view"
      }
    },
    "6049": {
      "id": "6049",
      "quoteDoc": "Terms and Conditions",
      "quoteEnd": 17424,
      "quoteStart": 17126,
      "quoteText": "Our website may link to third party websites which may be of interest to you.\nWe do not recommend or endorse those sites or the products or services which they offer nor are we legally responsible for them as they are outside our reasonable control.\nYou use such third party sites at your own risk.",
      "services": [
        "pythonanywhere"
      ],
      "title": "This service assumes no responsibility and liability for the contents of links to other websites",
      "topics": [],
      "tosdr": {
        "binding": true,
        "case": "This service assumes no responsibility and liability for the contents of links to other websites",
        "point": "neutral",
        "score": 50,
        "tldr": "Generated through the annotate view"
      }
    },
    "6050": {
      "id": "6050",
      "quoteDoc": "Terms and Conditions",
      "quoteEnd": 27615,
      "quoteStart": 27495,
      "quoteText": "This agreement is governed by English law and and any disputes will be decided only by the courts of the United Kingdom.",
      "services": [
        "pythonanywhere"
      ],
      "title": "The court of law governing the terms is in the UK",
      "topics": [],
      "tosdr": {
        "binding": true,
        "case": "The court of law governing the terms is in location X",
        "point": "neutral",
        "score": 0,
        "tldr": "Generated through the annotate view"
      }
    },
    "6051": {
      "id": "6051",
      "quoteDoc": "Privacy and Cookies Policy",
      "quoteEnd": 2310,
      "quoteStart": 1168,
      "quoteText": "4.\n<strong>What do we collect?</strong>\n</p>\n<p>4.1 Information which you upload to our service or otherwise give us such as your name, username, email address and other contact details as well as any personal information which you include in public activities on our service, e.g.\nforum posts.</p>\n<p>4.2 Your billing address as well as the last four digits and expiry date of your credit card, which may be sent to us by our payment providers.</p>\n<p>4.3 Automated information such as the internet protocol (IP) address used to connect your device to the internet, connection information such as browser type and version, information about your device including device-type and device identifier, operating system and platform, mobile network data, a unique reference number linked to the data you enter on our system, login details, the site from which you arrived at our service, details of your activity with date / time stamps including pages you visited and your searches / transactions.</p>\n<p>4.4 Personal information of your customers or others which you choose to store on our servers in connection with our supply of services.</p>",
      "services": [
        "pythonanywhere"
      ],
      "title": "The service provides details about what kinds of personal information they collect",
      "topics": [],
      "tosdr": {
        "binding": true,
        "case": "The service provides details about what kinds of personal information they collect",
        "point": "good",
        "score": 30,
        "tldr": "Generated through the annotate view"
      }
    }
  },
  "urls": [
    "pythonanywhere.com"
  ]
}