{
  "alexa": 306927,
  "class": false,
  "links": {
    "EULA": {
      "name": "EULA",
      "url": "http://www.quakelive.com/legals/eula"
    },
    "Legal Notices": {
      "name": "Legal Notices",
      "url": "http://www.quakelive.com/legals/notices"
    },
    "Privacy Policy": {
      "name": "Privacy Policy",
      "url": "http://www.quakelive.com/legals/privacy_policy"
    },
    "Terms of Use": {
      "name": "Terms of Use",
      "url": "http://www.quakelive.com/legals/terms_of_use"
    }
  },
  "points": [
    "5995"
  ],
  "pointsData": {
    "5995": {
      "id": "5995",
      "quoteDoc": "Privacy Policy",
      "quoteEnd": 14332,
      "quoteStart": 14058,
      "quoteText": "Id Software’s Website and its products are not intended to be used by children.\nId Software does not knowingly solicit Personal Information from persons under the age of 13.\nIf you are under 13 years of age, you should not access, or attempt to obtain access to, QUAKE LIVE.",
      "services": [
        "quake"
      ],
      "title": "This service is only available to users of a certain age",
      "topics": [],
      "tosdr": {
        "binding": true,
        "case": "This service is only available to users of a certain age",
        "point": "neutral",
        "score": 15,
        "tldr": "Generated through the annotate view"
      }
    }
  },
  "urls": [
    "quakelive.com"
  ]
}