{
  "alexa": 141,
  "class": false,
  "links": {
    "Privacy Policy": {
      "name": "Privacy Policy",
      "url": "https://www.quora.com/about/privacy"
    },
    "Terms of Service": {
      "name": "Terms of Service",
      "url": "https://www.quora.com/about/tos"
    }
  },
  "points": [
    "1704",
    "6439",
    "6440",
    "6443",
    "6444",
    "6445",
    "6446",
    "6447"
  ],
  "pointsData": {
    "1704": {
      "id": "1704",
      "services": [
        "quora"
      ],
      "slug": "1516402800004",
      "title": "Quora collects all data you input and data of your device",
      "topics": [],
      "tosdr": {
        "binding": true,
        "case": "Device fingerprinting",
        "point": "bad",
        "privacyRelated": true,
        "score": "50",
        "tldr": "From Quora's terms: \"store information that your computer or mobile device provides to us in connection with your use of the Quora Platform such as your browser type, type of computer or mobile device, browser language, IP address, mobile carrier, unique device identifier, location, and requested and referring URLs.\" "
      }
    },
    "6439": {
      "id": "6439",
      "needModeration": false,
      "quoteDoc": "Terms of Service",
      "quoteEnd": 2327,
      "quoteStart": 2250,
      "quoteText": "Quora Terms of Service</b>\n</p>\n<p>\n<i>Last</i>\n<i>Updated: December 18, 2017",
      "services": [
        "quora"
      ],
      "title": "There is a date of the last update of the terms",
      "topics": [],
      "tosdr": {
        "binding": true,
        "case": "There is a date of the last update of the terms",
        "point": "neutral",
        "score": 50,
        "tldr": "Generated through the annotate view"
      }
    },
    "6440": {
      "id": "6440",
      "needModeration": false,
      "quoteDoc": "Terms of Service",
      "quoteEnd": 3350,
      "quoteStart": 3278,
      "quoteText": "Use of the Quora Platform by anyone under 13 years of age is prohibited.",
      "services": [
        "quora"
      ],
      "title": "This service is only available to users of a certain age",
      "topics": [],
      "tosdr": {
        "binding": true,
        "case": "This service is only available to users of a certain age",
        "point": "neutral",
        "score": 15,
        "tldr": "Generated through the annotate view"
      }
    },
    "6443": {
      "id": "6443",
      "needModeration": false,
      "quoteDoc": "Terms of Service",
      "quoteEnd": 22237,
      "quoteStart": 21629,
      "quoteText": "YOU AGREE THAT TO THE MAXIMUM EXTENT PERMITTED BY LAW, QUORA ENTITIES WILL NOT BE LIABLE TO YOU UNDER ANY THEORY OF LIABILITY.\nWITHOUT LIMITING THE FOREGOING, YOU AGREE THAT, TO THE MAXIMUM EXTENT PERMITTED BY LAW, QUORA ENTITIES SPECIFICALLY WILL NOT BE LIABLE FOR ANY INDIRECT, INCIDENTAL, CONSEQUENTIAL, SPECIAL, OR EXEMPLARY DAMAGES, LOSS OF PROFITS, BUSINESS INTERRUPTION, REPUTATIONAL HARM, OR LOSS OF DATA (EVEN IF WE HAVE BEEN ADVISED OF THE POSSIBILITY OF SUCH DAMAGES OR SUCH DAMAGES ARE FORESEEABLE) ARISING OUT OF OR IN ANY WAY CONNECTED WITH YOUR USE OF, OR INABILITY TO USE, THE QUORA PLATFORM.",
      "services": [
        "quora"
      ],
      "title": "Users are responsible for any risks, damages, or losses they may incur by downloading materials",
      "topics": [],
      "tosdr": {
        "binding": true,
        "case": "Users are responsible for any risks, damages, or losses they may incur by downloading materials",
        "point": "neutral",
        "score": 50,
        "tldr": "Generated through the annotate view"
      }
    },
    "6444": {
      "id": "6444",
      "needModeration": false,
      "quoteDoc": "Privacy Policy",
      "quoteEnd": 12632,
      "quoteStart": 12485,
      "quoteText": "Do-Not-Track Signals.</b> Please note we do not change system behavior within the Quora Platform in response to browser requests not to be tracked.",
      "services": [
        "quora"
      ],
      "title": "This service ignores the Do Not Track (DNT) header and tracks users anyway even if they set this header.",
      "topics": [],
      "tosdr": {
        "binding": true,
        "case": "This service ignores the Do Not Track (DNT) header and tracks users anyway even if they set this header.",
        "point": "bad",
        "score": 60,
        "tldr": "Generated through the annotate view"
      }
    },
    "6445": {
      "id": "6445",
      "needModeration": false,
      "quoteDoc": "Terms of Service",
      "quoteEnd": 1334,
      "quoteStart": 1256,
      "quoteText": "Our content and materials are provided to you “as is,” without any guarantees.",
      "services": [
        "quora"
      ],
      "title": "The service is provided 'as is' and to be used at the users' sole risk",
      "topics": [],
      "tosdr": {
        "binding": true,
        "case": "The service is provided 'as is' and to be used at the users' sole risk",
        "point": "bad",
        "score": 20,
        "tldr": "Generated through the annotate view"
      }
    },
    "6446": {
      "id": "6446",
      "needModeration": false,
      "quoteDoc": "Terms of Service",
      "quoteEnd": 13993,
      "quoteStart": 13850,
      "quoteText": "We make no warranties or representations about the accuracy, completeness, or timeliness of any content posted on the Quora Platform by anyone.",
      "services": [
        "quora"
      ],
      "title": "The service does not guarantee accuracy or reliability of the information provided",
      "topics": [],
      "tosdr": {
        "binding": true,
        "case": "The service does not guarantee accuracy or reliability of the information provided",
        "point": "bad",
        "score": 10,
        "tldr": "Generated through the annotate view"
      }
    },
    "6447": {
      "id": "6447",
      "needModeration": false,
      "quoteDoc": "Privacy Policy",
      "quoteEnd": 21757,
      "quoteStart": 21221,
      "quoteText": "</b>\n</p>\n<p>Quora is headquartered in the United States, and has operations, entities and service providers in the United States and throughout the world.\nAs such, we and our service providers may transfer your personal information to, or access it in, jurisdictions (including the United States) that may not provide equivalent levels of data protection as your home jurisdiction.\nWe will take steps to ensure that your personal information receives an adequate level of protection in the jurisdictions in which we process it.</p>\n<p>",
      "services": [
        "quora"
      ],
      "title": "Your data may be processed and stored anywhere in the world",
      "topics": [],
      "tosdr": {
        "binding": true,
        "case": "Your data may be processed and stored anywhere in the world",
        "point": "bad",
        "score": 25,
        "tldr": "Generated through the annotate view"
      }
    }
  },
  "urls": [
    "quora.com"
  ]
}