{
  "alexa": 2561,
  "class": false,
  "links": {},
  "points": [
    "6016",
    "6017"
  ],
  "pointsData": {
    "6016": {
      "id": "6016",
      "quoteDoc": "Terms of Service & User License",
      "quoteEnd": 29892,
      "quoteStart": 29732,
      "quoteText": "we also reserve the right to terminate, limit or suspend your access to or use of the Site and/or Company Services at any time and for any reason or no reason.\n",
      "services": [
        "rabbit"
      ],
      "title": "The service can delete your account without prior notice and without a reason",
      "topics": [],
      "tosdr": {
        "binding": true,
        "case": "The service can delete your account without prior notice and without a reason",
        "point": "bad",
        "score": 60,
        "tldr": "Generated through the annotate view"
      }
    },
    "6017": {
      "id": "6017",
      "quoteDoc": "Terms of Service & User License",
      "quoteEnd": 19167,
      "quoteStart": 18942,
      "quoteText": "Company reserves the right to remove, delete, block, edit or modify any User Content or suspend or stop the Sharing of User Content at any time, without prior notice and at in its sole discretion for any reason or no reason.\n",
      "services": [
        "rabbit"
      ],
      "title": "The service can delete specific content without prior notice and without a reason",
      "topics": [],
      "tosdr": {
        "binding": true,
        "case": "The service can delete specific content without prior notice and without a reason",
        "point": "blocker",
        "score": 50,
        "tldr": "Generated through the annotate view"
      }
    }
  },
  "urls": [
    "rabb.it"
  ]
}