{
  "alexa": 146130,
  "class": false,
  "links": {},
  "points": [
    "6874"
  ],
  "pointsData": {
    "6874": {
      "id": "6874",
      "quoteDoc": "Privacy Policy",
      "quoteEnd": 4030,
      "quoteStart": 3866,
      "quoteText": "We also collect or receive information when you use our online Services.\nWe may collect some of this information using cookies, web beacons, and other technologies.",
      "services": [
        "rainforestalliance"
      ],
      "title": "The service may use tracking pixels, web beacons, browser fingerprinting, and/or device fingerprinting on users.",
      "topics": [],
      "tosdr": {
        "binding": true,
        "case": "The service may use tracking pixels, web beacons, browser fingerprinting, and/or device fingerprinting on users.",
        "point": "bad",
        "privacyRelated": true,
        "score": 50,
        "tldr": "Generated through the annotate view"
      }
    }
  },
  "urls": [
    "rainforest-alliance.org"
  ]
}