{
  "alexa": 6,
  "class": false,
  "links": {
    "Privacy Policy": {
      "name": "Privacy Policy",
      "url": "http://www.reddit.com/help/privacypolicy"
    },
    "Terms of Service": {
      "name": "Terms of Service",
      "url": "http://www.reddit.com/help/useragreement"
    }
  },
  "points": [
    "1055",
    "1121",
    "1337",
    "4915",
    "5613",
    "5615",
    "702",
    "735",
    "957",
    "973"
  ],
  "pointsData": {
    "702": {
      "discussion": "https://groups.google.com/forum/#!topic/tosdr/zWSfwdg1ggw",
      "id": "702",
      "needModeration": false,
      "quoteDoc": "Terms of Service",
      "quoteEnd": 17376,
      "quoteStart": 17224,
      "quoteText": "We agree and you agree to submit to the personal jurisdiction and venue of the state and federal court located in San Francisco County, California.</em>",
      "services": [
        "reddit"
      ],
      "set": "set+service+and+topic",
      "slug": "zWSfwdg1ggw",
      "title": "Reddit choice of law: San Francisco",
      "topics": [
        "jurisdiction-law"
      ],
      "tosdr": {
        "binding": true,
        "case": "The court of law governing the terms is in location X",
        "point": "neutral",
        "score": 0,
        "tldr": ""
      }
    },
    "735": {
      "discussion": "https://groups.google.com/forum/#!topic/tosdr/Xu7eaEIh7h0",
      "id": "735",
      "needModeration": false,
      "quoteDoc": "Privacy Policy",
      "quoteEnd": 11257,
      "quoteStart": 10968,
      "quoteText": "We may share information with vendors, consultants, and other service providers (but not with advertisers and ad partners) who need access to such information to carry out work for us.\nThe partner’s use of personal data will be subject to appropriate confidentiality and security measures.",
      "services": [
        "reddit"
      ],
      "set": "set+service+and+topic",
      "slug": "Xu7eaEIh7h0",
      "title": "Third parties may be involved in operating the service",
      "topics": [
        "third"
      ],
      "tosdr": {
        "binding": true,
        "case": "Third parties may be involved in operating the service",
        "point": "bad",
        "score": 15,
        "tldr": "Reddit shares data with third parties"
      }
    },
    "957": {
      "discussion": "https://groups.google.com/forum/#!topic/tosdr/9lkXWqRvoYs",
      "id": "957",
      "needModeration": false,
      "quoteDoc": "Terms of Service",
      "quoteEnd": 5616,
      "quoteStart": 5273,
      "quoteText": "By submitting user content to reddit, you grant us a royalty-free, perpetual, irrevocable, non-exclusive, unrestricted, worldwide license to reproduce, prepare derivative works, distribute copies, perform, or publicly display your user content in any medium and for any purpose, including commercial purposes, and to authorize others to do so.",
      "services": [
        "reddit"
      ],
      "set": "set+service+and+topic",
      "slug": "9lkXWqRvoYs",
      "title": "Reddit holds unlimited copyright license on your content",
      "topics": [
        "copyright-scope"
      ],
      "tosdr": {
        "binding": true,
        "case": "The copyright license maintained by the service over user data and/or content is broader than necessary.",
        "point": "bad",
        "score": 50,
        "tldr": "see excerpt"
      }
    },
    "973": {
      "discussion": "https://groups.google.com/forum/#!topic/tosdr/dMLwxJOh-DM",
      "id": "973",
      "needModeration": false,
      "quoteDoc": "Privacy Policy",
      "quoteEnd": 5643,
      "quoteStart": 5224,
      "quoteText": "We may receive information about you from other sources, including from other users and third parties, and combine that information with the other information we have about you.\nFor example, we may receive demographic or interest information about you from third parties, including advertisers, and combine it with our own data using a common account identifier such as a hash of an email address or a mobile-device ID.",
      "services": [
        "reddit"
      ],
      "set": "set+service+and+topic",
      "slug": "dMLwxJOh-DM",
      "title": "This service gathers information about you through third parties",
      "topics": [
        "cookies"
      ],
      "tosdr": {
        "binding": true,
        "case": "This service gathers information about you through third parties",
        "point": "bad",
        "privacyRelated": true,
        "score": 50,
        "tldr": "See excerpt"
      }
    },
    "1055": {
      "discussion": "https://groups.google.com/forum/#!topic/tosdr/d6OqjfmgCWA",
      "id": "1055",
      "needModeration": false,
      "quoteDoc": "Terms of Service",
      "quoteEnd": 14840,
      "quoteStart": 14084,
      "quoteText": "All the things you do and all the information you submit or post to reddit remain your responsibility.\nIndemnity is basically a way of saying that you will not hold us legally liable for any of your user content or actions that infringe the law or the rights of a third party or person in any way.</p>\n<p>43 <em>Specifically, you agree to hold reddit, its affiliates, officers, directors, employees, agents, and third party service providers harmless from and defend them against any claims, costs, damages, losses, expenses, and any other liabilities, including attorneys’ fees and costs, arising out of or related to your access to or use of reddit, your violation of this user agreement, and/or your violation of the rights of any third party or person.",
      "services": [
        "reddit"
      ],
      "set": "set+service+and+topic",
      "slug": "d6OqjfmgCWA",
      "title": "You agree to defend, indemnify, and hold the service harmless in case of a claim related to your use of the service",
      "topics": [
        "governance"
      ],
      "tosdr": {
        "binding": true,
        "case": "You agree to defend, indemnify, and hold the service harmless in case of a claim related to your use of the service",
        "point": "bad",
        "score": 60,
        "tldr": "You indemnify Reddit from any claim related to your content"
      }
    },
    "1121": {
      "id": "1121",
      "needModeration": false,
      "quoteDoc": "Privacy Policy",
      "quoteEnd": 13444,
      "quoteStart": 13021,
      "quoteText": "We may partner with third-party advertisers, ad networks, and analytics providers to deliver advertising and content targeted to your interests and to better understand your use of the Services.\nThese third parties may collect information sent by your computer, browser, or mobile device in response to a request for content, such as unique identifiers, your IP address, or other information about your computer or device.\n",
      "services": [
        "reddit"
      ],
      "slug": "1121",
      "title": "The service uses your personal data for advertising",
      "topics": [],
      "tosdr": {
        "binding": true,
        "case": "The service uses your personal data for advertising",
        "point": "bad",
        "privacyRelated": true,
        "score": 30,
        "tldr": "The terms are vague and broad: “We may partner with third-party advertisers, ad networks, and analytics providers to deliver advertising and content targeted to your interests and to better understand your use of the Services. These third parties may collect information sent by your computer, browser, or mobile device in response to a request for content, such as unique identifiers, your IP address, or other information about your computer or device.” "
      }
    },
    "1337": {
      "approved": false,
      "id": "1337",
      "needModeration": false,
      "quoteDoc": "Terms of Service",
      "quoteEnd": 1503,
      "quoteStart": 1228,
      "quoteText": "Without advance notice and at any time, we may, for violations of this agreement or for any other reason we choose: (1) suspend your access to reddit, (2) suspend or terminate Your Account or reddit gold membership, and/or (3) remove any of your User Content from reddit.</p>",
      "services": [
        "reddit"
      ],
      "slug": "pbbEhEFb3yYa5sDDY",
      "submittedBy": "4BiJQDpGWdYzt3rEE",
      "title": "The service can delete your account without prior notice and without a reason",
      "topics": [
        "user-info"
      ],
      "tosdr": {
        "binding": true,
        "case": "The service can delete your account without prior notice and without a reason",
        "point": "bad",
        "score": 60,
        "sources": [
          "https://www.reddit.com/help/useragreement"
        ],
        "tldr": ""
      }
    },
    "4915": {
      "id": "4915",
      "needModeration": false,
      "quoteDoc": "Privacy Policy",
      "quoteEnd": 4131,
      "quoteStart": 3651,
      "quoteText": "We may log information when you access and use the Services.\nThis may include your IP address, user-agent string, browser type, operating system, referral URLs, device information (e.g., device IDs), pages visited, links clicked, the requested URL, hardware settings, and search terms.\nExcept for the IP address used to create your account, Reddit will delete any IP addresses collected after 100 days.</p>\n<p>\n<em>Information collected from cookies and similar technologies.</em>",
      "services": [
        "reddit"
      ],
      "title": "The service may use tracking pixels, web beacons, browser fingerprinting, and/or device fingerprinting on users.",
      "topics": [],
      "tosdr": {
        "binding": true,
        "case": "The service may use tracking pixels, web beacons, browser fingerprinting, and/or device fingerprinting on users.",
        "point": "bad",
        "privacyRelated": true,
        "score": 50,
        "tldr": "We may log information when you access and use the Services. This may include your IP address, user-agent string, browser type, operating system, referral URLs, device information (e.g., device IDs), pages visited, links clicked, the requested URL, hardware settings, and search terms."
      }
    },
    "5613": {
      "id": "5613",
      "quoteDoc": "Privacy Policy",
      "quoteEnd": 11756,
      "quoteStart": 11609,
      "quoteText": "To the extent the law allows it, we will attempt to provide you with prior notice before disclosing your information in response to such a request.",
      "services": [
        "reddit"
      ],
      "title": "The service promises to inform and/or notify users regarding government inquiries that may involve users' personal data",
      "topics": [],
      "tosdr": {
        "binding": true,
        "case": "The service promises to inform and/or notify users regarding government inquiries that may involve users' personal data",
        "point": "good",
        "score": 50,
        "tldr": "Generated through the annotate view"
      }
    },
    "5615": {
      "id": "5615",
      "quoteDoc": "Privacy Policy",
      "quoteEnd": 16949,
      "quoteStart": 16655,
      "quoteText": "Most modern web browsers give you the option to send a Do Not Track signal to the websites you visit, indicating that you do not wish to be tracked.\nHowever, there is no accepted standard for how a website should respond to this signal, and we do not take any action in response to this signal.",
      "services": [
        "reddit"
      ],
      "title": "This service ignores the Do Not Track (DNT) header and tracks users anyway even if they set this header.",
      "topics": [],
      "tosdr": {
        "binding": true,
        "case": "This service ignores the Do Not Track (DNT) header and tracks users anyway even if they set this header.",
        "point": "bad",
        "score": 60,
        "tldr": "Generated through the annotate view"
      }
    }
  },
  "urls": [
    "reddit.com"
  ]
}