{
  "alexa": 1000000,
  "class": false,
  "links": {},
  "points": [
    "6180",
    "6184",
    "6185"
  ],
  "pointsData": {
    "6180": {
      "id": "6180",
      "quoteDoc": "Terms of  Service",
      "quoteEnd": 3231,
      "quoteStart": 3066,
      "quoteText": "The exclusive place of jurisdiction for legal disputes arising from or in connection with this contract shall be the competent court in Vienna-Innere Stadt, Austria.",
      "services": [
        "remove-bg"
      ],
      "title": "The court of law governing the terms is in Vienna-Innere Stadt, Austria. ",
      "topics": [],
      "tosdr": {
        "binding": true,
        "case": "The court of law governing the terms is in location X",
        "point": "neutral",
        "score": 0,
        "tldr": "Generated through the annotate view"
      }
    },
    "6184": {
      "id": "6184",
      "quoteDoc": "Privacy Policy",
      "quoteEnd": 7154,
      "quoteStart": 6959,
      "quoteText": "\nYou may refuse the use of cookies by selecting the appropriate settings on your browser, however please note that if you do this you may not be able to use the full functionality of the website.",
      "services": [
        "remove-bg"
      ],
      "title": "Blocking cookies may limit your ability to use the service",
      "topics": [],
      "tosdr": {
        "binding": true,
        "case": "Blocking cookies may limit your ability to use the service",
        "point": "bad",
        "score": 50,
        "tldr": "Generated through the annotate view"
      }
    },
    "6185": {
      "id": "6185",
      "quoteDoc": "Privacy Policy",
      "quoteEnd": 5937,
      "quoteStart": 5784,
      "quoteText": "We process data about your use of our website via the providers listed below in order to be able to adapt it to your interests in the best possible way.\n",
      "services": [
        "remove-bg"
      ],
      "title": "This service uses third-party cookies for statistics",
      "topics": [],
      "tosdr": {
        "binding": true,
        "case": "This service uses third-party cookies for statistics",
        "point": "bad",
        "privacyRelated": true,
        "score": 10,
        "tldr": "Generated through the annotate view"
      }
    }
  },
  "urls": [
    "remove.bg"
  ]
}