{
  "alexa": 95524,
  "class": false,
  "links": {
    "Privacy Policy": {
      "name": "Privacy Policy",
      "url": "http://www.reputation.com/privacy-policy"
    },
    "Terms of Use": {
      "name": "Terms of Use",
      "url": "http://www.reputation.com/user-agreement"
    }
  },
  "points": [
    "1516"
  ],
  "pointsData": {
    "1516": {
      "discussion": "https://groups.google.com/d/topic/tosdr/x1GmEQeKV-c/discussion",
      "id": "1516",
      "needModeration": false,
      "quoteDoc": "Privacy Policy",
      "quoteEnd": 6405,
      "quoteStart": 6188,
      "quoteText": "If you wish to cancel your account, or request that we no longer use your information to provide you with our services, or request that we no longer maintain your information, please contact us at info@reputation.com.",
      "services": [
        "reputation.com"
      ],
      "set": "set+service+and+topic",
      "slug": "x1GmEQeKV-c",
      "title": "You can delete your content from this service",
      "topics": [
        "governance"
      ],
      "tosdr": {
        "binding": true,
        "case": "You can delete your content from this service",
        "point": "good",
        "score": 50,
        "tldr": "Reputation.com service cannot be canceled online, but via email with a guaranteed response time."
      }
    }
  },
  "urls": [
    "reputation.com"
  ]
}