{
  "alexa": 46101,
  "class": false,
  "links": {},
  "points": [
    "1241"
  ],
  "pointsData": {
    "1241": {
      "id": "1241",
      "quoteDoc": "Terms of Service",
      "quoteEnd": 3144,
      "quoteStart": 2209,
      "quoteText": "Refraining from certain activities\n<p>You may not engage in the following activities through the services provided by riseup.net:</p>\n<ul>\n<li>Harassing and abusing others by engaging in threats, stalking, or sending spam.</li>\n<li>Misuse of services by distributing viruses or malware, engaging in a denial of service attack, or attempting to gain unauthorized access to any computer system, including this one.</li>\n<li>Contributing to the abuse of others by distributing material where the production process created violence or sexual assault against persons.</li>\n</ul>\nAccount Termination\n<p>riseup.net may terminate your service at any time for any reason.\nTypically, however, accounts are destroyed because of one of the following conditions:</p>\n<ul>\n<li>The account has been found to be sending Spam (excessive amounts of unsolicited email).</li>\n<li>The account has engaged one or more of the banned activities listed above.",
      "services": [
        "riseup-net"
      ],
      "slug": "1241",
      "title": "The service can delete your account without prior notice and without a reason",
      "topics": [],
      "tosdr": {
        "binding": true,
        "case": "The service can delete your account without prior notice and without a reason",
        "point": "bad",
        "score": 60,
        "tldr": "The service enforces censorship that is defined in a broad and open to interpretation manner."
      }
    }
  },
  "urls": [
    "riseup.net"
  ]
}