{
  "alexa": 117,
  "class": false,
  "links": {},
  "points": [
    "4265",
    "4266",
    "6019",
    "6020",
    "6021",
    "6022",
    "6023",
    "6024",
    "6026",
    "6028",
    "6029",
    "6030",
    "6031",
    "6032",
    "6033",
    "6034",
    "6035",
    "6038",
    "6039",
    "6040",
    "6041"
  ],
  "pointsData": {
    "4265": {
      "id": "4265",
      "quoteDoc": "Terms of Use",
      "quoteEnd": 10917,
      "quoteStart": 10813,
      "quoteText": "we may, in our sole discretion, (a) suspend or terminate your Account and/or your access to the Service,",
      "services": [
        "roblox"
      ],
      "title": "The service can delete your account without prior notice and without a reason ",
      "topics": [],
      "tosdr": {
        "binding": true,
        "case": "The service can delete your account without prior notice and without a reason",
        "point": "bad",
        "score": 60,
        "tldr": "At any time, your account can be terminated without explanation and without warning by the service."
      }
    },
    "4266": {
      "id": "4266",
      "needModeration": false,
      "quoteDoc": "Terms of Use",
      "quoteEnd": 8512,
      "quoteStart": 8269,
      "quoteText": "We reserve the right to modify or discontinue the Service at any time (including by limiting or discontinuing certain features of the Service) without notice to you.\nWe will have no liability whatsoever on account of any change to the Service.",
      "services": [
        "roblox"
      ],
      "title": "they may stop providing the service at any time",
      "topics": [],
      "tosdr": {
        "binding": true,
        "case": "They may stop providing the service at any time",
        "point": "bad",
        "score": 40,
        "tldr": "they may stop providing the service at any time"
      }
    },
    "6019": {
      "id": "6019",
      "quoteDoc": "Terms of Use",
      "quoteEnd": 1299,
      "quoteStart": 1182,
      "quoteText": "you and we are agreeing to <em>arbitrate any dispute between us, and you are giving up your right to go to court</em>",
      "services": [
        "roblox"
      ],
      "title": "This service forces users into binding arbitration in the case of disputes",
      "topics": [],
      "tosdr": {
        "binding": true,
        "case": "This service forces users into binding arbitration in the case of disputes",
        "point": "bad",
        "score": 50,
        "tldr": "Generated through the annotate view"
      }
    },
    "6020": {
      "id": "6020",
      "quoteDoc": "Terms of Use",
      "quoteEnd": 1838,
      "quoteStart": 1716,
      "quoteText": "non-exclusive license to use, online and offline, whatever you create or in the past have created while using the Service.",
      "services": [
        "roblox"
      ],
      "title": "This service can use your content for all their existing and future services",
      "topics": [],
      "tosdr": {
        "binding": true,
        "case": "This service can use your content for all their existing and future services",
        "point": "bad",
        "score": 50,
        "tldr": "Generated through the annotate view"
      }
    },
    "6021": {
      "id": "6021",
      "quoteDoc": "Terms of Use",
      "quoteEnd": 3058,
      "quoteStart": 2975,
      "quoteText": "We reserve the right to update or modify the Terms at any time without prior notice",
      "services": [
        "roblox"
      ],
      "title": " Terms may be changed any time at their discretion, without notice to the user ",
      "topics": [],
      "tosdr": {
        "binding": true,
        "case": " Terms may be changed any time at their discretion, without notice to the user ",
        "point": "bad",
        "score": 70,
        "tldr": "Generated through the annotate view"
      }
    },
    "6022": {
      "id": "6022",
      "quoteDoc": "Terms of Use",
      "quoteEnd": 3505,
      "quoteStart": 3455,
      "quoteText": "These Terms will identify the date of last update.",
      "services": [
        "roblox"
      ],
      "title": "There is a date of the last update of the terms",
      "topics": [],
      "tosdr": {
        "binding": true,
        "case": "There is a date of the last update of the terms",
        "point": "neutral",
        "score": 50,
        "tldr": "Generated through the annotate view"
      }
    },
    "6023": {
      "id": "6023",
      "quoteDoc": "Terms of Use",
      "quoteEnd": 13219,
      "quoteStart": 13152,
      "quoteText": "All payments for Robux are final and not refundable or exchangeable",
      "services": [
        "roblox"
      ],
      "title": "The service has a no refund policy",
      "topics": [],
      "tosdr": {
        "binding": true,
        "case": "The service has a no refund policy",
        "point": "neutral",
        "score": 50,
        "tldr": "Generated through the annotate view"
      }
    },
    "6024": {
      "id": "6024",
      "quoteDoc": "Terms of Use",
      "quoteEnd": 15033,
      "quoteStart": 14924,
      "quoteText": "We make no guarantee as to the nature, quality, or value of Robux or the availability or supply thereof.</li>",
      "services": [
        "roblox"
      ],
      "title": "This services gives no guarantee regarding quality",
      "topics": [],
      "tosdr": {
        "binding": true,
        "case": "This services gives no guarantee regarding quality",
        "point": "bad",
        "score": 20,
        "tldr": "Generated through the annotate view"
      }
    },
    "6026": {
      "id": "6026",
      "quoteDoc": "Terms of Use",
      "quoteEnd": 18780,
      "quoteStart": 18401,
      "quoteText": "No Refunds</u>. As discussed elsewhere in these Terms, there may be situations where games, avatar items, or other content may be removed from the Service (due to violations of these Terms or for other reasons).\nWe will have no liability for any losses you may incur as a result, and will not be liable to refund any Robux or other funds you spent in or for that game or content.",
      "services": [
        "roblox"
      ],
      "title": "The service has a no refund policy",
      "topics": [],
      "tosdr": {
        "binding": true,
        "case": "The service has a no refund policy",
        "point": "neutral",
        "score": 50,
        "tldr": "Generated through the annotate view"
      }
    },
    "6028": {
      "id": "6028",
      "needModeration": false,
      "quoteDoc": "Terms of Use",
      "quoteEnd": 48272,
      "quoteStart": 48043,
      "quoteText": "HE AFFILIATED PARTIES DO NOT WARRANT THAT the Service OR ANY PORTION OF the Service, OR ANY MATERIALS OR CONTENT OFFERED THROUGH the Service, WILL BE UNINTERRUPTED, SECURE, OR FREE OF ERRORS, VIRUSES, OR OTHER HARMFUL COMPONENTS,",
      "services": [
        "roblox"
      ],
      "title": "The service provider makes no warranty regarding uninterrupted, timely, secure or error-free service",
      "topics": [],
      "tosdr": {
        "binding": true,
        "case": "The service provider makes no warranty regarding uninterrupted, timely, secure or error-free service",
        "point": "bad",
        "score": 30,
        "tldr": "Generated through the annotate view"
      }
    },
    "6029": {
      "id": "6029",
      "quoteDoc": "Terms of Use",
      "quoteEnd": 48335,
      "quoteStart": 48273,
      "quoteText": "AND DO NOT WARRANT THAT ANY OF THOSE ISSUES WILL BE CORRECTED.",
      "services": [
        "roblox"
      ],
      "title": "The service does not guarantee that software errors will be corrected",
      "topics": [],
      "tosdr": {
        "binding": true,
        "case": "The service does not guarantee that software errors will be corrected",
        "point": "bad",
        "score": 50,
        "tldr": "Generated through the annotate view"
      }
    },
    "6030": {
      "id": "6030",
      "quoteDoc": "Terms of Use",
      "quoteEnd": 47610,
      "quoteStart": 47396,
      "quoteText": "<li>\"<u>As Is</u>.\" the Service AND ALL MATERIALS AND CONTENT AVAILABLE THROUGH the Service ARE PROVIDED \"AS IS\" AND ON AN \"AS AVAILABLE\" BASIS, WITHOUT WARRANTY OR CONDITION OF ANY KIND, EITHER EXPRESS OR IMPLIED.",
      "services": [
        "roblox"
      ],
      "title": "The service is provided 'as is' and to be used at the users' sole risk",
      "topics": [],
      "tosdr": {
        "binding": true,
        "case": "The service is provided 'as is' and to be used at the users' sole risk",
        "point": "bad",
        "score": 20,
        "tldr": "Generated through the annotate view"
      }
    },
    "6031": {
      "id": "6031",
      "quoteDoc": "Terms of Use",
      "quoteEnd": 49302,
      "quoteStart": 48825,
      "quoteText": "YOU UNDERSTAND AND AGREE THAT YOU USE the Service, AND USE, ACCESS, DOWNLOAD, OR OTHERWISE OBTAIN MATERIALS OR CONTENT THROUGH the Service AND ANY ASSOCIATED SITES OR SERVICES, AT YOUR OWN DISCRETION AND RISK, AND THAT YOU ARE SOLELY RESPONSIBLE FOR ANY DAMAGE TO YOUR PROPERTY (INCLUDING YOUR COMPUTER SYSTEM OR MOBILE DEVICE USED IN CONNECTION WITH the Service), OR THE LOSS OF DATA THAT RESULTS FROM THE USE OF THE SERVICE OR THE DOWNLOAD OR USE OF THAT MATERIAL OR CONTENT.",
      "services": [
        "roblox"
      ],
      "title": "Users are responsible for any risks, damages, or losses they may incur by downloading materials",
      "topics": [],
      "tosdr": {
        "binding": true,
        "case": "Users are responsible for any risks, damages, or losses they may incur by downloading materials",
        "point": "neutral",
        "score": 50,
        "tldr": "Generated through the annotate view"
      }
    },
    "6032": {
      "id": "6032",
      "quoteDoc": "Terms of Use",
      "quoteEnd": 51961,
      "quoteStart": 50975,
      "quoteText": "No Class Actions and Severability</u>.\nYOU AND WE AGREE THAT EACH MAY BRING CLAIMS AGAINST THE OTHER ONLY IN YOUR OR OUR INDIVIDUAL CAPACITY AND NOT AS A PLAINTIFF OR CLASS MEMBER IN ANY PURPORTED CLASS OR REPRESENTATIVE PROCEEDING, except as otherwise provided by the European General Data Protection Regulation.\nYou and we agree as follows: (a) neither you nor we will seek to have a Dispute heard as a class action, private attorney general action, or in any other proceeding in which either party acts or proposes to act in a representative capacity.\n(b) no arbitration or proceeding can be combined with another without the prior written consent of all parties to the arbitration or proceeding.\nand (c) if the class action waiver or any part of this Section 11 is found to be illegal or unenforceable as to all or some parts of a Dispute, those parts will be severed and proceed in a court of law, with the remaining parts proceeding in arbitration.</li>\n<li>\n<u>Governing Law</u>.",
      "services": [
        "roblox"
      ],
      "title": "You waive your right to a class action.",
      "topics": [],
      "tosdr": {
        "binding": true,
        "case": "You waive your right to a class action.",
        "point": "bad",
        "score": 50,
        "tldr": "Generated through the annotate view"
      }
    },
    "6033": {
      "id": "6033",
      "quoteDoc": "Terms of Use",
      "quoteEnd": 52338,
      "quoteStart": 51962,
      "quoteText": "These Terms are governed by the laws of the State of California without regard to conflict of law principles.\nIf a lawsuit or court proceeding is permitted under these Terms, you and we agree to submit to the personal and exclusive jurisdiction of the state courts and federal courts located within the Northern District of California for the purpose of litigating any Dispute",
      "services": [
        "roblox"
      ],
      "title": "The court of law governing the terms is in the State of California",
      "topics": [],
      "tosdr": {
        "binding": true,
        "case": "The court of law governing the terms is in location X",
        "point": "neutral",
        "score": 0,
        "tldr": "Generated through the annotate view"
      }
    },
    "6034": {
      "id": "6034",
      "quoteDoc": "Privacy and Cookie Policy",
      "quoteEnd": 19714,
      "quoteStart": 19241,
      "quoteText": "Roblox partners with third-party advertisers, ad server companies, and ad networks (“third party advertising companies”) that use cookies, beacons, tags, tracking pixels and scripts and other tracking technologies in order to collect data such as IP address, device ID, and other information about your computer or device, as well as Internet and online usage information and information about certain activities on the Service, including purchases and in-game information.",
      "services": [
        "roblox"
      ],
      "title": "The service may use tracking pixels, web beacons, browser fingerprinting, and/or device fingerprinting on users.",
      "topics": [],
      "tosdr": {
        "binding": true,
        "case": "The service may use tracking pixels, web beacons, browser fingerprinting, and/or device fingerprinting on users.",
        "point": "bad",
        "privacyRelated": true,
        "score": 50,
        "tldr": "Generated through the annotate view"
      }
    },
    "6035": {
      "id": "6035",
      "quoteDoc": "Privacy and Cookie Policy",
      "quoteEnd": 20664,
      "quoteStart": 20167,
      "quoteText": "All of our advertising partners are members of the Network Advertising Initiative (\"<strong>NAI</strong>\") or the Digital Advertising Alliance (\"<strong>DAA</strong>\"), which you can learn more about at these links:</p>\n<ul>\n<li>NAI Homepage: http://www.networkadvertising.org,</li>\n<li>NAI Opt-Out Page: http://www.networkadvertising.org/choices, </li>\n<li>DAA Homepage: http://www.aboutads.info, and</li>\n<li>DAA Opt-Out Page: www.aboutads.info/choices or http://www.youronlinechoices.com/.</li>",
      "services": [
        "roblox"
      ],
      "title": "The service refers users to external documents for more information",
      "topics": [],
      "tosdr": {
        "binding": true,
        "case": "The service refers users to external documents for more information",
        "point": "bad",
        "privacyRelated": true,
        "score": 25,
        "tldr": "Generated through the annotate view"
      }
    },
    "6038": {
      "id": "6038",
      "quoteDoc": "Privacy and Cookie Policy",
      "quoteEnd": 23553,
      "quoteStart": 23337,
      "quoteText": "Roblox may share users’ information, including personal data like billing information or usernames, with our third-party agents, contractors, or service providers who are hired to perform services on Roblox’s behalf.",
      "services": [
        "roblox"
      ],
      "title": "Your personal data is given to third parties",
      "topics": [],
      "tosdr": {
        "binding": true,
        "case": "Your personal data is given to third parties",
        "point": "bad",
        "privacyRelated": true,
        "score": 10,
        "tldr": "Generated through the annotate view"
      }
    },
    "6039": {
      "id": "6039",
      "quoteDoc": "Privacy and Cookie Policy",
      "quoteEnd": 24346,
      "quoteStart": 23804,
      "quoteText": "Analytics services (e.g., Google Inc, comScore, Flurry Analytics);</li>\n<li>Advertising services (e.g., AppsFlyer);</li>\n<li>Community filtering and moderation services (e.g., CommunitySift);</li>\n<li>Customer support services (e.g., Zendesk);</li>\n<li>Surveys and promotions (e.g., Magid);</li>\n<li>Billing services and payment gateway providers (e.g., Kount, SiftScience, PayPal, Vantiv, Incomm, Rixty, Google, Apple, Amazon, Windows Store).\nand</li>\n<li>Hosting and content delivery network services (e.g., AWS, Equinix, CenturyLink).</li>",
      "services": [
        "roblox"
      ],
      "title": "Many third parties are involved in operating the service",
      "topics": [],
      "tosdr": {
        "binding": true,
        "case": "Many third parties are involved in operating the service",
        "point": "bad",
        "score": 50,
        "tldr": "Generated through the annotate view"
      }
    },
    "6040": {
      "id": "6040",
      "quoteDoc": "Privacy and Cookie Policy",
      "quoteEnd": 26403,
      "quoteStart": 26031,
      "quoteText": "<p>Information about our users, including personal data, may be disclosed and otherwise transferred to an acquirer, successor, or assignee as part of any merger, acquisition, sale of assets, or similar transaction, or in the event of an insolvency, bankruptcy, or receivership in which information is transferred to one or more third parties as one of our business assets.",
      "services": [
        "roblox"
      ],
      "title": "The service can sell or otherwise transfer your personal data as part of a bankruptcy proceeding or other type of financial transaction.",
      "topics": [],
      "tosdr": {
        "binding": true,
        "case": "The service can sell or otherwise transfer your personal data as part of a bankruptcy proceeding or other type of financial transaction.",
        "point": "bad",
        "score": 50,
        "tldr": "Generated through the annotate view"
      }
    },
    "6041": {
      "id": "6041",
      "quoteDoc": "Privacy and Cookie Policy",
      "quoteEnd": 29010,
      "quoteStart": 28832,
      "quoteText": "Our Service may, from time to time, contain links to external sites or applications.\nWe are not responsible for the privacy policies or the content of such sites or applications.",
      "services": [
        "roblox"
      ],
      "title": "This service assumes no responsibility and liability for the contents of links to other websites",
      "topics": [],
      "tosdr": {
        "binding": true,
        "case": "This service assumes no responsibility and liability for the contents of links to other websites",
        "point": "neutral",
        "score": 50,
        "tldr": "Generated through the annotate view"
      }
    }
  },
  "urls": [
    "roblox.com"
  ]
}