{
  "alexa": 19578,
  "class": false,
  "links": {},
  "points": [
    "6730"
  ],
  "pointsData": {
    "6730": {
      "id": "6730",
      "quoteDoc": "RoboForm License and Terms of Use",
      "quoteEnd": 16451,
      "quoteStart": 16228,
      "quoteText": "NO WARRANTIES OF ANY KIND: ROBOFORM IS PROVIDED \"AS IS\" WITHOUT WARRANTY OF ANY KIND, EITHER EXPRESS OR IMPLIED, INCLUDING, BUT NOT LIMITED TO, THE IMPLIED WARRANTIES OF MERCHANTABILITY AND FITNESS FOR A PARTICULAR PURPOSE.",
      "services": [
        "roboform"
      ],
      "title": "The service is provided 'as is' and to be used at the users' sole risk",
      "topics": [],
      "tosdr": {
        "binding": true,
        "case": "The service is provided 'as is' and to be used at the users' sole risk",
        "point": "bad",
        "score": 20,
        "tldr": "Generated through the annotate view"
      }
    }
  },
  "urls": [
    "roboform.com"
  ]
}