{
  "class": false,
  "links": {},
  "points": [
    "4705",
    "4706",
    "4709",
    "4710",
    "4720"
  ],
  "pointsData": {
    "4705": {
      "id": "4705",
      "quoteDoc": "Privacy Policy",
      "quoteEnd": 1622,
      "quoteStart": 1565,
      "quoteText": "Privacy statement <p>\n<strong>Last updated: 24th May 2018",
      "services": [
        "royalsocietyofchemistrypublications"
      ],
      "title": "There is a date of the last update of the terms",
      "topics": [],
      "tosdr": {
        "binding": true,
        "case": "There is a date of the last update of the terms",
        "point": "neutral",
        "score": 50,
        "tldr": "Generated through the annotate view"
      }
    },
    "4706": {
      "id": "4706",
      "quoteDoc": "Privacy Policy",
      "quoteEnd": 9434,
      "quoteStart": 9396,
      "quoteText": "We will not sell your information.</p>",
      "services": [
        "royalsocietyofchemistrypublications"
      ],
      "title": "This service does not sell your personal data",
      "topics": [],
      "tosdr": {
        "binding": true,
        "case": "This service does not sell your personal data",
        "point": "good",
        "score": 25,
        "tldr": "Generated through the annotate view"
      }
    },
    "4709": {
      "id": "4709",
      "needModeration": false,
      "quoteDoc": "Privacy Policy",
      "quoteEnd": 10512,
      "quoteStart": 9856,
      "quoteText": "We may use third party service providers to support our provision of our services.\nSuch will relate to business functions, including (without limitation) IT support, hosting our data on cloud platforms, legal, accounting, audit, consulting and other professional service providers, and providers of other services related to our business.</p>\n<p>Portions of our services may be provided by organisations with which we have a contractual relationship, including subcontractors, and, accordingly, your personal information may be disclosed to them.\nWe only provide these organisations with the information that they need to be able to perform their services.",
      "services": [
        "royalsocietyofchemistrypublications"
      ],
      "title": "Third parties may be involved in operating the service",
      "topics": [],
      "tosdr": {
        "binding": true,
        "case": "Third parties may be involved in operating the service",
        "point": "bad",
        "score": 15,
        "tldr": "Generated through the annotate view"
      }
    },
    "4710": {
      "id": "4710",
      "needModeration": false,
      "quoteDoc": "Privacy Policy",
      "quoteEnd": 10650,
      "quoteStart": 10513,
      "quoteText": "We will have in place an agreement with our service providers which will restrict how they are able to process your personal information.",
      "services": [
        "royalsocietyofchemistrypublications"
      ],
      "title": "Third parties used by the service are bound by confidentiality obligations",
      "topics": [],
      "tosdr": {
        "binding": true,
        "case": "Third parties used by the service are bound by confidentiality obligations",
        "point": "good",
        "score": 20,
        "tldr": "Generated through the annotate view"
      }
    },
    "4720": {
      "id": "4720",
      "needModeration": false,
      "quoteDoc": "Privacy Policy",
      "quoteEnd": 11667,
      "quoteStart": 11505,
      "quoteText": "No personal information will be kept any longer than necessary in order to fulfil the purpose it was collected for, and if you ask us to, it will be deleted.</li>",
      "services": [
        "royalsocietyofchemistrypublications"
      ],
      "title": "You can delete your content from this service",
      "topics": [],
      "tosdr": {
        "binding": true,
        "case": "You can delete your content from this service",
        "point": "good",
        "score": 50,
        "tldr": "Generated through the annotate view"
      }
    }
  },
  "urls": [
    "pubs.rsc.org"
  ]
}