{
  "alexa": 46290,
  "class": "C",
  "links": {},
  "points": [
    "5454",
    "5455",
    "5456",
    "5457",
    "5458",
    "5459",
    "5460",
    "5462",
    "5463",
    "5464",
    "5465",
    "5466",
    "5467",
    "5468",
    "5469",
    "5470",
    "5471",
    "5472",
    "5473",
    "5474",
    "5475",
    "5477"
  ],
  "pointsData": {
    "5454": {
      "id": "5454",
      "needModeration": false,
      "quoteDoc": "Privacy Policy",
      "quoteEnd": 6972,
      "quoteStart": 6860,
      "quoteText": "However, certain features of the Service may not function properly if you disable the ability to accept cookies.",
      "services": [
        "ryver"
      ],
      "title": "Blocking cookies may limit your ability to use the service",
      "topics": [],
      "tosdr": {
        "binding": true,
        "case": "Blocking cookies may limit your ability to use the service",
        "point": "bad",
        "score": 50,
        "tldr": "Generated through the annotate view"
      }
    },
    "5455": {
      "id": "5455",
      "needModeration": false,
      "quoteDoc": "Privacy Policy",
      "quoteEnd": 7781,
      "quoteStart": 7516,
      "quoteText": "Ryver may use third party analytics tools, such as Google Analytics, to help understand use of the Service or the Ryver web site.\nMany of these tools collect the information sent by your browser as part of a web page request, including cookies, and your IP address.",
      "services": [
        "ryver"
      ],
      "title": "This service uses third-party cookies for statistics",
      "topics": [],
      "tosdr": {
        "binding": true,
        "case": "This service uses third-party cookies for statistics",
        "point": "bad",
        "privacyRelated": true,
        "score": 10,
        "tldr": "Generated through the annotate view"
      }
    },
    "5456": {
      "id": "5456",
      "needModeration": false,
      "quoteDoc": "Terms of Service",
      "quoteEnd": 25226,
      "quoteStart": 24876,
      "quoteText": "Ryver may amend or modify these Terms at any time in its sole and absolute discretion, subject to notice to you.\nThe modified Terms will be effective immediately upon your receipt of notice to you by email or a message in the Service, and you agree to be bound by the new terms and conditions of the posted Terms by continuing your use of any Service",
      "services": [
        "ryver"
      ],
      "title": "The service may change its terms at any time, but the user will receive notification of the changes.",
      "topics": [],
      "tosdr": {
        "binding": true,
        "case": "The service may change its terms at any time, but the user will receive notification of the changes.",
        "point": "neutral",
        "score": 0,
        "tldr": "Generated through the annotate view"
      }
    },
    "5457": {
      "id": "5457",
      "needModeration": false,
      "quoteDoc": "Terms of Service",
      "quoteEnd": 3261,
      "quoteStart": 3219,
      "quoteText": "You retain full ownership to your Content.",
      "services": [
        "ryver"
      ],
      "title": "You maintain ownership of your data",
      "topics": [],
      "tosdr": {
        "binding": true,
        "case": "You maintain ownership of your data",
        "point": "good",
        "score": 50,
        "tldr": "Generated through the annotate view"
      }
    },
    "5458": {
      "id": "5458",
      "needModeration": false,
      "quoteDoc": "Terms of Service",
      "quoteEnd": 3830,
      "quoteStart": 3262,
      "quoteText": "Ryver does require that you grant us rights to your Content as necessary to, and for the sole purpose of, providing the Service.\nFor example, we must be able to transmit and display our Content over computer networks for viewing on computers, mobile devices and in email notifications by you and other users in your account.\nWe may also use third-party services such as Amazon Web Services in order to facilitate the administration and operation of the Service, thus extending the rights granted to us to the third parties only as necessary to provide the service.</p>",
      "services": [
        "ryver"
      ],
      "title": "The copyright license that users grant this service is limited to the parties that make up the service's broader platform.",
      "topics": [],
      "tosdr": {
        "binding": true,
        "case": "The copyright license that users grant this service is limited to the parties that make up the service's broader platform.",
        "point": "neutral",
        "score": 50,
        "tldr": "Generated through the annotate view"
      }
    },
    "5459": {
      "id": "5459",
      "needModeration": false,
      "quoteDoc": "Terms of Service",
      "quoteEnd": 5952,
      "quoteStart": 5694,
      "quoteText": "Subject to your adherence to these Terms, Ryver gives you a limited, personal, worldwide, royalty-free, non-assignable, non-sublicensable and non-exclusive license to use the Service.\nWe can terminate this license at any time for any reason or for no reason.",
      "services": [
        "ryver"
      ],
      "title": "The service can delete your account without prior notice and without a reason",
      "topics": [],
      "tosdr": {
        "binding": true,
        "case": "The service can delete your account without prior notice and without a reason",
        "point": "bad",
        "score": 60,
        "tldr": "Generated through the annotate view"
      }
    },
    "5460": {
      "id": "5460",
      "needModeration": false,
      "quoteDoc": "Privacy Policy",
      "quoteEnd": 12125,
      "quoteStart": 12022,
      "quoteText": "Ryver may disclose your personal information if required to do so by law, law enforcement, or subpoena.",
      "services": [
        "ryver"
      ],
      "title": "The service will not allow third parties to access your personal information without a legal basis",
      "topics": [],
      "tosdr": {
        "binding": true,
        "case": "The service will not allow third parties to access your personal information without a legal basis",
        "point": "good",
        "score": 50,
        "tldr": ""
      }
    },
    "5462": {
      "id": "5462",
      "needModeration": false,
      "quoteDoc": "Privacy Policy",
      "quoteEnd": 12905,
      "quoteStart": 12520,
      "quoteText": "Our Service is not directed to persons under 13.\nRyver does not knowingly collect or solicit personal information from anyone under the age of 13 or knowingly allow such persons to register with the Service.\nIf we become aware that we have collected personal information from a child under age 13 without verification of parental consent, we will take steps to remove that information.",
      "services": [
        "ryver"
      ],
      "title": "This service is only available to users of a certain age",
      "topics": [],
      "tosdr": {
        "binding": true,
        "case": "This service is only available to users of a certain age",
        "point": "neutral",
        "score": 15,
        "tldr": "Generated through the annotate view"
      }
    },
    "5463": {
      "id": "5463",
      "needModeration": false,
      "quoteDoc": "Privacy Policy",
      "quoteEnd": 11050,
      "quoteStart": 10898,
      "quoteText": "<p>Ryver may share your personally identifiable information or certain content with other third parties for the purpose of providing the Service to you.",
      "services": [
        "ryver"
      ],
      "title": "personal data is given to third parties",
      "topics": [],
      "tosdr": {
        "binding": true,
        "case": "Your personal data is given to third parties",
        "point": "bad",
        "privacyRelated": true,
        "score": 10,
        "tldr": "Generated through the annotate view"
      }
    },
    "5464": {
      "id": "5464",
      "needModeration": false,
      "quoteDoc": "Terms of Service",
      "quoteEnd": 13009,
      "quoteStart": 12870,
      "quoteText": "We also reserve the right to access, read, preserve, and disclose any information (public or private) as we reasonably believe is necessary",
      "services": [
        "ryver"
      ],
      "title": "Your private content may be accessed by people working for the service",
      "topics": [],
      "tosdr": {
        "binding": true,
        "case": "Your private content may be accessed by people working for the service",
        "point": "neutral",
        "score": 30,
        "tldr": "The Terms of Service state, \"We also reserve the right to access, read, preserve, and disclose any information (public or private) as we reasonably believe is necessary to (i) satisfy any applicable law, regulation, legal process or governmental request, (ii) enforce the Terms, including investigation of potential violations, (iii) detect, prevent, or otherwise address fraud, security or technical issues, (iv) respond to user support requests, or (v) protect the rights, property or safety of Ryver, its users and the public.\""
      }
    },
    "5465": {
      "id": "5465",
      "needModeration": false,
      "quoteDoc": "Terms of Service",
      "quoteEnd": 12690,
      "quoteStart": 12398,
      "quoteText": "We may investigate and/or suspend your account if you violate any of the above rules.\nFurthermore, we reserve the right to immediately terminate your account without further notice in the event that, in our sole and absolute judgment, you violate these Terms, or abuse the use of our Service.",
      "services": [
        "ryver"
      ],
      "title": "The service can suspend your account for violating the terms of service",
      "topics": [],
      "tosdr": {
        "binding": true,
        "case": "The service can suspend your account for several reasons",
        "point": "neutral",
        "score": 15,
        "tldr": "Generated through the annotate view"
      }
    },
    "5466": {
      "id": "5466",
      "needModeration": false,
      "quoteDoc": "Terms of Service",
      "quoteEnd": 29991,
      "quoteStart": 29723,
      "quoteText": "Upon a request by Ryver, you agree to defend, indemnify, and hold harmless the Ryver Group from all liabilities, claims, and expenses, including reasonable attorneys’ fees, that arise from your use of the Service in a manner not in strict conformance with these Terms.",
      "services": [
        "ryver"
      ],
      "title": "You agree to defend, indemnify, and hold the service harmless in case of a claim related to your use of the service",
      "topics": [],
      "tosdr": {
        "binding": true,
        "case": "You agree to defend, indemnify, and hold the service harmless in case of a claim related to your use of the service",
        "point": "bad",
        "score": 60,
        "tldr": "Generated through the annotate view"
      }
    },
    "5467": {
      "id": "5467",
      "needModeration": false,
      "quoteDoc": "Terms of Service",
      "quoteEnd": 32117,
      "quoteStart": 31670,
      "quoteText": "Except to the extent applicable law, if any, provides otherwise, the laws of the State of Delaware, excluding its conflicts-of-law rules, shall govern these Terms and your use of the Service.\nYou expressly agree that exclusive jurisdiction for any claim or dispute arising from your use of the Service or under these Terms, resides in the federal and state courts of the State of Delaware&nbsp;and you consent to the personal jurisdiction thereof.",
      "services": [
        "ryver"
      ],
      "title": "The court of law governing the terms is in the State of Delaware",
      "topics": [],
      "tosdr": {
        "binding": true,
        "case": "The court of law governing the terms is in location X",
        "point": "neutral",
        "score": 0,
        "tldr": "The Terms of Service state, \"You expressly agree that exclusive jurisdiction for any claim or dispute arising from your use of the Service or under these Terms, resides in the federal and state courts of the State of Delaware and you consent to the personal jurisdiction thereof.\""
      }
    },
    "5468": {
      "id": "5468",
      "needModeration": false,
      "quoteDoc": "Privacy Policy",
      "quoteEnd": 11942,
      "quoteStart": 11610,
      "quoteText": "As we develop our business, we may buy or sell assets or business offerings.\nCustomers, email, and visitor information is generally one of the business assets transferred in these types of transactions.\nWe may also transfer or assign such information in the course of corporate divestitures, consolidations, mergers, or dissolution.",
      "services": [
        "ryver"
      ],
      "title": "The service can sell or otherwise transfer your personal data as part of a bankruptcy proceeding or other type of financial transaction.",
      "topics": [],
      "tosdr": {
        "binding": true,
        "case": "The service can sell or otherwise transfer your personal data as part of a bankruptcy proceeding or other type of financial transaction.",
        "point": "bad",
        "score": 50,
        "tldr": "Generated through the annotate view"
      }
    },
    "5469": {
      "id": "5469",
      "needModeration": false,
      "quoteDoc": "Privacy Policy",
      "quoteEnd": 6051,
      "quoteStart": 5673,
      "quoteText": "As outlined in section 5 (Acceptable User of Ryver) in the Ryver Terms of Service, there may be certain cases where Ryver is required to access, remove, preserve, or disclose information as necessary to comply with legal obligations and/or protect our users.\nAs long as we are legally permitted, we will provide notice of any situation where accessing content becomes necessary.",
      "services": [
        "ryver"
      ],
      "title": "The service promises (subject to law) to inform and/or notify users regarding government inquiries that may involve users' personal data ",
      "topics": [],
      "tosdr": {
        "binding": true,
        "case": "The service promises to inform and/or notify users regarding government inquiries that may involve users' personal data",
        "point": "good",
        "score": 50,
        "tldr": "The Privacy Policy states, \"As outlined in section 5 (Acceptable User of Ryver) in the Ryver Terms of Service, there may be certain cases where Ryver is required to access, remove, preserve, or disclose information as necessary to comply with legal obligations and/or protect our users. As long as we are legally permitted, we will provide notice of any situation where accessing content becomes necessary. We will also request permission before accessing content to provide customer support.\""
      }
    },
    "5470": {
      "id": "5470",
      "needModeration": false,
      "quoteDoc": "Terms of Service",
      "quoteEnd": 26049,
      "quoteStart": 25933,
      "quoteText": "YOUR USE OF THE SERVICE IS AT YOUR SOLE RISK.\nTHE SERVICE IS PROVIDED “AS IS,” “WITH ALL FAULTS” AND “AS AVAILABLE.”",
      "services": [
        "ryver"
      ],
      "title": "The service is provided 'as is' and to be used at the users' sole risk",
      "topics": [],
      "tosdr": {
        "binding": true,
        "case": "The service is provided 'as is' and to be used at the users' sole risk",
        "point": "bad",
        "score": 20,
        "tldr": "Generated through the annotate view"
      }
    },
    "5471": {
      "id": "5471",
      "needModeration": false,
      "quoteDoc": "Terms of Service",
      "quoteEnd": 26268,
      "quoteStart": 26050,
      "quoteText": "RYVER AND ITS LICENSORS AND SUPPLIERS DISCLAIM ANY AND ALL WARRANTIES, WHETHER EXPRESS OR IMPLIED, INCLUDING THE WARRANTIES THAT THE SERVICE IS FREE OF DEFECTS, VIRUS FREE, AND ABLE TO OPERATE ON AN UNINTERRUPTED BASIS",
      "services": [
        "ryver"
      ],
      "title": "The service provider makes no warranty regarding uninterrupted, timely, secure or error-free service",
      "topics": [],
      "tosdr": {
        "binding": true,
        "case": "The service provider makes no warranty regarding uninterrupted, timely, secure or error-free service",
        "point": "bad",
        "score": 30,
        "tldr": "Generated through the annotate view"
      }
    },
    "5472": {
      "id": "5472",
      "needModeration": false,
      "quoteDoc": "Terms of Service",
      "quoteEnd": 26384,
      "quoteStart": 26337,
      "quoteText": "OR THAT ERRORS IN THE SERVICE WILL BE CORRECTED",
      "services": [
        "ryver"
      ],
      "title": "The service does not guarantee that software errors will be corrected",
      "topics": [],
      "tosdr": {
        "binding": true,
        "case": "The service does not guarantee that software errors will be corrected",
        "point": "bad",
        "score": 50,
        "tldr": "Generated through the annotate view"
      }
    },
    "5473": {
      "id": "5473",
      "needModeration": false,
      "quoteDoc": "Terms of Service",
      "quoteEnd": 26335,
      "quoteStart": 26270,
      "quoteText": "THAT THE FUNCTIONALITY OF THE SERVICE WILL MEET YOUR REQUIREMENTS",
      "services": [
        "ryver"
      ],
      "title": "This service does not guarantee that it or the products obtained through it meet the users' expectations or requirements",
      "topics": [],
      "tosdr": {
        "binding": true,
        "case": "This service does not guarantee that it or the products obtained through it meet the users' expectations or requirements",
        "point": "bad",
        "score": 0,
        "tldr": "Generated through the annotate view"
      }
    },
    "5474": {
      "id": "5474",
      "needModeration": false,
      "quoteDoc": "Terms of Service",
      "quoteEnd": 26822,
      "quoteStart": 26615,
      "quoteText": "RYVER AND ITS LICENSORS AND SUPPLIERS DO NOT WARRANT OR MAKE ANY REPRESENTATIONS REGARDING THE USE OR THE RESULTS OF THE USE OF THE SERVICE IN TERMS OF THEIR CORRECTNESS, ACCURACY, RELIABILITY, OR OTHERWISE.",
      "services": [
        "ryver"
      ],
      "title": "The service does not guarantee accuracy or reliability of the information provided",
      "topics": [],
      "tosdr": {
        "binding": true,
        "case": "The service does not guarantee accuracy or reliability of the information provided",
        "point": "bad",
        "score": 10,
        "tldr": "Generated through the annotate view"
      }
    },
    "5475": {
      "id": "5475",
      "needModeration": false,
      "quoteDoc": "Terms of Service",
      "quoteEnd": 28334,
      "quoteStart": 27584,
      "quoteText": "TO THE MAXIMUM EXTENT PERMITTED BY APPLICABLE LAW, UNDER NO CIRCUMSTANCES SHALL RYVER OR ITS SUBSIDIARIES, AFFILIATES, DIRECTORS, EMPLOYEES, DISTRIBUTORS, SUPPLIERS, AGENTS OR RESELLERS (COLLECTIVELY, THE “RYVER GROUP”) BE LIABLE FOR ANY INDIRECT, SPECIAL, INCIDENTAL, CONSEQUENTIAL, OR EXEMPLARY DAMAGES ARISING OUT OF OR IN ANY WAY RELATING TO THESE TERMS OR THAT RESULT FROM THE USE OF, OR INABILITY TO USE, THE SERVICE, INCLUDING WITHOUT LIMITATION, LOSS OF GOODWILL, WORK STOPPAGE, LOST PROFITS, LOSS OF DATA, COMPUTER FAILURE OR MALFUNCTION, OR ANY AND ALL OTHER COMMERCIAL DAMAGES OR LOSSES, EVEN IF ADVISED OF THE POSSIBILITY THEREOF, AND REGARDLESS OF THE LEGAL OR EQUITABLE THEORY (CONTRACT, TORTOR OTHERWISE) UPON WHICH THE CLAIM IS BASED.",
      "services": [
        "ryver"
      ],
      "title": "This service assumes no liability for any losses or damages resulting from any matter relating to the service",
      "topics": [],
      "tosdr": {
        "binding": true,
        "case": "This service assumes no liability for any losses or damages resulting from any matter relating to the service",
        "point": "bad",
        "score": 50,
        "tldr": "Generated through the annotate view"
      }
    },
    "5477": {
      "id": "5477",
      "needModeration": false,
      "quoteDoc": "Privacy Policy",
      "quoteEnd": 2148,
      "quoteStart": 1628,
      "quoteText": "Ryver uses information we collect to operate, maintain, and provide you the features and functionality of the Service, to analyze how the Service is used, diagnose service or technical problems, maintain security, personalize content, remember information to help you efficiently access your account, monitor aggregate metrics such as total number of visitors, traffic, and demographic patterns, and track Content and users as necessary to comply with the Digital Millennium Copyright Act and other applicable laws.</p>\n",
      "services": [
        "ryver"
      ],
      "title": "The service provides information about how they intend to use your personal data",
      "topics": [],
      "tosdr": {
        "binding": true,
        "case": "The service provides information about how they intend to use your personal data",
        "point": "good",
        "score": 30,
        "tldr": "Generated through the annotate view"
      }
    }
  },
  "urls": [
    "ryver.com"
  ]
}