{
  "class": false,
  "links": {},
  "points": [
    "5003"
  ],
  "pointsData": {
    "5003": {
      "id": "5003",
      "needModeration": false,
      "quoteDoc": "Privacy Policy",
      "quoteEnd": 68,
      "quoteStart": 0,
      "quoteText": "<p>\n<i>The Scratch Privacy Policy was last updated: May 23, 2018</i>",
      "services": [
        "scratch"
      ],
      "title": "There is a date of the last update of the terms",
      "topics": [],
      "tosdr": {
        "binding": true,
        "case": "There is a date of the last update of the terms",
        "point": "neutral",
        "score": 50,
        "tldr": "Generated through the annotate view"
      }
    }
  },
  "urls": [
    "scratch.mit.edu"
  ]
}