{
  "alexa": 1415,
  "class": false,
  "links": {},
  "points": [
    "4285",
    "4287"
  ],
  "pointsData": {
    "4285": {
      "id": "4285",
      "needModeration": false,
      "quoteDoc": "Privacy Policy",
      "quoteEnd": 1000,
      "quoteStart": 661,
      "quoteText": "<p> 1.\nSearch Encrypt does not track search history in any user identifiable way.\n</p>\n<p> The most popular search engines create search profiles of specific users in order to retarget ads based on those search queries as the user navigates the internet.\nSearch Encrypt does not track your search history in any user identifiable way.\n</p>",
      "services": [
        "searchencrypt"
      ],
      "title": "no tracking",
      "topics": [],
      "tosdr": {
        "binding": true,
        "case": "This service does not track you",
        "point": "good",
        "score": 100,
        "tldr": "no tracking"
      }
    },
    "4287": {
      "id": "4287",
      "needModeration": false,
      "quoteDoc": "Privacy Policy",
      "quoteEnd": 2824,
      "quoteStart": 2306,
      "quoteText": "<p>6.\nSearch Encrypt uses cookies to determine the effectiveness of our own marketing campaigns.</p>\n<p>Because we don’t track any personally identifiable information, we can’t do more than determine that a specific user searched for whatever search terms they searched for.\nWe know nothing about that particular user and we don’t know anything identifiable about the user.\nUsing cookies also allows us to encrypt your search queries on the browser to help hide the history of what you searched for on the machine.</p>",
      "services": [
        "searchencrypt"
      ],
      "title": "requires first-party cookies",
      "topics": [],
      "tosdr": {
        "binding": true,
        "case": "This service requires first-party cookies, which are cookies that only belong to the domain of the service and not a third party.",
        "point": "neutral",
        "score": 10,
        "tldr": "requires first-party cookies"
      }
    }
  },
  "urls": [
    "searchencrypt.com"
  ]
}