{
  "alexa": 653482,
  "class": "A",
  "links": {
    "Intellectual Property": {
      "name": "Intellectual Property",
      "url": "http://seenthis.net/fran%C3%A7ais/mentions/article/propri%C3%A9t%C3%A9-intellectuelle"
    }
  },
  "points": [
    "573",
    "893"
  ],
  "pointsData": {
    "573": {
      "discussion": "https://groups.google.com/d/topic/tosdr/IPta_G2GTJk/",
      "id": "573",
      "license-for-this-file": "This work is licensed under the Creative Commons Attribution-ShareAlike 3.0 Unported License. To view a copy of this license, visit http://creativecommons.org/licenses/by-sa/3.0/ or send a letter to Creative Commons, 444 Castro Street, Suite 900, Mountain View, California, 94041, .USA",
      "needModeration": false,
      "services": [
        "seenthis"
      ],
      "slug": "IPta_G2GTJk",
      "source": "http://seenthis.net/fran%C3%A7ais/mentions/article/propri%C3%A9t%C3%A9-intellectuelle",
      "title": "You can get your data back",
      "topics": [
        "data-export"
      ],
      "tosdr": {
        "binding": true,
        "case": "This service allows you to retrieve an archive of your data",
        "point": "good",
        "score": 40,
        "tldr": "You can get the totality of your messages at any time in an XML file."
      }
    },
    "893": {
      "discussion": "https://groups.google.com/forum/?fromgroups#!topic/tosdr/kizrN7qb1Ck",
      "id": "893",
      "license-for-this-file": "This work is licensed under the Creative Commons Attribution-ShareAlike 3.0 Unported License. To view a copy of this license, visit http://creativecommons.org/licenses/by-sa/3.0/ or send a letter to Creative Commons, 444 Castro Street, Suite 900, Mountain View, California, 94041, .USA",
      "needModeration": false,
      "quoteDoc": "Intellectual Property",
      "quoteEnd": 1112,
      "quoteStart": 802,
      "quoteText": "Mention de la licence de diffusion\n<p>Les utilisateurs qui le souhaitent peuvent, depuis la page de configuration de leur « Profil », indiquer une licence de diffusion sous Creative Commons.\nL’outil ayant vocation au partage d’information, autant promouvoir les licences qui favorisent ce type de comportement.",
      "services": [
        "seenthis"
      ],
      "slug": "kizrN7qb1Ck4",
      "source": "http://seenthis.net/fran%C3%A7ais/mentions/article/propri%C3%A9t%C3%A9-intellectuelle",
      "title": "You are free to choose your copyright license",
      "topics": [
        "copyright-scope"
      ],
      "tosdr": {
        "binding": true,
        "case": "Users are free to choose the type of copyright license that they want to use over their content",
        "point": "good",
        "score": 50,
        "tldr": "The copyright license granted to SeenThis is limited for the purpose of running the service: you allow them to publish your content on the website and to add automatated data. You are free to choose your own copyright license for your content in your account settings: Public Domain, Creative Commons non commercial, or free licenses, but also classic copyright if you wish so."
      }
    }
  },
  "twitter": "@SeenThis",
  "urls": [
    "seenthis.net"
  ]
}