{
  "class": false,
  "links": {},
  "points": [
    "4601",
    "4605",
    "4606"
  ],
  "pointsData": {
    "4601": {
      "id": "4601",
      "needModeration": false,
      "quoteDoc": "Terms of Use",
      "quoteEnd": 2815,
      "quoteStart": 2742,
      "quoteText": "You must be 13 or older to register as a user or to use the Website.</p> ",
      "services": [
        "setlisting"
      ],
      "title": "This service is only available to users of a certain age",
      "topics": [],
      "tosdr": {
        "binding": true,
        "case": "This service is only available to users of a certain age",
        "point": "neutral",
        "score": 15,
        "tldr": "Generated through the annotate view"
      }
    },
    "4605": {
      "id": "4605",
      "needModeration": false,
      "quoteDoc": "Terms of Use",
      "quoteEnd": 2580,
      "quoteStart": 2470,
      "quoteText": "We also reserve the right to reject, refuse to post, or remove any posting (including private messages) by you",
      "services": [
        "setlisting"
      ],
      "title": "The service can delete specific content without prior notice and without a reason",
      "topics": [],
      "tosdr": {
        "binding": true,
        "case": "The service can delete specific content without prior notice and without a reason",
        "point": "blocker",
        "score": 50,
        "tldr": "Generated through the annotate view"
      }
    },
    "4606": {
      "id": "4606",
      "needModeration": false,
      "quoteDoc": "Cookies and Privacy Policy",
      "quoteEnd": 2594,
      "quoteStart": 2440,
      "quoteText": "If you do not want to receive email or other mail from us, you can opt-out by updating your settings under the \"Settings\" link on www.setlisting.com.</p> ",
      "services": [
        "setlisting"
      ],
      "title": "You can opt out of promotional communications",
      "topics": [],
      "tosdr": {
        "binding": true,
        "case": "You can opt out of promotional communications",
        "point": "good",
        "score": 10,
        "tldr": "Generated through the annotate view"
      }
    }
  },
  "urls": [
    "setlisting.com"
  ]
}