{
  "alexa": 6071,
  "class": false,
  "links": {},
  "points": [
    "6533",
    "6534",
    "6537",
    "6538",
    "6540",
    "6596",
    "6600"
  ],
  "pointsData": {
    "6533": {
      "id": "6533",
      "quoteDoc": "Privacy Policy",
      "quoteEnd": 18294,
      "quoteStart": 18286,
      "quoteText": "May 2019",
      "services": [
        "shapeshift"
      ],
      "title": "There is a date of the last update of the terms",
      "topics": [],
      "tosdr": {
        "binding": true,
        "case": "There is a date of the last update of the terms",
        "point": "neutral",
        "score": 50,
        "tldr": "Generated through the annotate view"
      }
    },
    "6534": {
      "id": "6534",
      "quoteDoc": "Terms of Service",
      "quoteEnd": 73,
      "quoteStart": 41,
      "quoteText": "Last Modified: February 13, 2019",
      "services": [
        "shapeshift"
      ],
      "title": "There is a date of the last update of the terms",
      "topics": [],
      "tosdr": {
        "binding": true,
        "case": "There is a date of the last update of the terms",
        "point": "neutral",
        "score": 50,
        "tldr": "Generated through the annotate view"
      }
    },
    "6537": {
      "id": "6537",
      "quoteDoc": "Terms of Service",
      "quoteEnd": 24393,
      "quoteStart": 24357,
      "quoteText": "(c) you are 18 years of age or older",
      "services": [
        "shapeshift"
      ],
      "title": "This service is only available to users of a certain age",
      "topics": [],
      "tosdr": {
        "binding": true,
        "case": "This service is only available to users of a certain age",
        "point": "neutral",
        "score": 15,
        "tldr": "Generated through the annotate view"
      }
    },
    "6538": {
      "id": "6538",
      "quoteDoc": "Terms of Service",
      "quoteEnd": 2891,
      "quoteStart": 2784,
      "quoteText": "Any use or access to the Service by anyone under 18 is strictly prohibited and in violation of these Terms.",
      "services": [
        "shapeshift"
      ],
      "title": "This service is only available to users of a certain age",
      "topics": [],
      "tosdr": {
        "binding": true,
        "case": "This service is only available to users of a certain age",
        "point": "neutral",
        "score": 15,
        "tldr": "Generated through the annotate view"
      }
    },
    "6540": {
      "id": "6540",
      "quoteDoc": "Terms of Service",
      "quoteEnd": 37168,
      "quoteStart": 36777,
      "quoteText": "10.\nNo Warranty</strong>\n<p>The Service is provided on an “as is” and “as available” basis.\nUse of the Service is at your own risk.\nTo the maximum extent permitted by applicable law, the Service is provided without warranties of any kind, whether express or implied, including, but not limited to, implied warranties of merchantability, fitness for a particular purpose, or non-infringement.",
      "services": [
        "shapeshift"
      ],
      "title": "The service is provided 'as is' and to be used at the users' sole risk",
      "topics": [],
      "tosdr": {
        "binding": true,
        "case": "The service is provided 'as is' and to be used at the users' sole risk",
        "point": "bad",
        "score": 20,
        "tldr": "Generated through the annotate view"
      }
    },
    "6596": {
      "id": "6596",
      "quoteDoc": "Privacy Policy",
      "quoteEnd": 4833,
      "quoteStart": 4657,
      "quoteText": "Referral Hero and its service providers automatically collect certain information using tracking technologies like cookies, web beacons and similar technologies, and web forms.",
      "services": [
        "shapeshift"
      ],
      "title": "The service may use tracking pixels, web beacons, browser fingerprinting, and/or device fingerprinting on users.",
      "topics": [],
      "tosdr": {
        "binding": true,
        "case": "The service may use tracking pixels, web beacons, browser fingerprinting, and/or device fingerprinting on users.",
        "point": "bad",
        "privacyRelated": true,
        "score": 50,
        "tldr": "Generated through the annotate view"
      }
    },
    "6600": {
      "id": "6600",
      "quoteDoc": "Privacy Policy",
      "quoteEnd": 12489,
      "quoteStart": 12367,
      "quoteText": "Note, however, that some functions of the website may be limited or unavailable if you disable the storing of cookies.</p>",
      "services": [
        "shapeshift"
      ],
      "title": "Blocking cookies may limit your ability to use the service",
      "topics": [],
      "tosdr": {
        "binding": true,
        "case": "Blocking cookies may limit your ability to use the service",
        "point": "bad",
        "score": 50,
        "tldr": "Generated through the annotate view"
      }
    }
  },
  "urls": [
    "shapeshift.io",
    "shapeshift.com"
  ]
}