{
  "alexa": 577,
  "class": false,
  "links": {},
  "points": [
    "6316",
    "6324",
    "6448",
    "6450",
    "6451",
    "6684",
    "6885",
    "6886"
  ],
  "pointsData": {
    "6316": {
      "id": "6316",
      "quoteDoc": " Terms of Service",
      "quoteEnd": 3493,
      "quoteStart": 3460,
      "quoteText": "Last updated on: February 5, 2019",
      "services": [
        "shopify"
      ],
      "title": "There is a date of the last update of the terms",
      "topics": [],
      "tosdr": {
        "binding": true,
        "case": "There is a date of the last update of the terms",
        "point": "neutral",
        "score": 50,
        "tldr": "Generated through the annotate view"
      }
    },
    "6324": {
      "id": "6324",
      "needModeration": false,
      "quoteDoc": " Privacy Policy",
      "quoteEnd": 22570,
      "quoteStart": 22346,
      "quoteText": "Please note that because there is no consistent industry\nunderstanding of how to respond to “Do Not Track” signals, we do\nnot alter our data collection and usage practices when we detect\nsuch a signal from your browser.</p>\n",
      "services": [
        "shopify"
      ],
      "title": "This service ignores the Do Not Track (DNT) header and tracks users anyway even if they set this header.",
      "topics": [],
      "tosdr": {
        "binding": true,
        "case": "This service ignores the Do Not Track (DNT) header and tracks users anyway even if they set this header.",
        "point": "bad",
        "score": 60,
        "tldr": "Generated through the annotate view"
      }
    },
    "6448": {
      "id": "6448",
      "needModeration": false,
      "quoteDoc": " Privacy Policy",
      "quoteEnd": 22103,
      "quoteStart": 21259,
      "quoteText": "<p>We use cookies to serve targeted ads from\nGoogle,\nFacebook,\nBing,\nSourceKnowledge,\nand other third-party vendors.\nWe also use cookies, and other\ninformation from your browser and/or device to provide you with\npersonalized advertising, ad delivery, and reporting across\nmultiple sessions and devices.</p>\n</li>\n<li>\n<p>Our third-party advertising partners use cookies to track your\nprior visits to our websites and elsewhere on the Internet in\norder to serve you targeted ads.\nFor more information about\ntargeted or behavioral advertising, please visit\nhttps://www.networkadvertising.org/understanding-online-advertising.</p>\n</li>\n<li>\n<p>Opting out: You can opt out of targeted ads served via\nspecific third party vendors by visiting the Digital Advertising\nAlliance’s Opt-Out page or\nthe Network Advertising Initiative’s Opt-Out page.</p>\n",
      "services": [
        "shopify"
      ],
      "title": "This service allows tracking via third-party cookies for purposes including targeted advertising.",
      "topics": [],
      "tosdr": {
        "binding": true,
        "case": "Tracking via third-party cookies for other purposes without your consent.",
        "point": "bad",
        "privacyRelated": true,
        "score": 70,
        "tldr": "Generated through the annotate view"
      }
    },
    "6450": {
      "id": "6450",
      "needModeration": false,
      "quoteDoc": " Privacy Policy",
      "quoteEnd": 9754,
      "quoteStart": 9495,
      "quoteText": "When and why do we share this information with third parties? <ul>\n<li>\n<p>Shopify works with a variety of third parties and service\nproviders to help provide you with our Services and we may share\npersonal information with them to support these efforts.</p>\n",
      "services": [
        "shopify"
      ],
      "title": "Your personal data is given to third parties",
      "topics": [],
      "tosdr": {
        "binding": true,
        "case": "Your personal data is given to third parties",
        "point": "bad",
        "privacyRelated": true,
        "score": 10,
        "tldr": "Generated through the annotate view"
      }
    },
    "6451": {
      "id": "6451",
      "needModeration": false,
      "quoteDoc": " Privacy Policy",
      "quoteEnd": 9081,
      "quoteStart": 8177,
      "quoteText": "We collect personal information about your customers that you\nshare with us or that customers provide while shopping or during\ncheckout.</p>\n<ul>\n<li>We use this information to provide you with our Services and\nso that you can process orders and better serve your\ncustomers.</li>\n</ul>\n</li>\n<li>\n<p>Where we need to verify your identity (for example, if there are\nconcerns around identity theft, or if you call into support and we\nneed to authenticate your account), we may request that you\nprovide us with government-issued identification information.</p>\n</li>\n<li>\n<p>We use some of the personal information you provide us to conduct\nsome level of automated decision-making -- for example, we use\ncertain personal information to help us screen accounts for risk\nor fraud concerns.</p>\n</li>\n<li>\n<p>We will also use personal information in other cases where you\nhave given us your express permission.",
      "services": [
        "shopify"
      ],
      "title": "This service uses your personal information for many different purposes",
      "topics": [],
      "tosdr": {
        "binding": true,
        "case": "This service uses your personal information for many different purposes",
        "point": "bad",
        "score": 40,
        "tldr": "Generated through the annotate view"
      }
    },
    "6684": {
      "id": "6684",
      "quoteDoc": " Terms of Service",
      "quoteEnd": 34521,
      "quoteStart": 34482,
      "quoteText": "Shopify does not provide refunds.</li>\n",
      "services": [
        "shopify"
      ],
      "title": "The service has a no refund policy",
      "topics": [],
      "tosdr": {
        "binding": true,
        "case": "The service has a no refund policy",
        "point": "neutral",
        "score": 50,
        "tldr": "Generated through the annotate view"
      }
    },
    "6885": {
      "id": "6885",
      "quoteDoc": " Terms of Service",
      "quoteEnd": 20380,
      "quoteStart": 19675,
      "quoteText": "\n<li>In no event shall Shopify or our suppliers be liable for lost\nprofits or any special, incidental or consequential damages\narising out of or in connection with our site, our services or\nthese Terms of Service (however arising including negligence).\nYou\nagree to indemnify and hold us and (as applicable) our parent,\nsubsidiaries, affiliates, Shopify partners, officers, directors,\nagents, employees, and suppliers harmless from any claim or demand,\nincluding reasonable attorneys’ fees, made by any third party due\nto or arising out of your breach of these Terms of Service or the\ndocuments it incorporates by reference (including the AUP), or your\nviolation of any law or the rights of a third party.",
      "services": [
        "shopify"
      ],
      "title": "You agree to defend, indemnify, and hold the service harmless in case of a claim related to your use of the service",
      "topics": [],
      "tosdr": {
        "binding": true,
        "case": "You agree to defend, indemnify, and hold the service harmless in case of a claim related to your use of the service",
        "point": "bad",
        "score": 60,
        "tldr": "Generated through the annotate view"
      }
    },
    "6886": {
      "id": "6886",
      "quoteDoc": " Terms of Service",
      "quoteEnd": 21046,
      "quoteStart": 20385,
      "quoteText": "\n<li>Your use of the Service is at your sole risk.\nThe Service is\nprovided on an “as is” and “as available” basis without any\nwarranty or condition, express, implied or statutory.</li>\n<li>Shopify does not warrant that the Service will be uninterrupted,\ntimely, secure, or error-free.</li>\n<li>Shopify does not warrant that the results that may be obtained\nfrom the use of the Service will be accurate or reliable.</li>\n<li>Shopify does not warrant that the quality of any products,\nservices, information, or other Materials purchased or obtained by\nyou through the Service will meet your expectations, or that any\nerrors in the Service will be corrected.</li>\n",
      "services": [
        "shopify"
      ],
      "title": "The service is provided 'as is' and to be used at the users' sole risk",
      "topics": [],
      "tosdr": {
        "binding": true,
        "case": "The service is provided 'as is' and to be used at the users' sole risk",
        "point": "bad",
        "score": 20,
        "tldr": "Generated through the annotate view"
      }
    }
  },
  "urls": [
    "shopify.com",
    "https://www.shopify.com.sg",
    "https://www.shopify.com.ca",
    "https://www.shopify.com.nz"
  ]
}