{
  "alexa": 973501,
  "class": false,
  "links": {},
  "points": [
    "4355"
  ],
  "pointsData": {
    "4355": {
      "id": "4355",
      "quoteDoc": "Privacy Policy",
      "quoteEnd": 2585,
      "quoteStart": 2464,
      "quoteText": "the app may use third party code and libraries that use \"cookies\" to collection information and to improve their services",
      "services": [
        "skycloud"
      ],
      "title": "sets third-party cookies and/or ads",
      "topics": [],
      "tosdr": {
        "binding": true,
        "case": "Tracking via third-party cookies for other purposes without your consent.",
        "point": "bad",
        "privacyRelated": true,
        "score": 70,
        "tldr": "sets third-party cookies and/or ads"
      }
    }
  },
  "urls": [
    "skycloud.pro"
  ]
}