{
  "alexa": 275,
  "class": false,
  "links": {},
  "points": [
    "1201",
    "5638",
    "5639",
    "5640",
    "5641",
    "5642",
    "5643",
    "5644",
    "5645"
  ],
  "pointsData": {
    "1201": {
      "id": "1201",
      "needModeration": false,
      "quoteDoc": "Privacy Policy",
      "quoteEnd": 6634,
      "quoteStart": 6127,
      "quoteText": "Log data</em>.\nAs with most websites and technology services delivered over the Internet, our servers automatically collect information when you access or use our Websites or Services and record it in log files.\nThis log data may include the Internet Protocol (IP) address, the address of the web page visited before using the Website or Services, browser type and settings, the date and time the Services were used, information about browser configuration and plugins, language preferences and cookie data.",
      "services": [
        "slack"
      ],
      "slug": "1201",
      "title": "The service may use tracking pixels, web beacons, browser fingerprinting, and/or device fingerprinting on users.",
      "topics": [],
      "tosdr": {
        "binding": true,
        "case": "The service may use tracking pixels, web beacons, browser fingerprinting, and/or device fingerprinting on users.",
        "point": "bad",
        "privacyRelated": true,
        "score": 50,
        "tldr": "In the Slack privacy policy, it says that it collects your \"Internet Protocol address, the address of the web page you visited before using the Services, your browser type and settings, the date and time of your use of the Services, information about your browser configuration and plug-ins, language preferences, and cookie data.\""
      }
    },
    "5638": {
      "id": "5638",
      "needModeration": false,
      "quoteDoc": "Terms of Service",
      "quoteEnd": 1560,
      "quoteStart": 1533,
      "quoteText": "Effective: January 31, 2018",
      "services": [
        "slack"
      ],
      "title": "There is a date of the last update of the terms",
      "topics": [],
      "tosdr": {
        "binding": true,
        "case": "There is a date of the last update of the terms",
        "point": "neutral",
        "score": 50,
        "tldr": "Generated through the annotate view"
      }
    },
    "5639": {
      "id": "5639",
      "needModeration": false,
      "quoteDoc": "Terms of Service",
      "quoteEnd": 10296,
      "quoteStart": 10209,
      "quoteText": "The Services are not intended for and should not be used by anyone under the age of 16.",
      "services": [
        "slack"
      ],
      "title": "This service is only available to users of a certain age",
      "topics": [],
      "tosdr": {
        "binding": true,
        "case": "This service is only available to users of a certain age",
        "point": "neutral",
        "score": 15,
        "tldr": "Generated through the annotate view"
      }
    },
    "5640": {
      "id": "5640",
      "needModeration": false,
      "quoteDoc": "Terms of Service",
      "quoteEnd": 11351,
      "quoteStart": 11234,
      "quoteText": "Payment obligations are non-cancelable and, except as expressly stated in the Contract, fees paid are non-refundable.",
      "services": [
        "slack"
      ],
      "title": "The service has a no refund policy",
      "topics": [],
      "tosdr": {
        "binding": true,
        "case": "The service has a no refund policy",
        "point": "neutral",
        "score": 50,
        "tldr": "Generated through the annotate view"
      }
    },
    "5641": {
      "id": "5641",
      "needModeration": false,
      "quoteDoc": "Terms of Service",
      "quoteEnd": 16470,
      "quoteStart": 16288,
      "quoteText": "Customer (not us) bears sole responsibility for adequate security, protection and backup of Customer Data when in Customer’s or its representatives’ or agents’ possession or control.",
      "services": [
        "slack"
      ],
      "title": "You are responsible for maintaining the security of your account and for the activities on your account",
      "topics": [],
      "tosdr": {
        "binding": true,
        "case": "You are responsible for maintaining the security of your account and for the activities on your account",
        "point": "neutral",
        "score": 10,
        "tldr": "Generated through the annotate view"
      }
    },
    "5642": {
      "id": "5642",
      "needModeration": false,
      "quoteDoc": "Terms of Service",
      "quoteEnd": 17202,
      "quoteStart": 17113,
      "quoteText": "Customer will own all Customer Data.\nSubject to the terms and conditions of the Contract,",
      "services": [
        "slack"
      ],
      "title": "You maintain ownership of your data",
      "topics": [],
      "tosdr": {
        "binding": true,
        "case": "You maintain ownership of your data",
        "point": "good",
        "score": 50,
        "tldr": "Generated through the annotate view"
      }
    },
    "5643": {
      "id": "5643",
      "needModeration": false,
      "quoteDoc": "Terms of Service",
      "quoteEnd": 20216,
      "quoteStart": 20141,
      "quoteText": "<p>Customer may terminate its free subscriptions immediately without cause.",
      "services": [
        "slack"
      ],
      "title": "You have the right to leave this service at any time",
      "topics": [],
      "tosdr": {
        "binding": true,
        "case": "You have the right to leave this service at any time",
        "point": "good",
        "score": 15,
        "tldr": "Generated through the annotate view"
      }
    },
    "5644": {
      "id": "5644",
      "needModeration": false,
      "quoteDoc": "Terms of Service",
      "quoteEnd": 23916,
      "quoteStart": 23747,
      "quoteText": "The Services support logins using two-factor authentication (“<strong>2FA</strong>”), which is known to reduce the risk of unauthorized use of or access to the Services.",
      "services": [
        "slack"
      ],
      "title": "The service provides two factor authentification for your account",
      "topics": [],
      "tosdr": {
        "binding": true,
        "case": "The service provides two factor authentification for your account",
        "point": "good",
        "score": 25,
        "tldr": "Generated through the annotate view"
      }
    },
    "5645": {
      "id": "5645",
      "needModeration": false,
      "quoteDoc": "Terms of Service",
      "quoteEnd": 34158,
      "quoteStart": 33911,
      "quoteText": "If we make a material change to the Contract, we will provide Customer with reasonable notice prior to the change taking effect, either by emailing the email address associated with Customer’s account or by messaging Customer through the Services.",
      "services": [
        "slack"
      ],
      "title": "Users should revisit the terms periodically, although in case of material changes, the service will notify",
      "topics": [],
      "tosdr": {
        "binding": true,
        "case": "Users should revisit the terms periodically, although in case of material changes, the service will notify",
        "point": "neutral",
        "score": 50,
        "tldr": "Generated through the annotate view"
      }
    }
  },
  "urls": [
    "slack.com"
  ]
}