{
  "alexa": 2847,
  "class": false,
  "links": {},
  "points": [
    "4375",
    "4376"
  ],
  "pointsData": {
    "4375": {
      "id": "4375",
      "services": [
        "slither-io"
      ],
      "title": "easy to read",
      "topics": [],
      "tosdr": {
        "binding": true,
        "case": "The terms for this service are easy to read",
        "point": "good",
        "score": 15,
        "tldr": "easy to read"
      }
    },
    "4376": {
      "id": "4376",
      "quoteDoc": "Privacy Policy",
      "quoteEnd": 1019,
      "quoteStart": 945,
      "quoteText": "We may occasionally revise our privacy policy by posting the changes here.",
      "services": [
        "slither-io"
      ],
      "title": "The service makes critical changes to its terms without user involvement",
      "topics": [],
      "tosdr": {
        "binding": true,
        "case": "The service makes critical changes to its terms without user involvement",
        "point": "bad",
        "score": 35,
        "tldr": "The privacy can be revised, but there is nothing about notifying users about changes."
      }
    }
  },
  "urls": [
    "slither.io"
  ]
}