{
  "alexa": 4606,
  "class": false,
  "links": {},
  "points": [
    "1650"
  ],
  "pointsData": {
    "1650": {
      "discussion": "https://groups.google.com/forum#!topic/tosdr/4VImnx0mmEE",
      "id": "1650",
      "needModeration": false,
      "quoteDoc": "Privacy Center",
      "quoteEnd": 3194,
      "quoteStart": 3076,
      "quoteText": "After a Snap is deleted, we’ll mainly be able to see the basic details — like when it was sent and who it was sent to.",
      "services": [
        "snapchat"
      ],
      "slug": "4VImnx0mmEE",
      "title": "This service holds onto content that you've deleted",
      "topics": [],
      "tosdr": {
        "binding": true,
        "case": "This service holds onto content that you've deleted",
        "point": "blocker",
        "score": 30,
        "tldr": "They say that „Mainly“ they can only see basic information. Obviously that implies that they may save any other data as well so that exceptions to the „Mainly“ are possible."
      }
    }
  },
  "urls": [
    "snapchat.com"
  ]
}