{
  "alexa": 2046,
  "class": false,
  "links": {
    "Privacy Policy": {
      "name": "Privacy Policy",
      "url": "http://www.softpedia.com/user/privacy.shtml"
    }
  },
  "points": [
    "1339",
    "1668",
    "1790",
    "2137"
  ],
  "pointsData": {
    "1339": {
      "discussion": "https://groups.google.com/d/topic/tosdr/KQJyP9BNefM/discussion",
      "id": "1339",
      "needModeration": false,
      "quoteDoc": "Privacy Policy",
      "quoteEnd": 3278,
      "quoteStart": 3148,
      "quoteText": "Softpedia allows other companies, called third-party ad servers or ad networks, to serve advertisements within the Softpedia site.",
      "services": [
        "softpedia"
      ],
      "set": "set+service+and+topic",
      "slug": "KQJyP9BNefM",
      "title": "Softpedia uses third-party targeted advertising",
      "topics": [
        "track%22%2C+%22third"
      ],
      "tosdr": {
        "binding": true,
        "case": "The service uses your personal data to employ targeted third-party advertising",
        "point": "bad",
        "privacyRelated": true,
        "score": 30,
        "tldr": ""
      }
    },
    "1668": {
      "discussion": "https://groups.google.com/d/topic/tosdr/wOJLkqG_y2w/discussion",
      "id": "1668",
      "needModeration": false,
      "quoteDoc": "Terms and Conditions of Use",
      "quoteEnd": 8328,
      "quoteStart": 8051,
      "quoteText": "By displaying or publishing (\"posting\") any Content on or through the Softpedia Services, you hereby grant to SoftNews NET a limited license to use, modify, publicly perform, publicly display, reproduce, and distribute such Content solely on and through the Softpedia Services.",
      "services": [
        "softpedia"
      ],
      "set": "set+service+and+topic",
      "slug": "wOJLkqG_y2w",
      "title": "The copyright license that users grant to the service is limited for the purposes of that same service, and not third parties.",
      "topics": [
        "ownership"
      ],
      "tosdr": {
        "binding": true,
        "case": "Copyright license limited for the purposes of that same service but transferable and sublicenseable",
        "point": "good",
        "score": 15,
        "tldr": "Generated through the annotate view"
      }
    },
    "1790": {
      "discussion": "https://groups.google.com/d/topic/tosdr/15JOCQH4CsY/discussion",
      "id": "1790",
      "needModeration": false,
      "quoteDoc": "Terms and Conditions of Use",
      "quoteEnd": 3211,
      "quoteStart": 3058,
      "quoteText": "Softpedia.com may suspend or terminate your Membership at any time, without warning, or may limit your access to the Website content, or to a part of it.",
      "services": [
        "softpedia"
      ],
      "set": "set+service+and+topic",
      "slug": "15JOCQH4CsY",
      "title": "The service can delete your account without prior notice and without a reason",
      "topics": [
        "suspension"
      ],
      "tosdr": {
        "binding": true,
        "case": "The service can delete your account without prior notice and without a reason",
        "point": "bad",
        "score": 60,
        "tldr": "Softpedia may terminate some or all of its services or content at any time without nice"
      }
    },
    "2137": {
      "discussion": "https://groups.google.com/d/topic/tosdr/txGA23qvQ50/discussion",
      "id": "2137",
      "needModeration": false,
      "quoteDoc": "Terms and Conditions of Use",
      "quoteEnd": 16675,
      "quoteStart": 16380,
      "quoteText": "Parties' rights and obligations, imposed by the present Agreement, as well as all juridical effects produced by the Agreement shall be interpreted and governed by the Romanian laws effective at that time.\nAny dispute concerning this Agreement shall be solved by competent Romanian Courts of Law.",
      "services": [
        "softpedia"
      ],
      "set": "set+service+and+topic",
      "slug": "txGA23qvQ50",
      "title": "Softpedia choice of law is Romania",
      "topics": [
        "jurisdiction-law"
      ],
      "tosdr": {
        "binding": true,
        "case": "The court of law governing the terms is in location X",
        "point": "neutral",
        "score": 0,
        "tldr": "Softpedia choice of law is Romania"
      }
    }
  },
  "urls": [
    "softpedia.com"
  ]
}