{
  "alexa": 67917,
  "class": false,
  "links": {},
  "points": [
    "6745",
    "6746",
    "6749",
    "6750"
  ],
  "pointsData": {
    "6745": {
      "id": "6745",
      "quoteDoc": "Ads and Tracking",
      "quoteEnd": 2469,
      "quoteStart": 2351,
      "quoteText": " If you configure your computer to block cookies, you may not be able to access certain functionality on our site.</p>",
      "services": [
        "sonicdrive-in"
      ],
      "title": "Blocking cookies may limit your ability to use the service",
      "topics": [],
      "tosdr": {
        "binding": true,
        "case": "Blocking cookies may limit your ability to use the service",
        "point": "bad",
        "score": 50,
        "tldr": "Generated through the annotate view"
      }
    },
    "6746": {
      "id": "6746",
      "quoteDoc": "Terms of Use",
      "quoteEnd": 35146,
      "quoteStart": 35111,
      "quoteText": "<em> Last Updated: February 6, 2019",
      "services": [
        "sonicdrive-in"
      ],
      "title": "There is a date of the last update of the terms",
      "topics": [],
      "tosdr": {
        "binding": true,
        "case": "There is a date of the last update of the terms",
        "point": "neutral",
        "score": 50,
        "tldr": "Generated through the annotate view"
      }
    },
    "6749": {
      "id": "6749",
      "quoteDoc": "Terms of Use",
      "quoteEnd": 10410,
      "quoteStart": 10109,
      "quoteText": "It is entirely your responsibility to maintain the confidentiality of your user name, password and other account information.\nAdditionally, you are entirely responsible for any and all activities that occur under your account.\nYou agree to notify us immediately of any unauthorized use of your account",
      "services": [
        "sonicdrive-in"
      ],
      "title": "You are responsible for maintaining the security of your account and for the activities on your account",
      "topics": [],
      "tosdr": {
        "binding": true,
        "case": "You are responsible for maintaining the security of your account and for the activities on your account",
        "point": "neutral",
        "score": 10,
        "tldr": "Generated through the annotate view"
      }
    },
    "6750": {
      "id": "6750",
      "quoteDoc": "Terms of Use",
      "quoteEnd": 24494,
      "quoteStart": 23943,
      "quoteText": "Indemnification <p> You agree to indemnify and hold SONIC, its parents, subsidiaries, officers, employees, agents, and SONIC Online Services website contractors and each of their officers, employees and agents harmless from any claims, damages and expenses, including reasonable attorneys' fees and costs, related to your violation of these Terms, including the Privacy Policy, or any violations thereof by your dependents or which arises from the use of User Content you submitted, posted, or otherwise provided to SONIC or the SONIC Online Services.",
      "services": [
        "sonicdrive-in"
      ],
      "title": "You agree to defend, indemnify, and hold the service harmless in case of a claim related to your use of the service",
      "topics": [],
      "tosdr": {
        "binding": true,
        "case": "You agree to defend, indemnify, and hold the service harmless in case of a claim related to your use of the service",
        "point": "bad",
        "score": 60,
        "tldr": "Generated through the annotate view"
      }
    }
  },
  "urls": [
    "sonicdrivein.com"
  ]
}