{
  "alexa": 376,
  "class": false,
  "links": {},
  "points": [
    "1555",
    "1599"
  ],
  "pointsData": {
    "1555": {
      "discussion": "https://groups.google.com/forum#!topic/tosdr/di_y5K5pzZw",
      "id": "1555",
      "needModeration": false,
      "quoteDoc": "Terms of Service",
      "quoteEnd": 1172,
      "quoteStart": 603,
      "quoteText": "THIS AGREEMENT CONTAINS A BINDING INDIVIDUAL ARBITRATION AND CLASS ACTION WAIVER PROVISION IN THE \"BINDING INDIVIDUAL ARBITRATION\" SECTION THAT AFFECTS YOUR RIGHTS UNDER THIS AGREEMENT WITH RESPECT TO ANY \"DISPUTE\" (AS DEFINED BELOW) BETWEEN YOU AND SIE LLC, SONY INTERACTIVE ENTERTAINMENT INC., EACH OF THEIR CURRENT OR FORMER AFFILIATES, INCLUDING PARENTS OR SUBSIDIARIES, AND ANY PREDECESSOR OR SUCCESSOR ENTITY TO ANY OF THE FOREGOING, INCLUDING SONY COMPUTER ENTERTAINMENT AMERICA LLC AND SONY INTERACTIVE ENTERTAINMENT AMERICA LLC (COLLECTIVELY, \"SONY ENTITIES\").",
      "services": [
        "sony"
      ],
      "slug": "di_y5K5pzZw",
      "title": "You wave your right to a class action.",
      "topics": [],
      "tosdr": {
        "binding": true,
        "case": "You waive your right to a class action.",
        "point": "bad",
        "score": 50,
        "tldr": "Sony Entertainment Network [bad] Binding Arbitration clause and class action waiver (30 days optout)"
      }
    },
    "1599": {
      "discussion": "https://groups.google.com/forum#!topic/tosdr/Ej7Zlf4hvXk",
      "id": "1599",
      "needModeration": false,
      "quoteDoc": "Terms of Service",
      "quoteEnd": 11941,
      "quoteStart": 11795,
      "quoteText": "We are not responsible for monitoring or recording any activity on PSN Services, including communications, although we reserve the right to do so.",
      "services": [
        "sony"
      ],
      "slug": "Ej7Zlf4hvXk",
      "title": "The service can read your private messages",
      "topics": [],
      "tosdr": {
        "binding": true,
        "case": "The service can read your private messages",
        "point": "bad",
        "privacyRelated": true,
        "score": 70,
        "tldr": "Sony SOE Terms of Service: communication surveillance, no privacy"
      }
    }
  },
  "urls": [
    "playstation.com"
  ]
}