{
  "alexa": 247,
  "class": false,
  "links": {},
  "points": [
    "6560",
    "6561",
    "6562",
    "6563",
    "6564",
    "6566",
    "6567",
    "6568",
    "6569",
    "6570",
    "6656",
    "6658",
    "6659",
    "6660",
    "6666",
    "6668",
    "6737"
  ],
  "pointsData": {
    "6560": {
      "id": "6560",
      "quoteDoc": "Terms of Use",
      "quoteEnd": 3771,
      "quoteStart": 3526,
      "quoteText": "We may refuse to grant you a username that impersonates someone else, violates or infringes on the trademark or proprietary rights of a third party, or is vulgar, offensive, or otherwise inappropriate, as determined by us in our sole discretion.",
      "services": [
        "speedtestbyookla"
      ],
      "title": "Usernames can be rejected for any reason",
      "topics": [],
      "tosdr": {
        "binding": true,
        "case": "Usernames can be rejected for any reason",
        "point": "bad",
        "score": 20,
        "tldr": "Generated through the annotate view"
      }
    },
    "6561": {
      "id": "6561",
      "quoteDoc": "Terms of Use",
      "quoteEnd": 61,
      "quoteStart": 31,
      "quoteText": "<p>Effective May 14, 2019</p>\n",
      "services": [
        "speedtestbyookla"
      ],
      "title": "There is a date of the last update of the terms",
      "topics": [],
      "tosdr": {
        "binding": true,
        "case": "There is a date of the last update of the terms",
        "point": "neutral",
        "score": 50,
        "tldr": "Generated through the annotate view"
      }
    },
    "6562": {
      "id": "6562",
      "quoteDoc": "Terms of Use",
      "quoteEnd": 11668,
      "quoteStart": 11583,
      "quoteText": "<p>Submit Material, or engage in any activity, that is libelous, defamatory, obscene,",
      "services": [
        "speedtestbyookla"
      ],
      "title": "Users agree not to submit libelous, harassing or threatening content",
      "topics": [],
      "tosdr": {
        "binding": true,
        "case": "Users agree not to submit libelous, harassing or threatening content",
        "point": "neutral",
        "score": 20,
        "tldr": "Generated through the annotate view"
      }
    },
    "6563": {
      "id": "6563",
      "quoteDoc": "Terms of Use",
      "quoteEnd": 10446,
      "quoteStart": 10434,
      "quoteText": "pornographic",
      "services": [
        "speedtestbyookla"
      ],
      "title": "Prohibits the posting of pornographic content",
      "topics": [],
      "tosdr": {
        "binding": true,
        "case": "Prohibits the posting of pornographic content",
        "point": "neutral",
        "score": 15,
        "tldr": "Generated through the annotate view"
      }
    },
    "6564": {
      "id": "6564",
      "quoteDoc": "Terms of Use",
      "quoteEnd": 18540,
      "quoteStart": 17532,
      "quoteText": "You agree to indemnify, defend and hold Ookla and its affiliates, and their respective officers, directors, owners, agents, information providers and licensors (collectively, the “Ookla Parties”) harmless from and against any and all claims, liability, losses, damages, costs and expenses (including attorneys’ fees) incurred by any Ookla Party in connection with:</p>\n<ul>\n<li>Your use of, or connection to, our Services;</li>\n<li>Any use or alleged use of your accounts or your passwords by any person, whether or not authorized by you;</li>\n<li>The content, the quality, or the performance of Material that you submit;</li>\n<li>Your violation of the Agreement or the Ookla Privacy Policy.\nor</li>\n<li>Your violation of the rights of any other person or entity.</li>\n</ul>\n<p>Ookla reserves the right, at its own expense, to assume the exclusive defense and control of any matter otherwise subject to indemnification by you, and in such case, you agree to cooperate with Ookla’s defense of such claim.</p>\n",
      "services": [
        "speedtestbyookla"
      ],
      "title": "You agree to defend, indemnify, and hold the service harmless in case of a claim related to your use of the service",
      "topics": [],
      "tosdr": {
        "binding": true,
        "case": "You agree to defend, indemnify, and hold the service harmless in case of a claim related to your use of the service",
        "point": "bad",
        "score": 60,
        "tldr": "Generated through the annotate view"
      }
    },
    "6566": {
      "id": "6566",
      "quoteDoc": "Terms of Use",
      "quoteEnd": 23916,
      "quoteStart": 23836,
      "quoteText": "The Services and the Content are distributed on an “as is, as available” basis.\n",
      "services": [
        "speedtestbyookla"
      ],
      "title": "The service is provided 'as is' and to be used at the users' sole risk",
      "topics": [],
      "tosdr": {
        "binding": true,
        "case": "The service is provided 'as is' and to be used at the users' sole risk",
        "point": "bad",
        "score": 20,
        "tldr": "Generated through the annotate view"
      }
    },
    "6567": {
      "id": "6567",
      "quoteDoc": "Terms of Use",
      "quoteEnd": 9751,
      "quoteStart": 9156,
      "quoteText": "\n<p>To the extent that you provide us with any suggestions, feedback or other information relating to our business or the Services (including, but not limited to, suggested new products or services or improvements to existing products and services), such information is provided to us on a non-confidential and unrestricted basis, and you hereby grant to the Licensee (as defined above) a non-exclusive, worldwide, perpetual, royalty-free, fully transferable and sublicensable right and license to reproduce, display, distribute, use and fully exploit such suggestions, feedback and information.",
      "services": [
        "speedtestbyookla"
      ],
      "title": "If you offer suggestions to the service, they become the owner of the ideas that you give them",
      "topics": [],
      "tosdr": {
        "binding": true,
        "case": "If you offer suggestions to the service, they become the owner of the ideas that you give them",
        "point": "bad",
        "score": 50,
        "tldr": "Generated through the annotate view"
      }
    },
    "6568": {
      "id": "6568",
      "quoteDoc": "Terms of Use",
      "quoteEnd": 28483,
      "quoteStart": 28035,
      "quoteText": "Member Disputes.</strong>\n</p>\n<p>You are solely responsible for your interactions with other Members of the Services.\nOokla reserves the right, but has no obligation, to monitor disputes between you and other Members and to take action (e.g., account deletion or removal of content posted by a user) if Ookla determines that there has been a violation of the Agreement or if such action is otherwise necessary or desirable, in its sole discretion.",
      "services": [
        "speedtestbyookla"
      ],
      "title": "The service can intervene in user disputes",
      "topics": [],
      "tosdr": {
        "binding": true,
        "case": "The service can intervene in user disputes",
        "point": "neutral",
        "score": 40,
        "tldr": "Generated through the annotate view"
      }
    },
    "6569": {
      "id": "6569",
      "quoteDoc": "Privacy Policy",
      "quoteEnd": 58697,
      "quoteStart": 58490,
      "quoteText": "However, if you “turn off,” purge, or disable cookies or pixel tags, although you may still use the Services, you may not be able to use all of the features, functions, or services available on the Services.",
      "services": [
        "speedtestbyookla"
      ],
      "title": "Blocking cookies may limit your ability to use the service",
      "topics": [],
      "tosdr": {
        "binding": true,
        "case": "Blocking cookies may limit your ability to use the service",
        "point": "bad",
        "score": 50,
        "tldr": "Generated through the annotate view"
      }
    },
    "6570": {
      "id": "6570",
      "quoteDoc": "Privacy Policy",
      "quoteEnd": 59856,
      "quoteStart": 59715,
      "quoteText": "While we give our users many avenues to opt out of providing Personal Information, we do not respond to Web browsers’ “do not track” signals.",
      "services": [
        "speedtestbyookla"
      ],
      "title": "This service ignores the Do Not Track (DNT) header and tracks users anyway even if they set this header.",
      "topics": [],
      "tosdr": {
        "binding": true,
        "case": "This service ignores the Do Not Track (DNT) header and tracks users anyway even if they set this header.",
        "point": "bad",
        "score": 60,
        "tldr": "Generated through the annotate view"
      }
    },
    "6656": {
      "id": "6656",
      "quoteDoc": "Terms of Use",
      "quoteEnd": 32273,
      "quoteStart": 31968,
      "quoteText": "imitation Period for Claims.</strong>\n</p>\n<p>You agree that regardless of any statute or law to the contrary, any claim or cause of action arising out of or related to use of our sites or the Agreement must be filed within one (1) year after such claim or cause of action arose or be forever barred.</p>\n",
      "services": [
        "speedtestbyookla"
      ],
      "title": "Users have a reduced time period to take legal action against the service",
      "topics": [],
      "tosdr": {
        "binding": true,
        "case": "Users have a reduced time period to take legal action against the service",
        "point": "bad",
        "score": 50,
        "tldr": "Generated through the annotate view"
      }
    },
    "6658": {
      "id": "6658",
      "quoteDoc": "Privacy Policy",
      "quoteEnd": 4573,
      "quoteStart": 4499,
      "quoteText": "We may Process the following categories of Personal Information about you:",
      "services": [
        "speedtestbyookla"
      ],
      "title": "The service collects many different types of personal data",
      "topics": [],
      "tosdr": {
        "binding": true,
        "case": "The service collects many different types of personal data",
        "point": "bad",
        "privacyRelated": true,
        "score": 70,
        "tldr": "This comes after that statement:\r\n\r\n\"Personal details: your name. username or login details. password. areas or topics of interest. and photograph (if you or another user posts a photo on the Service).\r\nDemographic information: gender. age/date of birth. nationality. salutation. job title, company information, education, work experience and other professional information. and language preferences.\r\nContact details:postal address. telephone and/or mobile number. email address. and your public social media handles or profile(s).\r\nConsent records: records of any consents you may have given, together with the date and time, means of consent and any related information (e.g., the subject matter of the consent).\r\nLocation information: location data that describes the precise geographic location of your device (Precise Location Data”).\r\nPurchase and payment details:records of purchases and prices. invoice records. payment records. billing address. payment method. cardholder or account holder name. payment amount. and payment date.\r\nEmployer details: where you interact with us in your capacity as an employee, the contact information of your employer (including name, address, telephone number and email address) to the extent relevant.\r\nViews and opinions: any views and opinions that you or other users choose to send to us, or publicly post about us on social media platforms or in the Services, including on forum. \r\nWe also collect other kinds of information from you or other sources, which we refer to as “Other Information\"\r\n\r\nWith other information being cookies, device, etc. after this quote"
      }
    },
    "6659": {
      "id": "6659",
      "quoteDoc": "Privacy Policy",
      "quoteEnd": 9136,
      "quoteStart": 8733,
      "quoteText": "Web Beacons, which are electronic files that allow a website to count users who have visited that page or to access certain cookies.</li>\n<li>Pixel Tags, also known as clear GIFs, beacons, spotlight tags or web bugs, which are a method for passing information from the user’s computer to a third party website.</li>\n<li>Local Shared Objects, such as Flash cookies, and Local Storage, such as HTML5.</li>",
      "services": [
        "speedtestbyookla"
      ],
      "title": "The service may use tracking pixels, web beacons, browser fingerprinting, and/or device fingerprinting on users.",
      "topics": [],
      "tosdr": {
        "binding": true,
        "case": "The service may use tracking pixels, web beacons, browser fingerprinting, and/or device fingerprinting on users.",
        "point": "bad",
        "privacyRelated": true,
        "score": 50,
        "tldr": "Generated through the annotate view"
      }
    },
    "6660": {
      "id": "6660",
      "quoteDoc": "Privacy Policy",
      "quoteEnd": 45918,
      "quoteStart": 45779,
      "quoteText": "Ookla may also collect GeoIP Data and/or Precise Location Data, and such data may also be licensed and/or transferred to third parties.</p>",
      "services": [
        "speedtestbyookla"
      ],
      "title": "This service may collect, use, and share location data",
      "topics": [],
      "tosdr": {
        "binding": true,
        "case": "This service may collect, use, and share location data",
        "point": "bad",
        "privacyRelated": true,
        "score": 75,
        "tldr": "Generated through the annotate view"
      }
    },
    "6666": {
      "id": "6666",
      "quoteDoc": "Privacy Policy",
      "quoteEnd": 39119,
      "quoteStart": 38661,
      "quoteText": "we may disclose your User Information to:</p>\n<ul>\n<li>legal and regulatory authorities, upon request, or for the purposes of reporting any actual or suspected breach of applicable law or regulation;</li>\n<li>outside professional advisors (such as accountants, auditors, or lawyers), subject to binding contractual obligations of confidentiality;</li>\n<li>third party Processors (such as analytic providers.\ndata centers.\netc.), located anywhere in the world",
      "services": [
        "speedtestbyookla"
      ],
      "title": "Your data may be processed and stored anywhere in the world",
      "topics": [],
      "tosdr": {
        "binding": true,
        "case": "Your data may be processed and stored anywhere in the world",
        "point": "bad",
        "score": 25,
        "tldr": "Generated through the annotate view"
      }
    },
    "6668": {
      "id": "6668",
      "quoteDoc": "Privacy Policy",
      "quoteEnd": 34525,
      "quoteStart": 33835,
      "quoteText": "\nFor example, if you read an article about a particular subject on the Services, we may use cookies from a vendor to later serve you an advertisement for a particular product or service related to the viewed article.\nThese third party vendors may connect information about pages you visit on the Services with information about pages you visit on other Channels and show you advertising based on this combined information.\nThese advertisements may appear when you are visiting a different section of the Services or on another Channel.\nLikewise, third party vendors may serve you advertisements when you visit the Services based on your interaction with the Services and other Channels.</p>",
      "services": [
        "speedtestbyookla"
      ],
      "title": "Your profile is combined across various products",
      "topics": [],
      "tosdr": {
        "binding": true,
        "case": "Your profile is combined across various products",
        "point": "bad",
        "privacyRelated": true,
        "score": 50,
        "tldr": "Generated through the annotate view"
      }
    },
    "6737": {
      "id": "6737",
      "quoteDoc": "Privacy Policy",
      "quoteEnd": 39779,
      "quoteStart": 39615,
      "quoteText": "in the event that we sell or transfer all or any relevant portion of our business or assets (including in the event of a reorganization, dissolution or liquidation)",
      "services": [
        "speedtestbyookla"
      ],
      "title": "The service can sell or otherwise transfer your personal data as part of a bankruptcy proceeding or other type of financial transaction.",
      "topics": [],
      "tosdr": {
        "binding": true,
        "case": "The service can sell or otherwise transfer your personal data as part of a bankruptcy proceeding or other type of financial transaction.",
        "point": "bad",
        "score": 50,
        "tldr": "Generated through the annotate view"
      }
    }
  },
  "urls": [
    "speedtest.net"
  ]
}