{
  "alexa": 95890,
  "class": false,
  "links": {
    "Privacy Policy": {
      "name": "Privacy Policy",
      "url": "https://spideroak.com/privacy-policy/"
    },
    "Terms of Use": {
      "name": "Terms of Use",
      "url": "https://spideroak.com/terms-of-use/"
    }
  },
  "points": [
    "634",
    "656"
  ],
  "pointsData": {
    "634": {
      "discussion": "https://groups.google.com/forum/#!topic/tosdr/6E0ViafyOzg",
      "id": "634",
      "needModeration": false,
      "quoteDoc": "Terms of Use",
      "quoteEnd": 14551,
      "quoteStart": 14085,
      "quoteText": "\n<p>If you opt out of the arbitration agreement (as provided below), or if the arbitration agreement is found to be unenforceable, or if you neither are a resident nor have a principal place of business in the United States or Canada, you agree to resolve any claim you have with SpiderOak exclusively in a state or federal court located in Kansas City, Missouri and to submit to the personal jurisdiction of those courts for purpose of litigating all such disputes.",
      "services": [
        "spideroak"
      ],
      "set": "set+service+and+topic",
      "slug": "6E0ViafyOzg",
      "title": "The court of law governing the terms is in location X",
      "topics": [
        "jurisdiction-law"
      ],
      "tosdr": {
        "binding": true,
        "case": "The court of law governing the terms is in location X",
        "point": "neutral",
        "score": 0,
        "tldr": "SpiderOak jurisdiction in the State of Missouri, USA"
      }
    },
    "656": {
      "discussion": "https://groups.google.com/forum/#!topic/tosdr/L7hFrfdk2jo",
      "id": "656",
      "needModeration": false,
      "quoteDoc": "Terms of Use",
      "quoteEnd": 11058,
      "quoteStart": 10989,
      "quoteText": "Our policy is not to refund subscription fees unless required by law.",
      "services": [
        "spideroak"
      ],
      "set": "set+service+and+topic",
      "slug": "L7hFrfdk2jo",
      "title": "no refund policy",
      "topics": [
        "refunds"
      ],
      "tosdr": {
        "binding": true,
        "case": "The service has a no refund policy",
        "point": "neutral",
        "score": 50,
        "tldr": "\"SpiderOak will not make any refunds of any payments made by you.\""
      }
    }
  },
  "urls": [
    "spideroak.com"
  ]
}