{
  "alexa": 8210,
  "class": false,
  "links": {},
  "points": [
    "4441",
    "4442",
    "4443",
    "4444",
    "4572",
    "4573",
    "4574",
    "4591",
    "4730",
    "4739",
    "4743",
    "4745",
    "4746"
  ],
  "pointsData": {
    "4441": {
      "id": "4441",
      "needModeration": false,
      "quoteDoc": "Terms & Rules",
      "quoteEnd": 2004,
      "quoteStart": 1844,
      "quoteText": "You are granting us with a non-exclusive, permanent, irrevocable, unlimited license to use, publish, or re-publish your Content in connection with the Service.\n",
      "services": [
        "spigotmc"
      ],
      "title": "The copyright license that users grant to the service is limited for the purposes of that same service, and not third parties.",
      "topics": [],
      "tosdr": {
        "binding": true,
        "case": "Copyright license limited for the purposes of that same service but transferable and sublicenseable",
        "point": "good",
        "score": 15,
        "tldr": "Extract from the Terms of Service: 'You are granting us with a non-exclusive, permanent, irrevocable, unlimited license to use, publish, or re-publish your Content in connection with the Service.' Apart from the permance and irrevocability of the license all points are necessary as the website, among other things, acts as a distribution platform for the software of users."
      }
    },
    "4442": {
      "id": "4442",
      "needModeration": false,
      "services": [
        "spigotmc"
      ],
      "title": "This service provides archives of their terms of service so that changes can be viewed over time",
      "topics": [],
      "tosdr": {
        "binding": true,
        "case": "This service provides archives of their terms of service so that changes can be viewed over time",
        "point": "good",
        "score": 50,
        "tldr": "Whole ToS and Rules history can be found via the source link."
      }
    },
    "4443": {
      "id": "4443",
      "needModeration": false,
      "quoteDoc": "Terms & Rules",
      "quoteEnd": 1262,
      "quoteStart": 929,
      "quoteText": "You agree to not use the Service to submit or link to any Content which is defamatory, abusive, hateful, threatening, spam or spam-like, likely to offend, contains adult or objectionable content, contains personal information of others, risks copyright infringement, encourages unlawful activity, or otherwise violates any laws.</li>",
      "services": [
        "spigotmc"
      ],
      "title": "Users agree not to submit illegal content",
      "topics": [],
      "tosdr": {
        "binding": true,
        "case": "Users agree not to submit illegal content",
        "point": "neutral",
        "score": 10,
        "tldr": "The ToS states that 'You agree to not use the Service to submit or link to any Content which is defamatory, abusive, hateful, threatening, spam or spam-like, likely to offend, contains adult or objectionable content, contains personal information of others, risks copyright infringement, encourages unlawful activity, or otherwise violates any laws.'"
      }
    },
    "4444": {
      "id": "4444",
      "needModeration": false,
      "quoteDoc": "Terms & Rules",
      "quoteEnd": 2256,
      "quoteStart": 2197,
      "quoteText": "\nIf you wish to close your account, please contact us.</li>",
      "services": [
        "spigotmc"
      ],
      "title": "You have the right to leave this service at any time",
      "topics": [],
      "tosdr": {
        "binding": true,
        "case": "You have the right to leave this service at any time",
        "point": "good",
        "score": 15,
        "tldr": "The ToS states 'If you wish to close your account, please contact us.' without any temporal limitation."
      }
    },
    "4572": {
      "id": "4572",
      "needModeration": false,
      "quoteDoc": "Terms & Rules",
      "quoteEnd": 9137,
      "quoteStart": 9019,
      "quoteText": "<li>Keeping your account secure is your responsibility.\n\"I was hacked\" and \"It was my friend/brother\" are not excuses.",
      "services": [
        "spigotmc"
      ],
      "title": "You are responsible for maintaining the security of your account and for the activities on your account",
      "topics": [],
      "tosdr": {
        "binding": true,
        "case": "You are responsible for maintaining the security of your account and for the activities on your account",
        "point": "neutral",
        "score": 10,
        "tldr": "Generated through the annotate view"
      }
    },
    "4573": {
      "id": "4573",
      "needModeration": false,
      "quoteDoc": "Terms & Rules",
      "quoteEnd": 1748,
      "quoteStart": 1559,
      "quoteText": "We reserve the rights to remove or modify any Content submitted for any reason without explanation.\nRequests for Content to be removed or modified will be undertaken only at our discretion.",
      "services": [
        "spigotmc"
      ],
      "title": "The service can delete specific content without prior notice and without a reason",
      "topics": [],
      "tosdr": {
        "binding": true,
        "case": "The service can delete specific content without prior notice and without a reason",
        "point": "blocker",
        "score": 50,
        "tldr": "Generated through the annotate view"
      }
    },
    "4574": {
      "id": "4574",
      "needModeration": false,
      "quoteDoc": "Terms & Rules",
      "quoteEnd": 8132,
      "quoteStart": 8054,
      "quoteText": "<b>Discussion or distribution of illegal content is not permitted in any form.",
      "services": [
        "spigotmc"
      ],
      "title": "Users agree not to use the service for illegal purposes",
      "topics": [],
      "tosdr": {
        "binding": true,
        "case": "Users agree not to use the service for illegal purposes",
        "point": "neutral",
        "score": 10,
        "tldr": "Generated through the annotate view"
      }
    },
    "4591": {
      "id": "4591",
      "needModeration": false,
      "quoteDoc": "Terms & Rules",
      "quoteEnd": 8599,
      "quoteStart": 8548,
      "quoteText": "Creation of multiple accounts is not permitted.</b>",
      "services": [
        "spigotmc"
      ],
      "title": "Service does not allow alternative accounts",
      "topics": [],
      "tosdr": {
        "binding": true,
        "case": "Service does not allow alternative accounts",
        "point": "neutral",
        "score": 30,
        "tldr": "Generated through the annotate view"
      }
    },
    "4730": {
      "id": "4730",
      "needModeration": false,
      "quoteDoc": "Terms & Rules",
      "quoteEnd": 2583,
      "quoteStart": 2437,
      "quoteText": "Content of an adult or sexual nature is strictly prohibited.<ol>\n<li>The general guideline for this is that content must be \"PG-13\" or below.</li>",
      "services": [
        "spigotmc"
      ],
      "title": "Prohibits the posting of pornographic content",
      "topics": [],
      "tosdr": {
        "binding": true,
        "case": "Prohibits the posting of pornographic content",
        "point": "neutral",
        "score": 15,
        "tldr": "Generated through the annotate view"
      }
    },
    "4739": {
      "id": "4739",
      "needModeration": false,
      "quoteDoc": "Terms & Rules",
      "quoteEnd": 2048,
      "quoteStart": 2004,
      "quoteText": "You retain copyright over the Content.</li>\n",
      "services": [
        "spigotmc"
      ],
      "title": "You maintain ownership of your data",
      "topics": [],
      "tosdr": {
        "binding": true,
        "case": "You maintain ownership of your data",
        "point": "good",
        "score": 50,
        "tldr": "Generated through the annotate view"
      }
    },
    "4743": {
      "id": "4743",
      "needModeration": false,
      "services": [
        "spigotmc"
      ],
      "title": "You can choose the copyright license",
      "topics": [],
      "tosdr": {
        "binding": true,
        "case": "You can choose the copyright license",
        "point": "good",
        "score": 10,
        "tldr": "As Spigot is a forum and marketplace you can choose the copyright license you want to publish your software with. Open-Source projects are handled just like closed-source ones."
      }
    },
    "4745": {
      "id": "4745",
      "needModeration": false,
      "services": [
        "spigotmc"
      ],
      "title": "There is a date of the last update of the terms",
      "topics": [],
      "tosdr": {
        "binding": true,
        "case": "There is a date of the last update of the terms",
        "point": "neutral",
        "score": 50,
        "tldr": "See the source link in the lower left corner at the end of the terms."
      }
    },
    "4746": {
      "id": "4746",
      "needModeration": false,
      "quoteDoc": "Privacy Policy",
      "quoteEnd": 8258,
      "quoteStart": 8145,
      "quoteText": "We currently do not offer website functionality for you to opt out of any “do not track” signals or listings.<br>",
      "services": [
        "spigotmc"
      ],
      "title": "This service ignores the Do Not Track (DNT) header and tracks users anyway even if they set this header.",
      "topics": [],
      "tosdr": {
        "binding": true,
        "case": "This service ignores the Do Not Track (DNT) header and tracks users anyway even if they set this header.",
        "point": "bad",
        "score": 60,
        "tldr": "Generated through the annotate view"
      }
    }
  },
  "urls": [
    "spigotmc.org"
  ]
}