{
  "alexa": 1000000,
  "class": false,
  "links": {},
  "points": [
    "5720",
    "5721",
    "5724"
  ],
  "pointsData": {
    "5720": {
      "id": "5720",
      "needModeration": false,
      "quoteDoc": "Privacy Policy",
      "quoteEnd": 1103,
      "quoteStart": 1077,
      "quoteText": "Last updated on 08/02/2019",
      "services": [
        "spinonline"
      ],
      "title": "There is a date of the last update of the terms",
      "topics": [],
      "tosdr": {
        "binding": true,
        "case": "There is a date of the last update of the terms",
        "point": "neutral",
        "score": 50,
        "tldr": "Generated through the annotate view"
      }
    },
    "5721": {
      "id": "5721",
      "needModeration": false,
      "quoteDoc": "Privacy Policy",
      "quoteEnd": 205,
      "quoteStart": 166,
      "quoteText": "membership will require your legal name",
      "services": [
        "spinonline"
      ],
      "title": "You must provide your legal name, pseudonyms are not allowed",
      "topics": [],
      "tosdr": {
        "binding": true,
        "case": "You must provide your legal name, pseudonyms are not allowed",
        "point": "bad",
        "score": 20,
        "tldr": "Generated through the annotate view"
      }
    },
    "5724": {
      "id": "5724",
      "needModeration": false,
      "quoteDoc": "Privacy Policy",
      "quoteEnd": 839,
      "quoteStart": 806,
      "quoteText": "you agree to abide by Swedish law",
      "services": [
        "spinonline"
      ],
      "title": "Users agree to comply with the law of the service's country",
      "topics": [],
      "tosdr": {
        "binding": true,
        "case": "Users agree to comply with the law of the service's country",
        "point": "neutral",
        "score": 0,
        "tldr": "Generated through the annotate view"
      }
    }
  },
  "urls": [
    "spinonline.se"
  ]
}