{
  "alexa": 121,
  "class": false,
  "links": {
    "Privacy Policy": {
      "name": "Privacy Policy",
      "url": "https://www.spotify.com/us/legal/privacy-policy/"
    },
    "Terms and Conditions of Use": {
      "name": "Terms and Conditions of Use",
      "url": "https://www.spotify.com/us/legal/end-user-agreement/"
    },
    "mobile": {
      "name": "Terms and Conditions (Mobile)",
      "url": "https://www.spotify.com/se/legal/mobile-terms-and-conditions/"
    },
    "premium": {
      "name": "Terms and Conditions (Premium)",
      "url": "https://www.spotify.com/se/legal/premium-code-terms-and-conditions/"
    },
    "unlimited": {
      "name": "Terms and Conditions (Unlimited)",
      "url": "https://www.spotify.com/se/legal/unlimited-code-terms-and-conditions/"
    }
  },
  "points": [
    "1012",
    "1082",
    "1092",
    "1143",
    "642",
    "689",
    "713",
    "719",
    "741",
    "755",
    "771",
    "817",
    "852",
    "854",
    "855",
    "877",
    "905",
    "926"
  ],
  "pointsData": {
    "642": {
      "discussion": "https://groups.google.com/d/topic/tosdr/SsibwYhQI6M/discussion",
      "id": "642",
      "meta": {
        "author": "Ian McGowan",
        "contributors": [
          "Jil Larner <jil.larner@fsfe.org>"
        ],
        "license-for-this-file": "This work is licensed under the Creative Commons Attribution-ShareAlike 3.0 Unported License. To view a copy of this license, visit http://creativecommons.org/licenses/by-sa/3.0/ or send a letter to Creative Commons, 444 Castro Street, Suite 900, Mountain View, California, 94041, .USA",
        "spec-version": "1.1"
      },
      "needModeration": false,
      "services": [
        "spotify"
      ],
      "slug": "SsibwYhQI6M",
      "source": {
        "terms": "https://www.spotify.com/us/legal/end-user-agreement/"
      },
      "title": "You grant perpetual license to anything you publish",
      "topics": [
        "scope of the copyright license"
      ],
      "tosdr": {
        "binding": true,
        "case": "You grant perpetual license to anything you publish-bad-80",
        "point": "bad",
        "score": 80,
        "tldr": "You grant perpetual license to use anything you publish. While the global license expires when you unsubscribe, public content will remain licensed and will not be deleted."
      }
    },
    "689": {
      "discussion": "https://groups.google.com/d/topic/tosdr/NE5Y7fPVdwo/discussion",
      "id": "689",
      "meta": {
        "author": "Ian McGowan",
        "contributors": [
          "Jil Larner <jil.larner@fsfe.org>"
        ],
        "license-for-this-file": "This work is licensed under the Creative Commons Attribution-ShareAlike 3.0 Unported License. To view a copy of this license, visit http://creativecommons.org/licenses/by-sa/3.0/ or send a letter to Creative Commons, 444 Castro Street, Suite 900, Mountain View, California, 94041, .USA",
        "spec-version": "1.1"
      },
      "needModeration": false,
      "quoteDoc": "Privacy Policy",
      "quoteEnd": 28253,
      "quoteStart": 26994,
      "quoteText": "Spotify shares your personal data globally with other companies in the Spotify Group in order to carry out the activities specified in this Policy.\nThis includes to Spotify Group companies in the following countries: Australia, Austria, Belgium, Brazil, Canada, Denmark, Finland, France, Germany, Hong Kong, Italy, Japan, Luxembourg, Mexico, The Netherlands, Poland, Singapore, Spain, Sweden, Switzerland, Taiwan, Turkey, United Kingdom and the United States of America.\nSpotify may also subcontract processing to, or share your personal data with, third parties located in countries other than your home country.\nYour personal data, therefore, may be subject to privacy laws that are different from those in your country of residence.</p>\n<p>Personal data collected within the European Union and Switzerland may, for example, be transferred to and processed by third parties located in a country outside of the European Union and Switzerland.\nIn such instances Spotify shall ensure that the transfer of your personal data is carried out in accordance with applicable privacy laws and, in particular, that appropriate contractual, technical, and organisational measures are in place such as the Standard Contractual Clauses approved by the EU Commission.</p>\n",
      "services": [
        "spotify"
      ],
      "slug": "NE5Y7fPVdwo",
      "source": {
        "terms": "https://www.spotify.com/us/legal/privacy-policy/"
      },
      "title": "Your data may be processed and stored anywhere in the world",
      "topics": [
        "personal information"
      ],
      "tosdr": {
        "binding": true,
        "case": "Your data may be processed and stored anywhere in the world",
        "point": "bad",
        "score": 25,
        "tldr": "Spotify may transfer and process your data outside of your home country. This includes potentially a country in which you have fewer legal rights regarding your personal information."
      }
    },
    "713": {
      "discussion": "https://groups.google.com/d/topic/tosdr/uixQPFWpk64/discussion",
      "id": "713",
      "meta": {
        "author": "Ian McGowan",
        "contributors": [
          "Jil Larner <jil.larner@fsfe.org>"
        ],
        "license-for-this-file": "This work is licensed under the Creative Commons Attribution-ShareAlike 3.0 Unported License. To view a copy of this license, visit http://creativecommons.org/licenses/by-sa/3.0/ or send a letter to Creative Commons, 444 Castro Street, Suite 900, Mountain View, California, 94041, .USA",
        "spec-version": "1.1"
      },
      "needModeration": false,
      "quoteDoc": "Privacy Policy",
      "quoteEnd": 15301,
      "quoteStart": 15047,
      "quoteText": "This personal data is used to enable Spotify and our partners / service providers to send you marketing communications either:\n<br>\n<blockquote>\n<ul>\n<li>Via email.\n</li>\n<li>Whilst using the Spotify Service.\nand/or </li>\n<li>Direct from the third party.",
      "services": [
        "spotify"
      ],
      "slug": "uixQPFWpk64",
      "source": {
        "terms": "https://www.spotify.com/us/legal/end-user-agreement/"
      },
      "title": "Your data is accessible to trading partners",
      "topics": [
        "personal-data",
        "track"
      ],
      "tosdr": {
        "binding": true,
        "case": "Your personal data is given to third parties",
        "point": "bad",
        "privacyRelated": true,
        "score": 10,
        "tldr": "Your data is accessible to any of Spotify's trading partners. In addition, such data isn't expressly defined in the EULA."
      }
    },
    "719": {
      "discussion": "https://groups.google.com/d/topic/tosdr/Kuubl4Eaxd0/discussion",
      "id": "719",
      "meta": {
        "author": "Ian McGowan",
        "contributors": [
          "Jil Larner <jil.larner@fsfe.org>"
        ],
        "license-for-this-file": "This work is licensed under the Creative Commons Attribution-ShareAlike 3.0 Unported License. To view a copy of this license, visit http://creativecommons.org/licenses/by-sa/3.0/ or send a letter to Creative Commons, 444 Castro Street, Suite 900, Mountain View, California, 94041, .USA",
        "spec-version": "1.1"
      },
      "needModeration": false,
      "quoteDoc": "Terms and Conditions of Use",
      "quoteEnd": 19703,
      "quoteStart": 19425,
      "quoteText": "Remember that shared or publicly available information may be used and re-shared by other users on Spotify or across the web, so please use Spotify carefully and be mindful of your account settings.\nSpotify has no responsibility for your choices to post material on the Service.",
      "services": [
        "spotify"
      ],
      "slug": "Kuubl4Eaxd0",
      "source": {
        "terms": "https://www.spotify.com/us/legal/privacy-policy/"
      },
      "title": "Spotify states risks of public information",
      "topics": [
        "user-info"
      ],
      "tosdr": {
        "binding": true,
        "case": "The service informs users about the risk of publishing personal info online",
        "point": "good",
        "score": 40,
        "tldr": "Spotify expressly states the implications of keeping information public, and also that certain specific information (e.g., username, profile picture) may not be able to be made private."
      }
    },
    "741": {
      "discussion": "https://groups.google.com/d/topic/tosdr/aB4Up1nYpKI/discussion",
      "id": "741",
      "meta": {
        "author": "Ian McGowan",
        "contributors": [
          "Jil Larner <jil.larner@fsfe.org>"
        ],
        "license-for-this-file": "This work is licensed under the Creative Commons Attribution-ShareAlike 3.0 Unported License. To view a copy of this license, visit http://creativecommons.org/licenses/by-sa/3.0/ or send a letter to Creative Commons, 444 Castro Street, Suite 900, Mountain View, California, 94041, .USA",
        "spec-version": "1.1"
      },
      "needModeration": false,
      "quoteDoc": "Privacy Policy",
      "quoteEnd": 29181,
      "quoteStart": 29004,
      "quoteText": "We implement appropriate technical and organisational measures to help protect the security of your personal data.\nhowever, please note that no system is ever completely secure.",
      "services": [
        "spotify"
      ],
      "slug": "aB4Up1nYpKI",
      "source": {
        "terms": "https://www.spotify.com/us/legal/privacy-policy/"
      },
      "title": "The service provider makes no warranty regarding uninterrupted, timely, secure or error-free service",
      "topics": [
        "personal information"
      ],
      "tosdr": {
        "binding": true,
        "case": "The service provider makes no warranty regarding uninterrupted, timely, secure or error-free service",
        "point": "bad",
        "score": 30,
        "tldr": "Although Spotify states they are committed to data security, the also state that they cannot guarantee any success in that area."
      }
    },
    "755": {
      "discussion": "https://groups.google.com/d/topic/tosdr/1OdZ8UFaOyM/discussion",
      "id": "755",
      "meta": {
        "author": "Ian McGowan",
        "contributors": [
          "Jil Larner <jil.larner@fsfe.org>"
        ],
        "license-for-this-file": "This work is licensed under the Creative Commons Attribution-ShareAlike 3.0 Unported License. To view a copy of this license, visit http://creativecommons.org/licenses/by-sa/3.0/ or send a letter to Creative Commons, 444 Castro Street, Suite 900, Mountain View, California, 94041, .USA",
        "spec-version": "1.1"
      },
      "needModeration": false,
      "quoteDoc": "Terms and Conditions of Use",
      "quoteEnd": 29523,
      "quoteStart": 29097,
      "quoteText": "Unless your Paid Subscription has been purchased as a Pre-Paid Period, your payment to Spotify will automatically renew at the end of the subscription period, unless you cancel your Paid Subscription through your subscription page before the end of the current subscription period.\nThe cancellation will take effect the day after the last day of the current subscription period, and you will be downgraded to the Free Service.",
      "services": [
        "spotify"
      ],
      "slug": "1OdZ8UFaOyM",
      "source": {
        "terms": "https://www.spotify.com/us/legal/end-user-agreement/"
      },
      "title": "You can unsubscribe at any time",
      "topics": [
        "leave"
      ],
      "tosdr": {
        "binding": true,
        "case": "You have the right to leave this service at any time",
        "point": "good",
        "score": 15,
        "tldr": "Spotify provides a link in order to cancel your subscription to their services, which you can do at any time. However, the cancellation takes effect after the last day of the current subscription period, so if you cancel before the end of the subscription period, Spotify will not offer you a refund."
      }
    },
    "771": {
      "discussion": "https://groups.google.com/d/topic/tosdr/gmHxO_NEbYY/discussion",
      "id": "771",
      "meta": {
        "author": "Ian McGowan",
        "contributors": [
          "Jil Larner <jil.larner@fsfe.org>"
        ],
        "license-for-this-file": "This work is licensed under the Creative Commons Attribution-ShareAlike 3.0 Unported License. To view a copy of this license, visit http://creativecommons.org/licenses/by-sa/3.0/ or send a letter to Creative Commons, 444 Castro Street, Suite 900, Mountain View, California, 94041, .USA",
        "spec-version": "1.1"
      },
      "needModeration": false,
      "quoteDoc": "Privacy Policy",
      "quoteEnd": 31074,
      "quoteStart": 30693,
      "quoteText": "We may occasionally make changes to this Policy.</p>\n<p>When we make material changes to this Policy, we’ll provide you with prominent notice as appropriate under the circumstances, e.g., by displaying a prominent notice within the Spotify Service or by sending you an email.\nWe may notify you in advance.</p>\n<p>Please, therefore, make sure you read any such notice carefully.</p>",
      "services": [
        "spotify"
      ],
      "slug": "gmHxO_NEbYY",
      "source": {
        "terms": "https://www.spotify.com/us/legal/end-user-agreement/"
      },
      "title": "Users should revisit the terms periodically, although in case of material changes, the service will notify",
      "topics": [
        "changes-notice"
      ],
      "tosdr": {
        "binding": true,
        "case": "Users should revisit the terms periodically, although in case of material changes, the service will notify",
        "point": "neutral",
        "score": 50,
        "tldr": ""
      }
    },
    "817": {
      "discussion": "https://groups.google.com/d/topic/tosdr/2vAAIqFyMKc/discussion",
      "id": "817",
      "meta": {
        "author": "Ian McGowan",
        "contributors": [
          "Jil Larner <jil.larner@fsfe.org>"
        ],
        "license-for-this-file": "This work is licensed under the Creative Commons Attribution-ShareAlike 3.0 Unported License. To view a copy of this license, visit http://creativecommons.org/licenses/by-sa/3.0/ or send a letter to Creative Commons, 444 Castro Street, Suite 900, Mountain View, California, 94041, .USA",
        "spec-version": "1.1"
      },
      "needModeration": false,
      "quoteDoc": "Privacy Policy",
      "quoteEnd": 11312,
      "quoteStart": 9144,
      "quoteText": "<p>We have set out in the tables below the categories of personal data we collect and use about you:</p>\n<p>\n<strong>\n<em>Personal data collected when you sign up for the Spotify Service</em>\n</strong>\n</p> Categories of personal data\nDescription of category\n<strong>Account Registration Data</strong>\nThis is the personal data that is provided by you or collected by us to enable you to sign up for and use the Spotify Service.\nThis includes your email address, birth date, gender, postal code, and country.\n<br>\n<br>\nSome of the personal data we will ask you to provide is required in order to create your account.\nYou also have the option to provide us with some additional personal data in order to make your account more personalized.\n<br>\n<br>\nThe exact personal data we will collect depends on the type of Spotify Service plan you sign up for and whether or not you use a Third Party Service (as defined in the Terms and Conditions of Use, such as Facebook) to sign up and use the Spotify Service.\nIf you use a Third Party Service to create an account, we will receive personal data via that Third Party Service but only when you have consented to that Third Party Service sharing your personal data with us.\n<p>\n<strong>\n<em>Personal data collected through your use of the Spotify Service</em>\n</strong>\n</p> Categories of personal data\nDescription of category\n<strong>Spotify Service Usage Data</strong>\nThis is the personal data that is collected about you when you are using the Spotify Service - this may include: <br>\n<blockquote>\n<ul>\n<li>Information about your type of Spotify Service plan.</li>\n<li>Information about your interactions with the Spotify Service which includes the date and time of any requests you make, songs you have listened to, playlists you create, video content you’ve watched, and your interactions with other Spotify users.\nThis also may include details of your use of Third Party Applications and advertising you receive.</li>\n<li>User Content (as defined in the Terms and Conditions of Use) you post to Spotify including messages you send and/or receive via Spotify and your interactions with the Spotify Customer Service team.",
      "services": [
        "spotify"
      ],
      "slug": "2vAAIqFyMKc",
      "source": {
        "terms": "https://www.spotify.com/us/legal/privacy-policy/"
      },
      "title": "Personal data is defined",
      "topics": [
        "user-info"
      ],
      "tosdr": {
        "binding": true,
        "case": "The service provides details about what kinds of personal information they collect",
        "point": "good",
        "score": 30,
        "tldr": "Personal data is described in PP §2. However, If you connect to Spotify using Facebook, they will have access to more data."
      }
    },
    "852": {
      "discussion": "https://groups.google.com/d/topic/tosdr/1i3hOEOUGKE/discussion",
      "id": "852",
      "meta": {
        "author": "Ian McGowan",
        "contributors": [
          "Jil Larner <jil.larner@fsfe.org>"
        ],
        "license-for-this-file": "This work is licensed under the Creative Commons Attribution-ShareAlike 3.0 Unported License. To view a copy of this license, visit http://creativecommons.org/licenses/by-sa/3.0/ or send a letter to Creative Commons, 444 Castro Street, Suite 900, Mountain View, California, 94041, .USA",
        "spec-version": "1.1"
      },
      "needModeration": false,
      "quoteDoc": "Terms and Conditions of Use",
      "quoteEnd": 31549,
      "quoteStart": 31308,
      "quoteText": "Spotify may terminate the Agreements or suspend your access to the Spotify Service at any time, including in the event of your actual or suspected unauthorised use of the Spotify Service and/or Content, or non-compliance with the Agreements.",
      "services": [
        "spotify"
      ],
      "slug": "1i3hOEOUGKE",
      "source": {
        "terms": "https://www.spotify.com/us/legal/end-user-agreement/"
      },
      "title": "Spotify can delete your account without telling you",
      "topics": [
        "suspension"
      ],
      "tosdr": {
        "binding": true,
        "case": "The service can delete your account without prior notice and without a reason",
        "point": "bad",
        "score": 60,
        "tldr": "Spotify can close your account without notice, without refund, for any or no reason."
      }
    },
    "854": {
      "discussion": "https://groups.google.com/d/topic/tosdr/2cS-f92l3Wo/discussion",
      "id": "854",
      "meta": {
        "author": "Ian McGowan",
        "contributors": [
          "Jil Larner <jil.larner@fsfe.org>"
        ],
        "license-for-this-file": "This work is licensed under the Creative Commons Attribution-ShareAlike 3.0 Unported License. To view a copy of this license, visit http://creativecommons.org/licenses/by-sa/3.0/ or send a letter to Creative Commons, 444 Castro Street, Suite 900, Mountain View, California, 94041, .USA",
        "spec-version": "1.1"
      },
      "needModeration": false,
      "quoteDoc": "Privacy Policy",
      "quoteEnd": 14789,
      "quoteStart": 13978,
      "quoteText": "We may collect such personal data if you sign up for a Trial or purchase any of our Paid Subscriptions (as defined in the Terms and Conditions of Use) or make other purchases through the Spotify Service.\nThe exact personal data collected will vary depending on the payment method (e.g.\ndirect via your mobile phone carrier or by invoice) but will include information such as: <blockquote>\n<ul>\n<li>Name.\n</li>\n<li>Date of birth;</li>\n<li>Credit or debit card type, expiration date, and certain digits of your card number;</li>\n<li>Postal code;</li>\n<li>Mobile phone number.\nand </li>\n<li>Details of your transaction history.</li>\n</ul>\n</blockquote> If you choose to pay by invoice, we will provide your personal data to our payment processors to enable them to complete a credit check and to send you invoices.",
      "reason": "not necessary to mention",
      "services": [
        "spotify"
      ],
      "slug": "2cS-f92l3Wo",
      "source": {
        "terms": "https://www.spotify.com/us/legal/privacy-policy/"
      },
      "title": "The service provides information about how they collect personal data",
      "topics": [
        "third parties"
      ],
      "tosdr": {
        "binding": true,
        "case": "The service provides information about how they collect personal data",
        "irrelevant": false,
        "point": "good",
        "privacyRelated": true,
        "reason": true,
        "score": 50,
        "tldr": "Spotify uses a third party to process payments, although they do not specify who. However, the privacy policy does specify the limited information that is provided to Spotify from this third party (e.g., card type, expiration date, last four digits)."
      }
    },
    "855": {
      "discussion": "https://groups.google.com/d/topic/tosdr/0_MR5Jg90Qc/discussion",
      "id": "855",
      "meta": {
        "author": "Ian McGowan",
        "contributors": [
          "Jil Larner <jil.larner@fsfe.org>"
        ],
        "license-for-this-file": "This work is licensed under the Creative Commons Attribution-ShareAlike 3.0 Unported License. To view a copy of this license, visit http://creativecommons.org/licenses/by-sa/3.0/ or send a letter to Creative Commons, 444 Castro Street, Suite 900, Mountain View, California, 94041, .USA",
        "spec-version": "1.1"
      },
      "needModeration": false,
      "quoteDoc": "Privacy Policy",
      "quoteEnd": 24733,
      "quoteStart": 24483,
      "quoteText": "We will share your personal data when we in good faith believe it is necessary for us to do so in order to comply with a legal obligation under applicable law, or respond to valid legal process, such as a search warrant, a court order, or a subpoena.",
      "services": [
        "spotify"
      ],
      "slug": "0_MR5Jg90Qc",
      "source": {
        "terms": "https://www.spotify.com/us/legal/privacy-policy/"
      },
      "title": "No promise to inform about government requests",
      "topics": [
        "law-gov"
      ],
      "tosdr": {
        "binding": true,
        "case": "This service reserves the right to disclose your personal information without notifying you",
        "point": "bad",
        "score": 50,
        "tldr": "Spotify does not explicitly state that they will inform users of any law or government requests regarding any personal user information."
      }
    },
    "877": {
      "discussion": "https://groups.google.com/d/topic/tosdr/1yCvNNgmbgM/discussion",
      "id": "877",
      "meta": {
        "author": "Ian McGowan",
        "contributors": [
          "Jil Larner <jil.larner@fsfe.org>"
        ],
        "license-for-this-file": "This work is licensed under the Creative Commons Attribution-ShareAlike 3.0 Unported License. To view a copy of this license, visit http://creativecommons.org/licenses/by-sa/3.0/ or send a letter to Creative Commons, 444 Castro Street, Suite 900, Mountain View, California, 94041, .USA",
        "spec-version": "1.1"
      },
      "needModeration": false,
      "quoteDoc": "Privacy Policy",
      "quoteEnd": 15014,
      "quoteStart": 14798,
      "quoteText": "Contests, Surveys and Sweepstakes Data</strong>\nThis personal data is used to allow you to sign up and participate in these types of promotions.\nThe exact personal data collected will vary depending on the promotion.",
      "services": [
        "spotify"
      ],
      "slug": "1yCvNNgmbgM",
      "source": {
        "terms": "https://www.spotify.com/us/legal/privacy-policy/"
      },
      "title": "Spotify may merge your current personal info with more if you participate in a Special Promotion",
      "topics": [
        "track"
      ],
      "tosdr": {
        "binding": true,
        "case": "The service may collect extra data about you through promotions",
        "point": "bad",
        "score": 50,
        "tldr": "If you participate in a Special Promotion (sweepstakes, contests, surveys), Spotify may ask for certain personal information in addition to what they already have. They may then combine that information with your current file."
      }
    },
    "905": {
      "discussion": "https://groups.google.com/d/topic/tosdr/EWDvg3nJjrg/discussion",
      "id": "905",
      "meta": {
        "author": "Ian McGowan",
        "contributors": [
          "Jil Larner <jil.larner@fsfe.org>"
        ],
        "license-for-this-file": "This work is licensed under the Creative Commons Attribution-ShareAlike 3.0 Unported License. To view a copy of this license, visit http://creativecommons.org/licenses/by-sa/3.0/ or send a letter to Creative Commons, 444 Castro Street, Suite 900, Mountain View, California, 94041, .USA",
        "spec-version": "1.1"
      },
      "needModeration": false,
      "quoteDoc": "Terms and Conditions of Use",
      "quoteEnd": 7548,
      "quoteStart": 6981,
      "quoteText": "IF YOU DO NOT WANT TO CONTINUE TO BE CHARGED ON A RECURRING MONTHLY BASIS, YOU MUST CANCEL THE APPLICABLE PAID SUBSCRIPTION THROUGH YOUR SPOTIFY ACCOUNT’S SUBSCRIPTION PAGE OR TERMINATE YOUR SPOTIFY ACCOUNT BEFORE THE END OF THE RECURRING MONTHLY PERIOD.\nPAID SUBSCRIPTIONS CANNOT BE TERMINATED BEFORE THE END OF THE PERIOD FOR WHICH YOU HAVE ALREADY PAID, AND EXCEPT AS EXPRESSLY PROVIDED IN THESE TERMS, SPOTIFY WILL NOT REFUND ANY FEES THAT YOU HAVE ALREADY PAID.\nTHE LIMITATION SECTION SETS FORTH ADDITIONAL TERMS REGARDING CANCELLATION OF YOUR PAID SUBSCRIPTION.",
      "services": [
        "spotify"
      ],
      "slug": "EWDvg3nJjrg",
      "source": {
        "terms": "https://www.spotify.com/us/legal/end-user-agreement/"
      },
      "title": "Spotify doesn't provide refunds",
      "topics": [
        "guarantee"
      ],
      "tosdr": {
        "binding": true,
        "case": "The service has a no refund policy",
        "point": "neutral",
        "score": 50,
        "tldr": "Spotify does not offer refunds upon termination of their services, either by you or Spotify."
      }
    },
    "926": {
      "discussion": "https://groups.google.com/d/topic/tosdr/4MH1NGVKhkw/discussion",
      "id": "926",
      "meta": {
        "author": "Ian McGowan",
        "contributors": [
          "Jil Larner <jil.larner@fsfe.org>"
        ],
        "license-for-this-file": "This work is licensed under the Creative Commons Attribution-ShareAlike 3.0 Unported License. To view a copy of this license, visit http://creativecommons.org/licenses/by-sa/3.0/ or send a letter to Creative Commons, 444 Castro Street, Suite 900, Mountain View, California, 94041, .USA",
        "spec-version": "1.1"
      },
      "needModeration": false,
      "quoteDoc": "Privacy Policy",
      "quoteEnd": 16527,
      "quoteStart": 16193,
      "quoteText": "To provide, personalize, and improve your experience with the Spotify Service and other services and products provided by Spotify, for example by providing customized, personalized, or localized content, recommendations, features, and advertising on or outside of the Spotify Service (including for third party products and services).",
      "services": [
        "spotify"
      ],
      "slug": "4MH1NGVKhkw",
      "source": {
        "terms": "https://www.spotify.com/us/legal/privacy-policy/"
      },
      "title": "Spotify defines intended use of your information",
      "topics": [
        "user-info"
      ],
      "tosdr": {
        "binding": true,
        "case": "The service provides information about how they intend to use your personal data",
        "point": "good",
        "score": 30,
        "tldr": "Spotify may use the information they collect to provide, personalize, and improve your experience; provide customized or localized content and advertising; make sure the Service and products are functioning properly; analyze your use of the Service; communication with you (including promotional emails or messages); promote the Service; and finally, to enforce their Privacy Policy."
      }
    },
    "1012": {
      "discussion": "https://groups.google.com/d/topic/tosdr/a0Fspx8pPAQ/discussion",
      "id": "1012",
      "meta": {
        "author": "Ian McGowan",
        "contributors": [
          "Jil Larner <jil.larner@fsfe.org>"
        ],
        "license-for-this-file": "This work is licensed under the Creative Commons Attribution-ShareAlike 3.0 Unported License. To view a copy of this license, visit http://creativecommons.org/licenses/by-sa/3.0/ or send a letter to Creative Commons, 444 Castro Street, Suite 900, Mountain View, California, 94041, .USA",
        "spec-version": "1.1"
      },
      "needModeration": false,
      "quoteDoc": "Terms and Conditions of Use",
      "quoteEnd": 33040,
      "quoteStart": 32665,
      "quoteText": "\nTO THE FULLEST EXTENT PERMITTED BY APPLICABLE LAW, SPOTIFY AND ALL OWNERS OF THE CONTENT MAKE NO REPRESENTATIONS AND DISCLAIM ANY WARRANTIES OR CONDITIONS OF SATISFACTORY QUALITY, MERCHANTABILITY, FITNESS FOR A PARTICULAR PURPOSE, OR NON-INFRINGEMENT.\nNEITHER SPOTIFY NOR ANY OWNER OF CONTENT WARRANTS THAT THE SPOTIFY SERVICE IS FREE OF MALWARE OR OTHER HARMFUL COMPONENTS.",
      "services": [
        "spotify"
      ],
      "slug": "a0Fspx8pPAQ",
      "source": {
        "terms": "https://www.spotify.com/us/legal/end-user-agreement/"
      },
      "title": "Spotify gives no guarantee for quality of service",
      "topics": [
        "guarantee"
      ],
      "tosdr": {
        "binding": true,
        "case": "This services gives no guarantee regarding quality",
        "point": "bad",
        "score": 20,
        "tldr": "There is no guarantee of quality of service. If the service is not delivered to your expectations, you still pay for it to the extent of applicable law."
      }
    },
    "1082": {
      "discussion": "https://groups.google.com/d/topic/tosdr/RXRw6w-rc5o/discussion",
      "id": "1082",
      "meta": {
        "author": "Ian McGowan",
        "contributors": [
          "Jil Larner <jil.larner@fsfe.org>"
        ],
        "license-for-this-file": "This work is licensed under the Creative Commons Attribution-ShareAlike 3.0 Unported License. To view a copy of this license, visit http://creativecommons.org/licenses/by-sa/3.0/ or send a letter to Creative Commons, 444 Castro Street, Suite 900, Mountain View, California, 94041, .USA",
        "spec-version": "1.1"
      },
      "needModeration": false,
      "services": [
        "spotify"
      ],
      "slug": "RXRw6w-rc5o",
      "source": {
        "terms": "https://www.spotify.com/us/legal/end-user-agreement/"
      },
      "title": "The ToS are only translated into a few languages",
      "topics": [
        "readability"
      ],
      "tosdr": {
        "binding": true,
        "case": "The terms for this service are translated into different languages",
        "point": "neutral",
        "score": 0,
        "tldr": "Although Spotify allows users to choose their country (Andorra, Australia, Austria, Belgium, Denmark, Finland, France, Germany, Ireland, Liechtenstein, Luxembourg, Monaco, Netherlands, New Zealand, Norway, Spain, Sweden, Switzerland, United Kingdom, United States), the terms themselves are only available in English, French, German, and Spanish."
      }
    },
    "1092": {
      "discussion": "https://groups.google.com/d/topic/tosdr/Z6GIUGCugcw/discussion",
      "id": "1092",
      "meta": {
        "author": "Ian McGowan",
        "contributors": [
          "Jil Larner <jil.larner@fsfe.org>"
        ],
        "license-for-this-file": "This work is licensed under the Creative Commons Attribution-ShareAlike 3.0 Unported License. To view a copy of this license, visit http://creativecommons.org/licenses/by-sa/3.0/ or send a letter to Creative Commons, 444 Castro Street, Suite 900, Mountain View, California, 94041, .USA",
        "spec-version": "1.1"
      },
      "needModeration": false,
      "quoteDoc": "Terms and Conditions of Use",
      "quoteEnd": 34359,
      "quoteStart": 34149,
      "quoteText": "TO THE EXTENT PERMITTED BY APPLICABLE LAW, YOUR SOLE AND EXCLUSIVE REMEDY FOR ANY PROBLEMS OR DISSATISFACTION WITH THE SPOTIFY SERVICE IS TO UNINSTALL ANY SPOTIFY SOFTWARE AND TO STOP USING THE SPOTIFY SERVICE.",
      "services": [
        "spotify"
      ],
      "slug": "Z6GIUGCugcw",
      "source": {
        "terms": "https://www.spotify.com/us/legal/end-user-agreement/"
      },
      "title": "Spotify provides limited solutions for software problems",
      "topics": [
        "guarantee"
      ],
      "tosdr": {
        "binding": true,
        "case": "This services gives no guarantee regarding quality",
        "point": "bad",
        "score": 20,
        "tldr": "Uninstalling the software is the only possible action for users if they have any problems."
      }
    },
    "1143": {
      "id": "1143",
      "needModeration": false,
      "quoteDoc": "Privacy Policy",
      "quoteEnd": 11746,
      "quoteStart": 11323,
      "quoteText": "Technical Data which may include URL information, cookie data, your IP address, the types of devices you are using to access or connect to the Spotify Service, unique device IDs, device attributes, network connection type (e.g.\nWiFi, 3G, LTE, Bluetooth) and provider, network and device performance, browser type, language, information enabling digital rights management, operating system, and Spotify application version.\n",
      "services": [
        "spotify"
      ],
      "slug": "1143",
      "title": "The service may use tracking pixels, web beacons, browser fingerprinting, and/or device fingerprinting on users.",
      "topics": [],
      "tosdr": {
        "binding": true,
        "case": "The service may use tracking pixels, web beacons, browser fingerprinting, and/or device fingerprinting on users.",
        "point": "bad",
        "privacyRelated": true,
        "score": 50,
        "tldr": "\"All the information we collect is related to providing the Spotify service and its features.\"\r\n\r\nand\r\n\r\n\"Technical and sensor information necessary to operate Spotify. This includes the type of browser and device you use, data from the touchscreen, and information from your device’s accelerometer and gyroscope sensors. This enables you to control Spotify and allows us to do simple things like rotate videos and recommend music based on whether you’re sitting still or running.\" (so no device fingerprinting for the purpose of advertising, like a lot of other services do)."
      }
    }
  },
  "urls": [
    "spotify.com"
  ]
}