{
  "alexa": 76,
  "class": "E",
  "links": {},
  "points": [
    "1246",
    "4692",
    "4722",
    "6124",
    "6125",
    "6126",
    "6128",
    "6129",
    "6131",
    "6132",
    "6133",
    "6134",
    "6135",
    "6136",
    "6166",
    "6167",
    "6168",
    "6169",
    "6170",
    "6171"
  ],
  "pointsData": {
    "1246": {
      "id": "1246",
      "quoteDoc": "Terms of Service",
      "quoteEnd": 5255,
      "quoteStart": 5064,
      "quoteText": "YOU AGREE THAT ALL DISPUTES BETWEEN YOU AND US WILL BE RESOLVED BY BINDING, INDIVIDUAL ARBITRATION AND YOU WAIVE YOUR RIGHT TO PARTICIPATE IN A CLASS ACTION LAWSUIT OR CLASS-WIDE ARBITRATION.",
      "services": [
        "stackoverflow"
      ],
      "slug": "1246",
      "title": "class action waiver",
      "topics": [],
      "tosdr": {
        "binding": true,
        "case": "You waive your right to a class action.",
        "point": "bad",
        "score": 50,
        "tldr": "class action waiver"
      }
    },
    "4692": {
      "id": "4692",
      "quoteDoc": "Privacy Policy",
      "quoteEnd": 7759,
      "quoteStart": 6846,
      "quoteText": "Information Collected Automatically </p>\n<p> Stack Overflow receives and records information from your browser or mobile device when you visit the Network or use the Apps, such as your Internet Protocol (IP) address or unique device identifier.\nCookies and data about which pages you visit on our Network allow us to operate and optimize the Products and Services we provide to you.\nThis information is stored in secure logs and is collected automatically.\nWe may combine this browser information with other information we collect about you.\nThis information is used to keep the Products and Services secure, analyze and understand how our Products and Services are used, optimize such usage, provide advertising across the Network as well as certain Products and Services to personalize your experience, and to help connect you with potential job opportunities in the case of our recruiting Products and Services",
      "services": [
        "stackoverflow"
      ],
      "title": "The service uses your personal data for advertising",
      "topics": [],
      "tosdr": {
        "binding": true,
        "case": "The service uses your personal data for advertising",
        "point": "bad",
        "privacyRelated": true,
        "score": 30,
        "tldr": "Generated through the annotate view"
      }
    },
    "4722": {
      "id": "4722",
      "needModeration": false,
      "quoteDoc": "Terms of Service",
      "quoteEnd": 14395,
      "quoteStart": 14020,
      "quoteText": "Any other downloading, copying, or storing of any public Network Content (other than Subscriber Content or content made available via the Stack Overflow API) for other than personal, noncommercial use is expressly prohibited without prior written permission from Stack Overflow or from the copyright holder identified in the copyright notice per the Creative Commons License.",
      "services": [
        "stackoverflow"
      ],
      "title": "This service is only available for use individually and non-commercially.",
      "topics": [],
      "tosdr": {
        "binding": true,
        "case": "This service is only available for use individually and non-commercially.",
        "point": "neutral",
        "score": 25,
        "tldr": "Generated through the annotate view"
      }
    },
    "6124": {
      "id": "6124",
      "quoteDoc": "Privacy Policy",
      "quoteEnd": 17311,
      "quoteStart": 17184,
      "quoteText": "Stack Overflow and its third party partners may collect and use your personal information to tailor your advertising experience",
      "services": [
        "stackoverflow"
      ],
      "title": "The service uses your personal data to employ targeted third-party advertising",
      "topics": [],
      "tosdr": {
        "binding": true,
        "case": "The service uses your personal data to employ targeted third-party advertising",
        "point": "bad",
        "privacyRelated": true,
        "score": 30,
        "tldr": "Generated through the annotate view"
      }
    },
    "6125": {
      "id": "6125",
      "quoteDoc": "Privacy Policy",
      "quoteEnd": 17939,
      "quoteStart": 17685,
      "quoteText": "our advertising products and services require us to collect certain personal and non-personal information on you, which includes: </p>\n<ul>\n<li> Data from advertising technologies like cookies, web beacons, pixels, ad tags, and browser/device identifiers",
      "services": [
        "stackoverflow"
      ],
      "title": "The service may use tracking pixels, web beacons, browser fingerprinting, and/or device fingerprinting on users.",
      "topics": [],
      "tosdr": {
        "binding": true,
        "case": "The service may use tracking pixels, web beacons, browser fingerprinting, and/or device fingerprinting on users.",
        "point": "bad",
        "privacyRelated": true,
        "score": 50,
        "tldr": "Generated through the annotate view"
      }
    },
    "6126": {
      "id": "6126",
      "quoteDoc": "Privacy Policy",
      "quoteEnd": 35431,
      "quoteStart": 35272,
      "quoteText": "You may opt-out of receiving Stack Overflow email marketing materials by using the unsubscribe link in these communications or by changing your Email Settings.",
      "services": [
        "stackoverflow"
      ],
      "title": "You can opt out of promotional communications",
      "topics": [],
      "tosdr": {
        "binding": true,
        "case": "You can opt out of promotional communications",
        "point": "good",
        "score": 10,
        "tldr": "Generated through the annotate view"
      }
    },
    "6128": {
      "id": "6128",
      "quoteDoc": "Terms of Service",
      "quoteEnd": 7086,
      "quoteStart": 5866,
      "quoteText": "You must be at least 13 years old to access or use the Network or Services, including without limitation to complete a Stack Overflow account registration.\nBy accessing or using the Services or the Network in any manner, you represent and warrant that you are at least 13 years of age.\nIf you are under 13 years old, you may not, under any circumstances or for any reason, access or use the Services or Network in any manner, and may not provide any personal information to or on the Services or Network (including, for example, a name, address, telephone number or email address).</p>\n<p>If you are located within the European Union, you must be at least 16 years old to access or use the Network or Services, including without limitation to complete a Stack Overflow Account Registration.\nBy accessing or using the Services or the Network in any manner, you represent and warrant that you are at least 16 years of age.\nIf you are under 16 years old, you may not, under any circumstances or for any reason, access or use the Services or Network in any manner, and may not provide any personal information to or on the Services or Network (including, for example, a name, address, telephone number or email address).</p>",
      "services": [
        "stackoverflow"
      ],
      "title": "This service is only available to users of a certain age",
      "topics": [],
      "tosdr": {
        "binding": true,
        "case": "This service is only available to users of a certain age",
        "point": "neutral",
        "score": 15,
        "tldr": "Generated through the annotate view"
      }
    },
    "6129": {
      "id": "6129",
      "quoteDoc": "Terms of Service",
      "quoteEnd": 7814,
      "quoteStart": 7542,
      "quoteText": "Stack Overflow reserves the right to refuse, suspend or terminate your access to the public Network if it determines, in its sole discretion, that you have in any way violated these Public Network Terms or are otherwise ineligible to access or use the Network or Services.",
      "services": [
        "stackoverflow"
      ],
      "title": "They may stop providing the service at any time",
      "topics": [],
      "tosdr": {
        "binding": true,
        "case": "They may stop providing the service at any time",
        "point": "bad",
        "score": 40,
        "tldr": "Generated through the annotate view"
      }
    },
    "6131": {
      "id": "6131",
      "quoteDoc": "Terms of Service",
      "quoteEnd": 18168,
      "quoteStart": 17575,
      "quoteText": "You will indemnify and hold Stack Overflow, its directors, officers, employees, agents, consultant, contractors, partners, vendors and service providers (including, without limitation, hosting and telecommunications providers) harmless, including costs and attorneys’ fees, from any claim or demand made by any third party due to or arising out of your access to the public Network, use of Stack Overflow products or services made available on the public Network, your violation of this Agreement, or your infringement or any third party using your account, of any intellectual property right.",
      "services": [
        "stackoverflow"
      ],
      "title": "You agree to defend, indemnify, and hold the service harmless in case of a claim related to your use of the service",
      "topics": [],
      "tosdr": {
        "binding": true,
        "case": "You agree to defend, indemnify, and hold the service harmless in case of a claim related to your use of the service",
        "point": "bad",
        "score": 60,
        "tldr": "Generated through the annotate view"
      }
    },
    "6132": {
      "id": "6132",
      "quoteDoc": "Terms of Service",
      "quoteEnd": 20022,
      "quoteStart": 19744,
      "quoteText": "Both you and Stack Overflow hereby irrevocably agree to the sole and exclusive personal jurisdiction of the Courts of the State of New York with respect to any action, suit, or proceeding brought by it or against it by the other party in connection with the Network or Services.",
      "services": [
        "stackoverflow"
      ],
      "title": "The court of law governing the terms is in a jurisdiction that is less friendly to user privacy protection.",
      "topics": [],
      "tosdr": {
        "binding": true,
        "case": "The court of law governing the terms is in a jurisdiction that is less friendly to user privacy protection.",
        "point": "bad",
        "score": 50,
        "tldr": "Generated through the annotate view"
      }
    },
    "6133": {
      "id": "6133",
      "quoteDoc": "Terms of Service",
      "quoteEnd": 21566,
      "quoteStart": 20782,
      "quoteText": "YOU AGREE THAT WITH RESPECT TO ALL DISPUTES BETWEEN YOU AND STACK OVERFLOW OR ITS AFFILIATES OR ITS OFFICERS, DIRECTORS, OR EMPLOYEES (WHETHER OR NOT SUCH DISPUTE INVOLVES A THIRD PARTY) WITH REGARD TO YOUR RELATIONSHIP WITH US, INCLUDING WITHOUT LIMITATION DISPUTES RELATING TO THESE PUBLIC NETWORK TERMS, YOUR USE OF THE NETWORK OR SERVICES, AND/OR RIGHTS OF PRIVACY AND/OR PUBLICITY, YOU AND STACK OVERFLOW SHALL FIRST CONSULT WITH EACH OTHER TO ATTEMPT TO RESOLVE SUCH DISPUTE IN A MANNER SATISFACTORY TO BOTH PARTIES, AND THAT IF A RESOLUTION IS NOT REACHED WITHIN NINETY (90) DAYS, THEN THE DISPUTE SHALL BE REFERRED TO AND RESOLVED BY BINDING ARBITRATION UNDER JAMS, INC.'S RULES FOR ARBITRATION OF CONSUMER-RELATED DISPUTES AND YOU AND WE HEREBY EXPRESSLY WAIVE TRIAL BY JURY.",
      "services": [
        "stackoverflow"
      ],
      "title": "This service forces users into binding arbitration in the case of disputes",
      "topics": [],
      "tosdr": {
        "binding": true,
        "case": "This service forces users into binding arbitration in the case of disputes",
        "point": "bad",
        "score": 50,
        "tldr": "Generated through the annotate view"
      }
    },
    "6134": {
      "id": "6134",
      "quoteDoc": "Terms of Service",
      "quoteEnd": 22635,
      "quoteStart": 22282,
      "quoteText": "Neither you nor we will participate in a class action or class-wide arbitration for any claims covered by this agreement to arbitrate.\nYOU ARE GIVING UP YOUR RIGHT TO PARTICIPATE AS A CLASS REPRESENTATIVE OR CLASS MEMBER ON ANY CLASS CLAIM YOU MAY HAVE AGAINST US INCLUDING ANY RIGHT TO CLASS ARBITRATION OR ANY CONSOLIDATION OF INDIVIDUAL ARBITRATIONS.",
      "services": [
        "stackoverflow"
      ],
      "title": "You waive your right to a class action.",
      "topics": [],
      "tosdr": {
        "binding": true,
        "case": "You waive your right to a class action.",
        "point": "bad",
        "score": 50,
        "tldr": "Generated through the annotate view"
      }
    },
    "6135": {
      "id": "6135",
      "quoteDoc": "Terms of Service",
      "quoteEnd": 27323,
      "quoteStart": 26861,
      "quoteText": "Stack Overflow reserves the right, in its sole discretion, to modify or replace these Public Network Terms, as our business evolves over time and to better provide Services and Products to the Stack Overflow community, or to change, suspend, or discontinue the public Network and/or any Services or Products at any time by posting a notice on the public Network or by sending you notice via e-mail or by another appropriate means of electronic communication.</p>",
      "services": [
        "stackoverflow"
      ],
      "title": "The service may change its terms at any time, but the user will receive notification of the changes.",
      "topics": [],
      "tosdr": {
        "binding": true,
        "case": "The service may change its terms at any time, but the user will receive notification of the changes.",
        "point": "neutral",
        "score": 0,
        "tldr": "Generated through the annotate view"
      }
    },
    "6136": {
      "id": "6136",
      "quoteDoc": "Terms of Service",
      "quoteEnd": 29391,
      "quoteStart": 29366,
      "quoteText": "Last update: May 21, 2018",
      "services": [
        "stackoverflow"
      ],
      "title": "There is a date of the last update of the terms",
      "topics": [],
      "tosdr": {
        "binding": true,
        "case": "There is a date of the last update of the terms",
        "point": "neutral",
        "score": 50,
        "tldr": "Generated through the annotate view"
      }
    },
    "6166": {
      "id": "6166",
      "needModeration": false,
      "quoteDoc": "Cookie Policy",
      "quoteEnd": 6000,
      "quoteStart": 5934,
      "quoteText": "We use cookies to enable advertising with our third-party Partners",
      "services": [
        "stackoverflow"
      ],
      "title": "This service allows tracking via third-party cookies for purposes including targeted advertising.",
      "topics": [],
      "tosdr": {
        "binding": true,
        "case": "Tracking via third-party cookies for other purposes without your consent.",
        "point": "bad",
        "privacyRelated": true,
        "score": 70,
        "tldr": "Generated through the annotate view"
      }
    },
    "6167": {
      "id": "6167",
      "needModeration": false,
      "quoteDoc": "Cookie Policy",
      "quoteEnd": 8812,
      "quoteStart": 8682,
      "quoteText": "Please note that Stack Overflow may not work properly and you may have diminished functionality if you opt-out of certain cookies.",
      "services": [
        "stackoverflow"
      ],
      "title": "Blocking cookies may limit your ability to use the service",
      "topics": [],
      "tosdr": {
        "binding": true,
        "case": "Blocking cookies may limit your ability to use the service",
        "point": "bad",
        "score": 50,
        "tldr": "Generated through the annotate view"
      }
    },
    "6168": {
      "id": "6168",
      "needModeration": false,
      "quoteDoc": "Terms of Service",
      "quoteEnd": 9995,
      "quoteStart": 9673,
      "quoteText": "any content or information you share publicly is governed by the terms described below in the section titled \"Public Content Permissions, Restrictions, and Creative Commons Licensing,\" and you should be aware that once you place content in the public sphere, you willingly give up some rights and control over such content",
      "services": [
        "stackoverflow"
      ],
      "title": "This service retains rights to your content even after you stop using your account",
      "topics": [],
      "tosdr": {
        "binding": true,
        "case": "This service retains rights to your content even after you stop using your account",
        "point": "bad",
        "score": 25,
        "tldr": "Generated through the annotate view"
      }
    },
    "6169": {
      "id": "6169",
      "needModeration": false,
      "quoteDoc": "Privacy Policy",
      "quoteEnd": 8894,
      "quoteStart": 8769,
      "quoteText": "We share this information with certain third-parties (e.g., talent recruiters, payment processors, and advertising providers)",
      "services": [
        "stackoverflow"
      ],
      "title": "Many third parties are involved in operating the service",
      "topics": [],
      "tosdr": {
        "binding": true,
        "case": "Many third parties are involved in operating the service",
        "point": "bad",
        "score": 50,
        "tldr": "Generated through the annotate view"
      }
    },
    "6170": {
      "id": "6170",
      "needModeration": false,
      "quoteDoc": "Privacy Policy",
      "quoteEnd": 29028,
      "quoteStart": 28711,
      "quoteText": "Stack Overflow will not disclose your personal information to legal authorities except where such disclosure is by lawful request, including to meet legitimate national security or law enforcement demands (including a subpoena, court order, or other lawful legal demand by a legal authority with lawful jurisdiction).",
      "services": [
        "stackoverflow"
      ],
      "title": "This service can share your personal information to third parties ",
      "topics": [],
      "tosdr": {
        "binding": true,
        "case": "This service can share your personal information to third parties ",
        "point": "bad",
        "score": 50,
        "tldr": "Generated through the annotate view"
      }
    },
    "6171": {
      "id": "6171",
      "needModeration": false,
      "quoteDoc": "Terms of Service",
      "quoteEnd": 19531,
      "quoteStart": 19204,
      "quoteText": "<p>Stack Overflow reserves the right to assign our rights and obligations under these Public Network Terms (in whole or in part) without your consent to a corporate affiliate, or in connection with a merger, acquisition, corporate restructure or reorganization, or due to the sale of all or substantially all of our assets.</p>",
      "services": [
        "stackoverflow"
      ],
      "title": "The service can sell or otherwise transfer your personal data as part of a bankruptcy proceeding or other type of financial transaction.",
      "topics": [],
      "tosdr": {
        "binding": true,
        "case": "The service can sell or otherwise transfer your personal data as part of a bankruptcy proceeding or other type of financial transaction.",
        "point": "bad",
        "score": 50,
        "tldr": "Generated through the annotate view"
      }
    }
  },
  "urls": [
    "stackoverflow.com"
  ]
}