{
  "class": false,
  "links": {},
  "points": [
    "6298"
  ],
  "pointsData": {
    "6298": {
      "id": "6298",
      "needModeration": false,
      "quoteDoc": "Tactical tech's data use policy",
      "quoteEnd": 2799,
      "quoteStart": 2755,
      "quoteText": "Policy last updated</strong>: 30 May 2018</p",
      "services": [
        "tacticaltech"
      ],
      "title": "There is a date of the last update of the terms",
      "topics": [],
      "tosdr": {
        "binding": true,
        "case": "There is a date of the last update of the terms",
        "point": "neutral",
        "score": 50,
        "tldr": "Generated through the annotate view"
      }
    }
  },
  "urls": [
    "tacticaltech.org"
  ]
}