{
  "class": false,
  "links": {},
  "points": [
    "4637"
  ],
  "pointsData": {
    "4637": {
      "id": "4637",
      "needModeration": false,
      "quoteDoc": "Privacy Policy",
      "quoteEnd": 1702,
      "quoteStart": 1625,
      "quoteText": "TARTLE does not sell, rent or lease its customer lists to third parties, ever",
      "services": [
        "tartle"
      ],
      "title": "You maintain ownership of your data",
      "topics": [],
      "tosdr": {
        "binding": true,
        "case": "You maintain ownership of your data",
        "point": "good",
        "score": 50,
        "tldr": "Generated through the annotate view"
      }
    }
  },
  "urls": [
    "tartle.co"
  ]
}