{
  "alexa": 6723,
  "class": false,
  "links": {},
  "points": [
    "6293"
  ],
  "pointsData": {
    "6293": {
      "id": "6293",
      "needModeration": false,
      "quoteDoc": "TechSmith Corporation Privacy Notice",
      "quoteEnd": 112,
      "quoteStart": 50,
      "quoteText": "This Privacy Notice is effective as of June 29, 2018.</strong>",
      "services": [
        "techsmith|screencast-com"
      ],
      "title": "There is a date of the last update of the terms",
      "topics": [],
      "tosdr": {
        "binding": true,
        "case": "There is a date of the last update of the terms",
        "point": "neutral",
        "score": 50,
        "tldr": "Generated through the annotate view"
      }
    }
  },
  "urls": [
    "screencast.com"
  ]
}