{
  "class": false,
  "links": {},
  "points": [
    "4294",
    "4295",
    "4296",
    "4298"
  ],
  "pointsData": {
    "4294": {
      "id": "4294",
      "needModeration": false,
      "services": [
        "thehelloworldcollection"
      ],
      "title": "no tracking",
      "topics": [],
      "tosdr": {
        "binding": true,
        "case": "This service does not track you",
        "point": "good",
        "score": 100,
        "tldr": "no tracking"
      }
    },
    "4295": {
      "id": "4295",
      "needModeration": false,
      "quoteDoc": "Terms of Service",
      "quoteEnd": 191997,
      "quoteStart": 191649,
      "quoteText": "d Collection is a static page with no active contents.\nIt doesn't have any scripts, cookies, ads, trackers, Facebook links, or\nanything else that might poke around in your private parts.\nYou don't\nhave to log in, register, pay, or sell your soul in order to use it.\nJust browse it, read it as long as you wish, leave when you're done.\nFeel free to ",
      "services": [
        "thehelloworldcollection"
      ],
      "title": "IP addresses of website visitors are not tracked",
      "topics": [],
      "tosdr": {
        "binding": true,
        "case": "IP addresses of website visitors are not tracked",
        "point": "neutral",
        "score": 30,
        "tldr": "IP addresses of website visitors are not tracked"
      }
    },
    "4296": {
      "id": "4296",
      "needModeration": false,
      "services": [
        "thehelloworldcollection"
      ],
      "title": "easy to read",
      "topics": [],
      "tosdr": {
        "binding": true,
        "case": "The terms for this service are easy to read",
        "point": "good",
        "score": 15,
        "tldr": "easy to read"
      }
    },
    "4298": {
      "id": "4298",
      "needModeration": false,
      "quoteDoc": "Terms of Service",
      "quoteEnd": 192056,
      "quoteStart": 192011,
      "quoteText": "to info@helloworldcollection.de.\n</p>\n<p>\n</p",
      "services": [
        "thehelloworldcollection"
      ],
      "title": "user feedback is invited",
      "topics": [],
      "tosdr": {
        "binding": true,
        "case": "User feedback is invited regarding changes to the terms.",
        "point": "good",
        "score": 30,
        "tldr": "user feedback is invited"
      }
    }
  },
  "urls": [
    "helloworldcollection.de"
  ]
}