{
  "class": false,
  "links": {},
  "points": [
    "4933"
  ],
  "pointsData": {
    "4933": {
      "id": "4933",
      "needModeration": false,
      "quoteDoc": "Privacy Policy",
      "quoteEnd": 2149,
      "quoteStart": 2004,
      "quoteText": "Likewise, you have the right to correct, block or (apart from the legally required data storage for business purposes) delete your personal data.",
      "services": [
        "threemaweb"
      ],
      "title": "You can delete your content from this service",
      "topics": [],
      "tosdr": {
        "binding": true,
        "case": "You can delete your content from this service",
        "point": "good",
        "score": 50,
        "tldr": "Generated through the annotate view"
      }
    }
  },
  "urls": [
    "web.threema.ch"
  ]
}