{
  "alexa": 1000000,
  "class": false,
  "links": {},
  "points": [
    "6084",
    "6085",
    "6087",
    "6088",
    "6089",
    "6090",
    "6091",
    "6092",
    "6096",
    "6097"
  ],
  "pointsData": {
    "6084": {
      "id": "6084",
      "quoteDoc": "Terms of Service - EU",
      "quoteEnd": 5036,
      "quoteStart": 4975,
      "quoteText": "We reserve the right to disable your user account at any time",
      "services": [
        "tiktok"
      ],
      "title": "The service can delete your account without prior notice and without a reason",
      "topics": [],
      "tosdr": {
        "binding": true,
        "case": "The service can delete your account without prior notice and without a reason",
        "point": "bad",
        "score": 60,
        "tldr": "Generated through the annotate view"
      }
    },
    "6085": {
      "id": "6085",
      "quoteDoc": "Terms of Service - EU",
      "quoteEnd": 7305,
      "quoteStart": 7252,
      "quoteText": "\nIn such case, we reserve the right to refuse service",
      "services": [
        "tiktok"
      ],
      "title": "The service can suspend your account for several reasons",
      "topics": [],
      "tosdr": {
        "binding": true,
        "case": "The service can suspend your account for several reasons",
        "point": "neutral",
        "score": 15,
        "tldr": "Generated through the annotate view"
      }
    },
    "6087": {
      "id": "6087",
      "quoteDoc": "Terms of Service - EU",
      "quoteEnd": 10404,
      "quoteStart": 10259,
      "quoteText": "We reserve the right, at any time and without prior notice, to remove or disable access to content at our discretion for any reason or no reason.",
      "services": [
        "tiktok"
      ],
      "title": "The service can delete specific content without prior notice and without a reason",
      "topics": [],
      "tosdr": {
        "binding": true,
        "case": "The service can delete specific content without prior notice and without a reason",
        "point": "blocker",
        "score": 50,
        "tldr": "Generated through the annotate view"
      }
    },
    "6088": {
      "id": "6088",
      "quoteDoc": "Terms of Service - EU",
      "quoteEnd": 18521,
      "quoteStart": 18433,
      "quoteText": "You or the owner of your User Content still own the copyright in User Content sent to us",
      "services": [
        "tiktok"
      ],
      "title": "You maintain ownership of your data",
      "topics": [],
      "tosdr": {
        "binding": true,
        "case": "You maintain ownership of your data",
        "point": "good",
        "score": 50,
        "tldr": "Generated through the annotate view"
      }
    },
    "6089": {
      "id": "6089",
      "quoteDoc": "Privacy Policy - EU",
      "quoteEnd": 2302,
      "quoteStart": 2272,
      "quoteText": "serve you targeted advertising",
      "services": [
        "tiktok"
      ],
      "title": "The service uses your personal data for advertising",
      "topics": [],
      "tosdr": {
        "binding": true,
        "case": "The service uses your personal data for advertising",
        "point": "bad",
        "privacyRelated": true,
        "score": 30,
        "tldr": "Generated through the annotate view"
      }
    },
    "6090": {
      "id": "6090",
      "quoteDoc": "Privacy Policy - EU",
      "quoteEnd": 3777,
      "quoteStart": 3708,
      "quoteText": "We will also update the “Last Updated” date at the top of this policy",
      "services": [
        "tiktok"
      ],
      "title": "There is a date of the last update of the terms",
      "topics": [],
      "tosdr": {
        "binding": true,
        "case": "There is a date of the last update of the terms",
        "point": "neutral",
        "score": 50,
        "tldr": "Generated through the annotate view"
      }
    },
    "6091": {
      "id": "6091",
      "quoteDoc": "Privacy Policy - EU",
      "quoteEnd": 3707,
      "quoteStart": 3519,
      "quoteText": "\n<p>We will generally notify all users of any material changes to this policy, through a notice on our Platform.\nHowever, you should look at this policy regularly to check for any changes.",
      "services": [
        "tiktok"
      ],
      "title": "Users should revisit the terms periodically, although in case of material changes, the service will notify",
      "topics": [],
      "tosdr": {
        "binding": true,
        "case": "Users should revisit the terms periodically, although in case of material changes, the service will notify",
        "point": "neutral",
        "score": 50,
        "tldr": "Generated through the annotate view"
      }
    },
    "6092": {
      "id": "6092",
      "quoteDoc": "Privacy Policy - EU",
      "quoteEnd": 15347,
      "quoteStart": 14595,
      "quoteText": "We will share your personal data and other information with the following selected third parties:</p>\n<ul>\n<li>our business partners so that we can make you special offers via the Platform;</li>\n<li>advertisers and advertising networks that require the data to select and serve adverts to you and others;</li>\n<li>cloud storage providers to store the information you provide and for disaster recovery services, as well as for the performance of any contract we enter into with you;</li>\n<li>IT service providers who we use to for a range of services including IT support;</li>\n<li>Analytics and search engine providers that assist us in the optimisation and improvement of the Platform.\nand</li>\n<li>our data centre and the servers of our host provider",
      "services": [
        "tiktok"
      ],
      "title": "Many third parties are involved in operating the service",
      "topics": [],
      "tosdr": {
        "binding": true,
        "case": "Many third parties are involved in operating the service",
        "point": "bad",
        "score": 50,
        "tldr": "Generated through the annotate view"
      }
    },
    "6096": {
      "id": "6096",
      "quoteDoc": "Terms of Service - EU",
      "quoteEnd": 5616,
      "quoteStart": 5368,
      "quoteText": "<p>If you no longer want to use our Services again, and would like your account deleted, we can take care of this for you.\nPlease contact us via feedback@tiktok.com, and we will provide you with further assistance and guide you through the process.",
      "services": [
        "tiktok"
      ],
      "title": "You have the right to leave this service at any time",
      "topics": [],
      "tosdr": {
        "binding": true,
        "case": "You have the right to leave this service at any time",
        "point": "good",
        "score": 15,
        "tldr": "Generated through the annotate view"
      }
    },
    "6097": {
      "id": "6097",
      "quoteDoc": "Terms of Service - EU",
      "quoteEnd": 19080,
      "quoteStart": 18527,
      "quoteText": "by submitting User Content via the Services, you hereby grant us an unconditional irrevocable, non-exclusive, royalty-free, fully transferable, perpetual worldwide licence to use, modify, adapt, reproduce, make derivative works of, publish and/or transmit, and/or distribute and to authorise others users of the Services and other third-parties to view, access, use, download, modify, adapt, reproduce, make derivative works of, publish and/or transmit your User Content in any format and on any platform, either now known or hereinafter invented.</li>\n",
      "services": [
        "tiktok"
      ],
      "title": "This service retains rights to your content even after you stop using your account",
      "topics": [],
      "tosdr": {
        "binding": true,
        "case": "This service retains rights to your content even after you stop using your account",
        "point": "bad",
        "score": 25,
        "tldr": "Generated through the annotate view"
      }
    }
  },
  "urls": [
    "tiktok.com",
    "www.tiktok.com"
  ]
}