{
  "alexa": 3442,
  "class": false,
  "links": {},
  "points": [
    "6142",
    "6144",
    "6145",
    "6146",
    "6147"
  ],
  "pointsData": {
    "6142": {
      "id": "6142",
      "needModeration": false,
      "quoteDoc": "Terms of Service",
      "quoteEnd": 1919,
      "quoteStart": 1832,
      "quoteText": "You retain ownership of any intellectual property rights that you hold in that Content.",
      "services": [
        "todoist"
      ],
      "title": "You maintain ownership of your data",
      "topics": [],
      "tosdr": {
        "binding": true,
        "case": "You maintain ownership of your data",
        "point": "good",
        "score": 50,
        "tldr": "Generated through the annotate view"
      }
    },
    "6144": {
      "id": "6144",
      "needModeration": false,
      "quoteDoc": "Terms of Service",
      "quoteEnd": 4724,
      "quoteStart": 4549,
      "quoteText": "You must not abuse and/or misuse our Service, including but not limited to, doing the following things:</p>\n<ol>\n<li>Using the Service for any unlawful purposes or activities;",
      "services": [
        "todoist"
      ],
      "title": "Users agree not to use the service for illegal purposes",
      "topics": [],
      "tosdr": {
        "binding": true,
        "case": "Users agree not to use the service for illegal purposes",
        "point": "neutral",
        "score": 10,
        "tldr": "Generated through the annotate view"
      }
    },
    "6145": {
      "id": "6145",
      "needModeration": false,
      "quoteDoc": "Terms of Service",
      "quoteEnd": 62,
      "quoteStart": 26,
      "quoteText": "Effective Date: September 27th, 2018",
      "services": [
        "todoist"
      ],
      "title": "There is a date of the last update of the terms",
      "topics": [],
      "tosdr": {
        "binding": true,
        "case": "There is a date of the last update of the terms",
        "point": "neutral",
        "score": 50,
        "tldr": "Generated through the annotate view"
      }
    },
    "6146": {
      "id": "6146",
      "needModeration": false,
      "quoteDoc": "Terms of Service",
      "quoteEnd": 308,
      "quoteStart": 264,
      "quoteText": "and certify that you are over the age of 13.",
      "services": [
        "todoist"
      ],
      "title": "This service is only available to users of a certain age",
      "topics": [],
      "tosdr": {
        "binding": true,
        "case": "This service is only available to users of a certain age",
        "point": "neutral",
        "score": 15,
        "tldr": "Generated through the annotate view"
      }
    },
    "6147": {
      "id": "6147",
      "needModeration": false,
      "quoteDoc": "Terms of Service",
      "quoteEnd": 7879,
      "quoteStart": 7772,
      "quoteText": "YOUR USE AND/OR PURCHASE OF SERVICE ARE ALL AT YOUR SOLE RISK.\nTHE SERVICE IS PROVIDED ON AN “AS IS” BASIS.",
      "services": [
        "todoist"
      ],
      "title": "The service is provided 'as is' and to be used at the users' sole risk",
      "topics": [],
      "tosdr": {
        "binding": true,
        "case": "The service is provided 'as is' and to be used at the users' sole risk",
        "point": "bad",
        "score": 20,
        "tldr": "Generated through the annotate view"
      }
    }
  },
  "urls": [
    "todoist.com"
  ]
}