{
  "class": false,
  "links": {},
  "points": [
    "4344",
    "4346",
    "4347",
    "4644",
    "4648"
  ],
  "pointsData": {
    "4344": {
      "id": "4344",
      "needModeration": false,
      "quoteDoc": "Terms of Service",
      "quoteEnd": 394,
      "quoteStart": 356,
      "quoteText": "You must be 12 years old or over.</li>",
      "services": [
        "toptree-cc"
      ],
      "title": "age limit",
      "topics": [],
      "tosdr": {
        "binding": true,
        "case": "This service is only available to users of a certain age",
        "point": "neutral",
        "score": 15,
        "tldr": "age limit"
      }
    },
    "4346": {
      "id": "4346",
      "needModeration": false,
      "quoteDoc": "Terms of Service",
      "quoteEnd": 1147,
      "quoteStart": 1038,
      "quoteText": "You agree to license your contents according to Creative Commons by default, unless otherwise specified.</li>",
      "services": [
        "toptree-cc"
      ],
      "title": "you publish under a free license, not a bilateral one",
      "topics": [],
      "tosdr": {
        "binding": true,
        "case": "Content is published under a free license instead of a bilateral one",
        "point": "good",
        "score": 90,
        "tldr": "\"You agree to license your contents according to Creative Commons by default, unless otherwise specified.\"  - Terms of Service"
      }
    },
    "4347": {
      "id": "4347",
      "needModeration": false,
      "quoteDoc": "Terms of Service",
      "quoteEnd": 1219,
      "quoteStart": 1152,
      "quoteText": "You agree to bear any legal responsibilities for your own contents.",
      "services": [
        "toptree-cc"
      ],
      "title": "you are responsible for what you publish",
      "topics": [],
      "tosdr": {
        "binding": true,
        "case": "You are responsible for maintaining the security of your account and for the activities on your account",
        "point": "neutral",
        "score": 10,
        "tldr": "\"9. You agree to bear any legal responsibilities for your own contents.\"\r\n\"16. We are not responsible to any damage or harm to you or your properties by using our services. You are responsible for your own actions and uploaded materials.\"\r\n- Terms of Service"
      }
    },
    "4644": {
      "id": "4644",
      "needModeration": false,
      "quoteDoc": "Privacy Policy",
      "quoteEnd": 5948,
      "quoteStart": 5876,
      "quoteText": "You can also request that we erase any personal data we hold about you.\n",
      "services": [
        "toptree-cc"
      ],
      "title": "You can delete your content from this service",
      "topics": [],
      "tosdr": {
        "binding": true,
        "case": "You can delete your content from this service",
        "point": "good",
        "score": 50,
        "tldr": "Generated through the annotate view"
      }
    },
    "4648": {
      "id": "4648",
      "needModeration": false,
      "quoteDoc": "Terms of Service",
      "quoteEnd": 1783,
      "quoteStart": 1734,
      "quoteText": "We cannot guarantee 100% up time of our services.",
      "services": [
        "toptree-cc"
      ],
      "title": "The service provider makes no warranty regarding uninterrupted, timely, secure or error-free service",
      "topics": [],
      "tosdr": {
        "binding": true,
        "case": "The service provider makes no warranty regarding uninterrupted, timely, secure or error-free service",
        "point": "bad",
        "score": 30,
        "tldr": "Generated through the annotate view"
      }
    }
  },
  "urls": [
    "toptree.cc"
  ]
}