{
  "alexa": 159324,
  "class": false,
  "links": {},
  "points": [
    "4518",
    "4519",
    "4520",
    "4521",
    "4522",
    "4523",
    "4524"
  ],
  "pointsData": {
    "4518": {
      "id": "4518",
      "needModeration": false,
      "quoteDoc": "Legal information",
      "quoteEnd": 671,
      "quoteStart": 612,
      "quoteText": "We do not use cookies or any other tracking technology.</p>",
      "services": [
        "tos;dr"
      ],
      "title": "ToS;DR does not track you",
      "topics": [],
      "tosdr": {
        "binding": true,
        "case": "This service does not track you",
        "point": "good",
        "score": 100,
        "tldr": "The Privacy policy states: \"We do not use cookies or any other tracking technology.\""
      }
    },
    "4519": {
      "id": "4519",
      "needModeration": false,
      "quoteDoc": "About our edit tool",
      "quoteEnd": 4447,
      "quoteStart": 4357,
      "quoteText": "When you log in, you need to use at least an email and a password.\nNicknames are optional.",
      "services": [
        "tos;dr"
      ],
      "title": "The service provides details about what kinds of personal information they collect",
      "topics": [],
      "tosdr": {
        "binding": true,
        "case": "The service provides details about what kinds of personal information they collect",
        "point": "good",
        "score": 30,
        "tldr": "The Privacy Policy states: \"When you log in, you need to use at least an email and a password. Nicknames are optional.\""
      }
    },
    "4520": {
      "id": "4520",
      "needModeration": false,
      "quoteDoc": "About our edit tool",
      "quoteEnd": 4514,
      "quoteStart": 4448,
      "quoteText": "Passwords and encrypted in our database with the bcrypt algorithm.",
      "services": [
        "tos;dr"
      ],
      "title": "ToS;DR provides information on its password security mechanism",
      "topics": [],
      "tosdr": {
        "binding": true,
        "case": "The user is informed about security practices",
        "point": "good",
        "score": 15,
        "tldr": "\"Passwords and (sic!) encrypted in our database with the bcrypt algorithm.\""
      }
    },
    "4521": {
      "id": "4521",
      "needModeration": false,
      "quoteDoc": "About our edit tool",
      "quoteEnd": 4656,
      "quoteStart": 4515,
      "quoteText": "When cancelling your account, we scramble your data in our database so you cannot recover your account and we don't loose your contributions.",
      "services": [
        "tos;dr"
      ],
      "title": "ToS;DR will continue using anonymized user-generated content even after erasure of personal information",
      "topics": [],
      "tosdr": {
        "binding": true,
        "case": "This service will continue using anonymized user-generated content even after erasure of personal information",
        "point": "bad",
        "score": 15,
        "tldr": "ToS;DR's ToS state: \"When cancelling your account, we scramble your data in our database so you cannot recover your account and we don't loose your contributions.\""
      }
    },
    "4522": {
      "id": "4522",
      "needModeration": false,
      "quoteDoc": "About our edit tool",
      "quoteEnd": 4831,
      "quoteStart": 4730,
      "quoteText": "Phoenix is hosted on Heroku for development purposes.\nPlease refer to their ToS for any more details.",
      "services": [
        "tos;dr"
      ],
      "title": "ToS;DR refers users to Heroku's Terms of Service for more information",
      "topics": [],
      "tosdr": {
        "binding": true,
        "case": "The service refers users to external documents for more information",
        "point": "bad",
        "privacyRelated": true,
        "score": 25,
        "tldr": "Referring to its hosting service, ToS;DR's ToS state: \"Phoenix is hosted on Heroku for development purposes. Please refer to their ToS for any more details.\""
      }
    },
    "4523": {
      "id": "4523",
      "needModeration": false,
      "services": [
        "tos;dr"
      ],
      "title": "The terms for ToS;DR are easy to read",
      "topics": [],
      "tosdr": {
        "binding": true,
        "case": "The terms for this service are easy to read",
        "point": "good",
        "score": 15,
        "tldr": "Altogether, ToS and PP only make up eight lines of text."
      }
    },
    "4524": {
      "id": "4524",
      "needModeration": false,
      "quoteDoc": "About our edit tool",
      "quoteEnd": 4275,
      "quoteStart": 3993,
      "quoteText": "Nothing here should be considered legal advice.\nWe express our opinion with no guarantee and we do not endorse any service in any way.\nPlease refer to a qualified attorney for legal advice.\nReading ToS;DR is in no way a replacement for reading the full terms to which you are bound.",
      "services": [
        "tos;dr"
      ],
      "title": "ToS;DR gives no guarantee regarding quality",
      "topics": [],
      "tosdr": {
        "binding": true,
        "case": "This services gives no guarantee regarding quality",
        "point": "bad",
        "score": 20,
        "tldr": "The ToS state: \"Nothing here should be considered legal advice. We express our opinion with no guarantee and we do not endorse any service in any way. Please refer to a qualified attorney for legal advice. Reading ToS;DR is in no way a replacement for reading the full terms to which you are bound.\""
      }
    }
  },
  "urls": [
    "tosdr.org"
  ]
}