{
  "class": false,
  "links": {},
  "points": [
    "6499"
  ],
  "pointsData": {
    "6499": {
      "id": "6499",
      "quoteDoc": "Terms of Service",
      "quoteEnd": 756,
      "quoteStart": 520,
      "quoteText": "The project has a code of conduct and strives for a welcoming community <p>You acknowledge that the ToS;DR project strives for a welcoming community and, therefore, you commit to comply with the Contributor Covenant Code of Conduct.</p>",
      "services": [
        "tosdr"
      ],
      "title": "The service provides information about its attitude towards ethical, social or political problems or controversies",
      "topics": [],
      "tosdr": {
        "binding": true,
        "case": "The service provides information about its attitude towards ethical, social or political problems or controversies",
        "point": "good",
        "score": 25,
        "tldr": "Generated through the annotate view"
      }
    }
  },
  "urls": [
    "tisdr.org"
  ]
}