{
  "alexa": 9439,
  "class": false,
  "links": {
    "Privacy Policy": {
      "name": "Privacy Policy",
      "url": "http://www.travelzoo.com/privacy/"
    }
  },
  "points": [
    "1332",
    "6317",
    "6318",
    "6319",
    "6320"
  ],
  "pointsData": {
    "1332": {
      "discussion": "https://groups.google.com/d/topic/tosdr/FgWiTqoHN-c/discussion",
      "id": "1332",
      "needModeration": false,
      "services": [
        "travelzoo"
      ],
      "set": "set+service+and+topic",
      "slug": "FgWiTqoHN-c",
      "title": "Vouchers Can be Redeemed for Cash",
      "topics": [
        "refunds"
      ],
      "tosdr": {
        "binding": true,
        "case": "Users are entitled to a refund if certain thresholds or standards are not met by the service",
        "point": "good",
        "score": 30,
        "tldr": ""
      }
    },
    "6317": {
      "id": "6317",
      "needModeration": false,
      "quoteDoc": "Privacy Policy",
      "quoteEnd": 3558,
      "quoteStart": 2749,
      "quoteText": "When you subscribe to or use our Services, we collect the following personal information from you: <ul>\n<li>Contact information such as name, email address, Instant Messaging address, mailing address (including country of residence, and telephone number;</li>\n<li>Billing information such as credit card information, and billing address;</li>\n<li>Demographic information such as birth year, gender and occupation;</li>\n<li>Information concerning your personal preferences, such as preferred airport, and other personal interests;</li>\n<li>Information about your transactions with us and our business partners through our Services.\nand</li>\n<li>Your IP address and, when using our Mobile Application, data such as device type and OS version.\nNote, you are not anonymous to us when you sign in to our Services.\n",
      "services": [
        "travelzoo"
      ],
      "title": "The service collects many different types of personal data",
      "topics": [],
      "tosdr": {
        "binding": true,
        "case": "The service collects many different types of personal data",
        "point": "bad",
        "privacyRelated": true,
        "score": 70,
        "tldr": "Generated through the annotate view"
      }
    },
    "6318": {
      "id": "6318",
      "needModeration": false,
      "quoteDoc": "Privacy Policy",
      "quoteEnd": 7785,
      "quoteStart": 7145,
      "quoteText": "Travelzoo does not rent or sell personal information about you to third parties, however, we reserve the right to share the personal information we collect about you through our Services with third parties when we have your permission or under the following circumstances: <ul>\n<li>If you are making a purchase on the Site, we often work with third parties and trusted business partners to securely collect your credit card, billing address and other verifying information.\nOur third parties partners are required to follow generally accepted industry standards to protect the personal information they receive and/or process on our behalf.",
      "services": [
        "travelzoo"
      ],
      "title": "This service does not sell your personal data",
      "topics": [],
      "tosdr": {
        "binding": true,
        "case": "This service does not sell your personal data",
        "point": "good",
        "score": 25,
        "tldr": "Generated through the annotate view"
      }
    },
    "6319": {
      "id": "6319",
      "needModeration": false,
      "quoteDoc": "Privacy Policy",
      "quoteEnd": 15062,
      "quoteStart": 14942,
      "quoteText": "Note, if you choose to decline cookies, you may not be able to fully experience all the features of our Online Services.",
      "services": [
        "travelzoo"
      ],
      "title": "Blocking cookies may limit your ability to use the service",
      "topics": [],
      "tosdr": {
        "binding": true,
        "case": "Blocking cookies may limit your ability to use the service",
        "point": "bad",
        "score": 50,
        "tldr": "Generated through the annotate view"
      }
    },
    "6320": {
      "id": "6320",
      "needModeration": false,
      "quoteDoc": "Privacy Policy",
      "quoteEnd": 15473,
      "quoteStart": 15126,
      "quoteText": "\n<li>A web beacon is activated as part of a web page or email and allows us to count visitors to our websites and to recognize users by accessing Travelzoo cookies which help us personalize your experience when you use our Services.</li>\n<li>Travelzoo also uses web beacons to conduct research on behalf of our partners and for auditing purposes.\n",
      "services": [
        "travelzoo"
      ],
      "title": "The service may use tracking pixels, web beacons, browser fingerprinting, and/or device fingerprinting on users.",
      "topics": [],
      "tosdr": {
        "binding": true,
        "case": "The service may use tracking pixels, web beacons, browser fingerprinting, and/or device fingerprinting on users.",
        "point": "bad",
        "privacyRelated": true,
        "score": 50,
        "tldr": "Generated through the annotate view"
      }
    }
  },
  "urls": [
    "travelzoo.com"
  ]
}