{
  "alexa": 13,
  "class": "D",
  "links": {
    "Privacy Policy": {
      "name": "Privacy Policy",
      "url": "https://twitter.com/en/privacy"
    },
    "Terms of Service": {
      "name": "Terms of Service",
      "url": "https://twitter.com/en/tos"
    }
  },
  "points": [
    "4595",
    "5833",
    "5834",
    "5835",
    "5847",
    "5848",
    "5849",
    "5850",
    "5851",
    "5852",
    "5853",
    "5854",
    "606",
    "614",
    "630",
    "672",
    "699",
    "756",
    "779"
  ],
  "pointsData": {
    "606": {
      "discussion": "https://groups.google.com/d/topic/tosdr/damOWTFaho0/discussion",
      "id": "606",
      "meta": {
        "author": "ToS;DR project",
        "contributors": [
          "see mailing list discussion"
        ],
        "license-for-this-file": "This work is licensed under the Creative Commons Attribution-ShareAlike 3.0 Unported License. To view a copy of this license, visit http://creativecommons.org/licenses/by-sa/3.0/ or send a letter to Creative Commons, 444 Castro Street, Suite 900, Mountain View, California, 94041, .USA",
        "spec-version": "1.1"
      },
      "needModeration": false,
      "services": [
        "twitter"
      ],
      "slug": "damOWTFaho0",
      "source": {
        "faq": "",
        "terms": ""
      },
      "title": "Twitter provide archives of their terms",
      "topics": [
        "readability"
      ],
      "tosdr": {
        "binding": true,
        "case": "This service provides archives of their terms of service so that changes can be viewed over time",
        "point": "good",
        "score": 50,
        "tldr": "At https://twitter.com/tos/previous you can see previous versions of Twitter's terms"
      }
    },
    "614": {
      "discussion": "https://groups.google.com/d/msg/tosdr/-B4iO-9xHvg/0yoWGoEISrEJ",
      "id": "614",
      "meta": {
        "license-for-this-file": "This work is licensed under the Creative Commons Attribution-ShareAlike 3.0 Unported License. To view a copy of this license, visit http://creativecommons.org/licenses/by-sa/3.0/ or send a letter to Creative Commons, 444 Castro Street, Suite 900, Mountain View, California, 94041, .USA",
        "spec-version": "1.1"
      },
      "needModeration": false,
      "quoteDoc": "Privacy Policy",
      "quoteEnd": 38651,
      "quoteStart": 38105,
      "quoteText": "Changes to This Privacy Policy   <p>We may revise this Privacy Policy from time to time.\nThe most current version of the policy will govern our processing of your personal data and will always be at https://twitter.com/privacy.\nIf we make a change to this policy that, in our sole discretion, is material, we will notify you via an @Twitter update or email to the email address associated with your account.\nBy continuing to access or use the Services after those changes become effective, you agree to be bound by the revised Privacy Policy.</p>",
      "services": [
        "twitter"
      ],
      "slug": "-B4iO-9xHvg",
      "source": {
        "terms": "https://twitter.com/tos/previous/version_1"
      },
      "title": "The service may change its terms at any time, but the user will receive notification of the changes.",
      "topics": [
        "changes-involvement"
      ],
      "tosdr": {
        "binding": true,
        "case": "The service may change its terms at any time, but the user will receive notification of the changes.",
        "point": "neutral",
        "score": 0,
        "tldr": "Twitter can change the terms at any time when they see fit. They give notification, in their sole disretion, via an @Twitter update or via email. In September 2009, Twitter considerably changed the terms for the copyright license and only gave a very short notice, only a few hours before the changes applied."
      }
    },
    "630": {
      "discussion": "https://groups.google.com/forum/#!topic/tosdr/tmXfQIGPTvs",
      "id": "630",
      "license-for-this-file": "This work is licensed under the Creative Commons Attribution-ShareAlike 3.0 Unported License. To view a copy of this license, visit http://creativecommons.org/licenses/by-sa/3.0/ or send a letter to Creative Commons, 444 Castro Street, Suite 900, Mountain View, California, 94041, .USA",
      "needModeration": false,
      "quoteDoc": "Terms of Service",
      "quoteEnd": 6565,
      "quoteStart": 5472,
      "quoteText": "By submitting, posting or displaying Content on or through the Services, you grant us a worldwide, non-exclusive, royalty-free license (with the right to sublicense) to use, copy, reproduce, process, adapt, modify, publish, transmit, display and distribute such Content in any and all media or distribution methods (now known or later developed).\nThis license authorizes us to make your Content available to the rest of the world and to let others do the same.\nYou agree that this license includes the right for Twitter to provide, promote, and improve the Services and to make Content submitted to or through the Services available to other companies, organizations or individuals for the syndication, broadcast, distribution, promotion or publication of such Content on other media and services, subject to our terms and conditions for such Content use.\nSuch additional uses by Twitter, or other companies, organizations or individuals, may be made with no compensation paid to you with respect to the Content that you submit, post, transmit or otherwise make available through the Services.",
      "services": [
        "twitter"
      ],
      "slug": "tmXfQIGPTvs",
      "source": "https://twitter.com/tos",
      "title": "Very broad copyright license on your content",
      "topics": [
        "copyright-scope"
      ],
      "tosdr": {
        "binding": true,
        "case": "very broad",
        "point": "bad",
        "score": 80,
        "tldr": "The copyright license is very broad with almost no limitations, which goes beyond the requirements to run the service. It includes right for Twitter to license to others (“sublicense”)."
      }
    },
    "672": {
      "discussion": "https://groups.google.com/d/topic/tosdr/e0F4cavaJ4Q",
      "id": "672",
      "license-for-this-file": "This work is licensed under the Creative Commons Attribution-ShareAlike 3.0 Unported License. To view a copy of this license, visit http://creativecommons.org/licenses/by-sa/3.0/ or send a letter to Creative Commons, 444 Castro Street, Suite 900, Mountain View, California,94041, .USA",
      "needModeration": false,
      "quoteDoc": "Privacy Policy",
      "quoteEnd": 33969,
      "quoteStart": 33188,
      "quoteText": " <p>4.2</p> Deletion <p>We keep Log Data for a maximum of 18 months.\nIf you follow the instructions here (or for Periscope here), your account will be deactivated and then deleted.\nWhen deactivated, your Twitter account, including your display name, username, and public profile, will no longer be viewable on Twitter.com, Twitter for iOS, and Twitter for Android.\nFor up to 30 days after deactivation it is still possible to restore your Twitter account if it was accidentally or wrongfully deactivated.</p>\n<p>Keep in mind that search engines and other third parties may still retain copies of your public information, like your profile information and public Tweets, even after you have deleted the information from our services or deactivated your account.\nLearn more here.</p>",
      "services": [
        "twitter"
      ],
      "slug": "e0F4cavaJ4Q",
      "source": [
        "https://twitter.com/tos",
        "https://twitter.com/privacy"
      ],
      "title": "You have the right to leave this service at any time",
      "topics": [
        "leave"
      ],
      "tosdr": {
        "binding": true,
        "case": "You have the right to leave this service at any time",
        "point": "good",
        "score": 15,
        "tldr": ""
      }
    },
    "699": {
      "discussion": "https://groups.google.com/d/topic/tosdr/OR7vkW34mm4",
      "id": "699",
      "license-for-this-file": "This work is licensed under the Creative Commons Attribution-ShareAlike 3.0 Unported License. To view a copy of this license, visit http://creativecommons.org/licenses/by-sa/3.0/ or send a letter to Creative Commons, 444 Castro Street, Suite 900, Mountain View, California, 94041, .USA",
      "needModeration": false,
      "quote": "Cookies: Like many websites, we use “cookie” technology to collect additional website usage data and to improve our Services, but we do not require cookies for many parts of our Services such as searching and looking at public user profiles or lists. A cookie is a small data file that is transferred to your computer's hard disk. Twitter may use both session cookies and persistent cookies to better understand how you interact with our Services, to monitor aggregate usage by our users and web traffic routing on our Services, and to customize and improve our Services. Most Internet browsers automatically accept cookies. You can instruct your browser, by changing its settings, to stop accepting cookies or to prompt you before accepting a cookie from the websites you visit. However, some Services may not function properly if you disable cookies.",
      "quoteDoc": "Privacy Policy",
      "quoteEnd": 17362,
      "quoteStart": 16070,
      "quoteText": "A cookie is a small piece of data that is stored on your computer or mobile device.\nLike many websites, we use cookies and similar technologies to collect additional website usage data and to operate our services.\nCookies are not required for many parts of our services such as searching and looking at public profiles.\nAlthough most web browsers automatically accept cookies, many browsers’ settings can be set to decline cookies or alert you when a website is attempting to place a cookie on your computer.\nHowever, some of our services may not function properly if you disable cookies.\nWhen your browser or device allows it, we use both session cookies and persistent cookies to better understand how you interact with our services, to monitor aggregate usage patterns, and to personalize and otherwise operate our services such as by providing account security, personalizing the content we show you including ads, and remembering your language preferences.\nWe do not support the Do Not Track browser option.\nYou can learn more about how we use cookies and similar technologies here.</p>\n<p>pageReference: /content/twitter-com/legal/en/privacy/chapter-2/chapter-2-3-tooltips---overlays</p>\n<p>Content:</p>\n<p>Not hungry?</p>\n<p>You can change your cookie settings in your web browser.</p>",
      "services": [
        "twitter"
      ],
      "slug": "OR7vkW34mm4",
      "source": "https://twitter.com/privacy",
      "title": "Twitter does not require cookies to function",
      "topics": [
        "cookies"
      ],
      "tosdr": {
        "binding": true,
        "case": "This service requires first-party cookies, which are cookies that only belong to the domain of the service and not a third party.",
        "point": "neutral",
        "score": 10,
        "tldr": "Twitter is transparent about using session cookies and persistant cookies. But Twitter does not require cookies for most of the service to function. Remember that cookies are files on your computer: you can control and disable them."
      }
    },
    "756": {
      "discussion": "https://groups.google.com/forum#!topic/tosdr/0Q-ZHqdSZ3g",
      "id": "756",
      "needModeration": false,
      "quoteDoc": "Privacy Policy",
      "quoteEnd": 33044,
      "quoteStart": 32774,
      "quoteText": "You can download certain account information, including your Tweets, by following the instructions here.\nOn Periscope, you can request correction, deletion, or modification of your personal data, and download your account information, by following the instructions here.",
      "services": [
        "twitter"
      ],
      "slug": "0Q-ZHqdSZ3g",
      "title": "You can retrieve an archive of your data",
      "topics": [
        "data-export"
      ],
      "tosdr": {
        "binding": true,
        "case": "This service allows you to retrieve an archive of your data",
        "point": "good",
        "score": 40,
        "tldr": "There is a button in the account settings to retrieve an archive of all your tweets."
      }
    },
    "779": {
      "discussion": "https://groups.google.com/d/msg/tosdr/aXOIDbzevYE/VYXGTAktQuAJ",
      "id": "779",
      "license-for-this-file": "This work is licensed under the Creative Commons Attribution-ShareAlike 3.0 Unported License. To view a copy of this license, visit http://creativecommons.org/licenses/by-sa/3.0/ or send a letter to Creative Commons, 444 Castro Street, Suite 900, Mountain View, California, 94041, .USA",
      "needModeration": false,
      "quote": "Third-Party Service Providers: Twitter uses a variety of third-party services to help provide our Services, such as hosting our various blogs and wikis, and to help us understand the use of our Services, such as Google Analytics. These third-party service providers may collect information sent by your browser as part of a web page request, such as cookies or your IP address. ",
      "quoteDoc": "Privacy Policy",
      "quoteEnd": 16045,
      "quoteStart": 15943,
      "quoteText": "They may also collect other personal data from you, such as cookie identifiers or your IP address.</p>",
      "services": [
        "twitter"
      ],
      "slug": "aXOIDbzevYE-1",
      "source": "http://www.twitter.com/privacy",
      "title": "Third party cookies",
      "topics": [
        "cookies",
        "third"
      ],
      "tosdr": {
        "binding": true,
        "case": "Tracking via third-party cookies for other purposes without your consent.",
        "point": "bad",
        "privacyRelated": true,
        "score": 70,
        "tldr": "Twitter uses third-party services that may collect your information, using cookies for instance. Twitter uses Google Analytics."
      }
    },
    "4595": {
      "id": "4595",
      "needModeration": false,
      "services": [
        "twitter"
      ],
      "title": "This service ignores the Do Not Track (DNT) header and tracks users anyway even if they set this header.",
      "topics": [],
      "tosdr": {
        "binding": true,
        "case": "This service ignores the Do Not Track (DNT) header and tracks users anyway even if they set this header.",
        "point": "bad",
        "score": 60,
        "tldr": "The Privacy Policy states \"We do not support the Do Not Track browser option.\""
      }
    },
    "5833": {
      "id": "5833",
      "quoteDoc": "Terms of Service",
      "quoteEnd": 2186,
      "quoteStart": 2076,
      "quoteText": "In any case, you must be at least 13 years old, or in the case of Periscope 16 years old, to use the Services.",
      "services": [
        "twitter"
      ],
      "title": "This service is only available to users of a certain age",
      "topics": [],
      "tosdr": {
        "binding": true,
        "case": "This service is only available to users of a certain age",
        "point": "neutral",
        "score": 15,
        "tldr": "Generated through the annotate view"
      }
    },
    "5834": {
      "id": "5834",
      "needModeration": false,
      "quoteDoc": "Terms of Service",
      "quoteEnd": 15158,
      "quoteStart": 14308,
      "quoteText": "We may suspend or terminate your account or cease providing you with all or part of the Services at any time for any or no reason, including, but not limited to, if we reasonably believe: (i) you have violated these Terms or the Twitter Rules or Periscope Community Guidelines, (ii) you create risk or possible legal exposure for us.\n(iii) your account should be removed due to prolonged inactivity.\nor (iv) our provision of the Services to you is no longer commercially viable.\nWe will make reasonable efforts to notify you by the email address associated with your account or the next time you attempt to access your account, depending on the circumstances.\nIn all such cases, the Terms shall terminate, including, without limitation, your license to use the Services, except that the following sections shall continue to apply: II, III, V, and VI.",
      "services": [
        "twitter"
      ],
      "title": "The service can delete your account without prior notice and without a reason",
      "topics": [],
      "tosdr": {
        "binding": true,
        "case": "The service can delete your account without prior notice and without a reason",
        "point": "bad",
        "score": 60,
        "tldr": "Generated through the annotate view"
      }
    },
    "5835": {
      "id": "5835",
      "quoteDoc": "Terms of Service",
      "quoteEnd": 12286,
      "quoteStart": 12068,
      "quoteText": "You are responsible for safeguarding your account, so use a strong password and limit its use to this account.\nWe cannot and will not be liable for any loss or damage arising from your failure to comply with the above.",
      "services": [
        "twitter"
      ],
      "title": "You are responsible for maintaining the security of your account and for the activities on your account",
      "topics": [],
      "tosdr": {
        "binding": true,
        "case": "You are responsible for maintaining the security of your account and for the activities on your account",
        "point": "neutral",
        "score": 10,
        "tldr": "Generated through the annotate view"
      }
    },
    "5847": {
      "id": "5847",
      "needModeration": false,
      "quoteDoc": "Privacy Policy",
      "quoteEnd": 29456,
      "quoteStart": 28469,
      "quoteText": "3.2</p> Service Providers <p>We engage service providers to perform functions and provide services to us in the United States, Ireland, and other countries.\nFor example, we use a variety of third-party services to help operate our services, such as hosting our various blogs and wikis, and to help us understand the use of our services, such as Google Analytics.\nWe may share your private personal data with such service providers subject to obligations consistent with this Privacy Policy and any other appropriate confidentiality and security measures, and on the condition that the third parties use your private personal data only on our behalf and pursuant to our instructions.\nWe share your payment information with payment services providers to process payments.\nprevent, detect, and investigate fraud or other prohibited activities.\nfacilitate dispute resolution such as chargebacks or refunds.\nand for other purposes associated with the acceptance of credit and debit cards.</p>",
      "services": [
        "twitter"
      ],
      "title": "Your personal data is given to third parties",
      "topics": [],
      "tosdr": {
        "binding": true,
        "case": "Your personal data is given to third parties",
        "point": "bad",
        "privacyRelated": true,
        "score": 10,
        "tldr": "Generated through the annotate view"
      }
    },
    "5848": {
      "id": "5848",
      "needModeration": false,
      "quoteDoc": "Terms of Service",
      "quoteEnd": 14011,
      "quoteStart": 13877,
      "quoteText": "<p>You may end your legal agreement with Twitter at any time by deactivating your accounts and discontinuing your use of the Services.",
      "services": [
        "twitter"
      ],
      "title": "You have the right to leave this service at any time",
      "topics": [],
      "tosdr": {
        "binding": true,
        "case": "You have the right to leave this service at any time",
        "point": "good",
        "score": 15,
        "tldr": "Generated through the annotate view"
      }
    },
    "5849": {
      "id": "5849",
      "needModeration": false,
      "quoteDoc": "Privacy Policy",
      "quoteEnd": 1929,
      "quoteStart": 1857,
      "quoteText": "You can also always download the information you have shared on Twitter.",
      "services": [
        "twitter"
      ],
      "title": "This service provides a way for you to export your data",
      "topics": [],
      "tosdr": {
        "binding": true,
        "case": "This service provides a way for you to export your data",
        "point": "good",
        "score": 30,
        "tldr": "Generated through the annotate view"
      }
    },
    "5850": {
      "id": "5850",
      "needModeration": false,
      "quoteDoc": "Terms of Service",
      "quoteEnd": 10434,
      "quoteStart": 10230,
      "quoteText": "We also reserve the right to access, read, preserve, and disclose any information as we reasonably believe is necessary to (i) satisfy any applicable law, regulation, legal process or governmental request",
      "services": [
        "twitter"
      ],
      "title": "This service reserves the right to disclose your personal information without notifying you",
      "topics": [],
      "tosdr": {
        "binding": true,
        "case": "This service reserves the right to disclose your personal information without notifying you",
        "point": "bad",
        "score": 50,
        "tldr": "Generated through the annotate view"
      }
    },
    "5851": {
      "id": "5851",
      "needModeration": false,
      "quoteDoc": "Terms of Service",
      "quoteEnd": 15426,
      "quoteStart": 15324,
      "quoteText": "You understand and agree that the Services are provided to you on an “AS IS” and “AS AVAILABLE” basis.",
      "services": [
        "twitter"
      ],
      "title": "The service is provided 'as is' and to be used at the users' sole risk",
      "topics": [],
      "tosdr": {
        "binding": true,
        "case": "The service is provided 'as is' and to be used at the users' sole risk",
        "point": "bad",
        "score": 20,
        "tldr": "Generated through the annotate view"
      }
    },
    "5852": {
      "id": "5852",
      "needModeration": false,
      "quoteDoc": "Privacy Policy",
      "quoteEnd": 30914,
      "quoteStart": 30686,
      "quoteText": "3.4</p> Affiliates and Change of Ownership <p>In the event that we are involved in a bankruptcy, merger, acquisition, reorganization, or sale of assets, your personal data may be sold or transferred as part of that transaction.\n",
      "services": [
        "twitter"
      ],
      "title": "The service can sell or otherwise transfer your personal data as part of a bankruptcy proceeding or other type of financial transaction.",
      "topics": [],
      "tosdr": {
        "binding": true,
        "case": "The service can sell or otherwise transfer your personal data as part of a bankruptcy proceeding or other type of financial transaction.",
        "point": "bad",
        "score": 50,
        "tldr": "Generated through the annotate view"
      }
    },
    "5853": {
      "id": "5853",
      "needModeration": false,
      "quoteDoc": "Privacy Policy",
      "quoteEnd": 1593,
      "quoteStart": 1453,
      "quoteText": "We use this information for things like keeping your account secure and showing you more relevant Tweets, people to follow, events, and ads.",
      "services": [
        "twitter"
      ],
      "title": "The service uses your personal data for advertising",
      "topics": [],
      "tosdr": {
        "binding": true,
        "case": "The service uses your personal data for advertising",
        "point": "bad",
        "privacyRelated": true,
        "score": 30,
        "tldr": "Generated through the annotate view"
      }
    },
    "5854": {
      "id": "5854",
      "needModeration": false,
      "quoteDoc": "Terms of Service",
      "quoteEnd": 8235,
      "quoteStart": 8165,
      "quoteText": "We may also remove or refuse to distribute any Content on the Services",
      "services": [
        "twitter"
      ],
      "title": "The service can delete specific content without prior notice and without a reason",
      "topics": [],
      "tosdr": {
        "binding": true,
        "case": "The service can delete specific content without prior notice and without a reason",
        "point": "blocker",
        "score": 50,
        "tldr": "Generated through the annotate view"
      }
    }
  },
  "urls": [
    "twitter.com"
  ]
}