{
  "alexa": 1124,
  "class": false,
  "links": {},
  "points": [
    "1256",
    "1463",
    "1472",
    "1580"
  ],
  "pointsData": {
    "1256": {
      "approved": false,
      "id": "1256",
      "needModeration": false,
      "quoteDoc": "Terms of Service",
      "quoteEnd": 38094,
      "quoteStart": 37924,
      "quoteText": "Uber may assign these Terms without your consent to: (i) a subsidiary or affiliate.\n(ii) an acquirer of Uber's equity, business or assets.\nor (iii) a successor by merger.",
      "services": [
        "uber"
      ],
      "slug": "Y22vbx7YamtYtAqrr",
      "submittedBy": "euuLXKG9G2vNLbLDK",
      "title": "Uber can transfer the TOS to affiliates and successors without your consent",
      "topics": [
        "business-transfer"
      ],
      "tosdr": {
        "binding": true,
        "case": "The service can sell or otherwise transfer your personal data as part of a bankruptcy proceeding or other type of financial transaction.",
        "point": "bad",
        "score": 50,
        "sources": [
          "https://www.uber.com/legal/terms/us/"
        ],
        "tldr": "Uber can transfer the TOS to affiliates and successors without your consent."
      }
    },
    "1463": {
      "approved": false,
      "id": "1463",
      "needModeration": false,
      "quoteDoc": "Terms of Service",
      "quoteEnd": 3849,
      "quoteStart": 3655,
      "quoteText": "Uber may immediately terminate these Terms or any Services with respect to you, or generally cease offering or deny access to the Services or any portion thereof, at any time for any reason.</p>",
      "services": [
        "uber"
      ],
      "slug": "59565eogZfRinHnDB",
      "submittedBy": "euuLXKG9G2vNLbLDK",
      "title": "The service can delete your account without prior notice and without a reason",
      "topics": [
        "changes"
      ],
      "tosdr": {
        "binding": true,
        "case": "The service can delete your account without prior notice and without a reason",
        "point": "bad",
        "score": 60,
        "sources": [
          "https://www.uber.com/legal/terms/us/"
        ],
        "tldr": "At any time, your account can be terminated without explanation and without warning by the service. "
      }
    },
    "1472": {
      "approved": false,
      "id": "1472",
      "needModeration": false,
      "quoteDoc": "Terms of Service",
      "quoteEnd": 26321,
      "quoteStart": 26063,
      "quoteText": "Uber does not guarantee that the Services, or any portion thereof, will function on any particular hardware or devices.\nIn addition, the Services may be subject to malfunctions and delays inherent in the use of the Internet and electronic communications.</p>",
      "services": [
        "uber"
      ],
      "slug": "kierbXc3kseL2wHyE",
      "submittedBy": "euuLXKG9G2vNLbLDK",
      "title": "The service provider makes no warranty regarding uninterrupted, timely, secure or error-free service",
      "topics": [
        "guarantee"
      ],
      "tosdr": {
        "binding": true,
        "case": "The service provider makes no warranty regarding uninterrupted, timely, secure or error-free service",
        "point": "bad",
        "score": 30,
        "sources": [
          "https://www.uber.com/legal/terms/us/"
        ],
        "tldr": "[Neutral]  Uber does not guarantee that their Services will work with any particular hardware or devices, and states the disclaimer that their Services may be subject to malfunctions and delays inherent with the use of the Internet and electronic communications."
      }
    },
    "1580": {
      "approved": false,
      "id": "1580",
      "needModeration": false,
      "services": [
        "uber"
      ],
      "slug": "CX5rpWQkz9AEBBXgE",
      "submittedBy": "euuLXKG9G2vNLbLDK",
      "title": "The service provides information about its attitude towards ethical, social or political problems or controversies",
      "topics": [],
      "tosdr": {
        "binding": true,
        "case": "The service provides information about its attitude towards ethical, social or political problems or controversies",
        "point": "good",
        "score": 25,
        "sources": [
          "https://www.uber.com/legal/other/"
        ],
        "tldr": "Uber offers a wide variety of additional policies to show their position in certain social and political fields."
      }
    }
  },
  "urls": [
    "uber.com"
  ]
}