{
  "alexa": 179691,
  "class": false,
  "links": {},
  "points": [
    "5731",
    "5732",
    "5733",
    "5736",
    "5738",
    "5739",
    "5740",
    "5742",
    "5743",
    "5745",
    "5747",
    "5748",
    "5749",
    "5750",
    "5751",
    "5752",
    "5753",
    "5754"
  ],
  "pointsData": {
    "5731": {
      "id": "5731",
      "quoteDoc": "Privacy policy",
      "quoteEnd": 6449,
      "quoteStart": 6342,
      "quoteText": "\n<p>Please note that some parts of our Services may not function properly if use of cookies is refused.</p>",
      "services": [
        "upcloud"
      ],
      "title": "Blocking cookies may limit your ability to use the service",
      "topics": [],
      "tosdr": {
        "binding": true,
        "case": "Blocking cookies may limit your ability to use the service",
        "point": "bad",
        "score": 50,
        "tldr": "Generated through the annotate view"
      }
    },
    "5732": {
      "id": "5732",
      "quoteDoc": "Terms of service",
      "quoteEnd": 16184,
      "quoteStart": 15908,
      "quoteText": "Aside from the rights specifically granted herein, Customer retains ownership of all rights, including intellectual property rights, in the Customer Data.\n</p>\n<p>\n<small>\n<strong>tl;dr</strong> Any data uploaded to or generated on your cloud servers are yours and yours only.",
      "services": [
        "upcloud"
      ],
      "title": "You maintain ownership of your data",
      "topics": [],
      "tosdr": {
        "binding": true,
        "case": "You maintain ownership of your data",
        "point": "good",
        "score": 50,
        "tldr": "Generated through the annotate view"
      }
    },
    "5733": {
      "id": "5733",
      "quoteDoc": "Terms of service",
      "quoteEnd": 34518,
      "quoteStart": 34418,
      "quoteText": "The Customer may terminate the Agreement for any reason by issuing 5 days written notice to UpCloud.",
      "services": [
        "upcloud"
      ],
      "title": "You have the right to leave this service at any time",
      "topics": [],
      "tosdr": {
        "binding": true,
        "case": "You have the right to leave this service at any time",
        "point": "good",
        "score": 15,
        "tldr": "Generated through the annotate view"
      }
    },
    "5736": {
      "id": "5736",
      "quoteDoc": "Privacy policy",
      "quoteEnd": 12126,
      "quoteStart": 12002,
      "quoteText": "<p>If UpCloud is involved in a merger, acquisition or asset sale, we may transfer personal data to the third party involved.",
      "services": [
        "upcloud"
      ],
      "title": "The service can sell or otherwise transfer your personal data as part of a bankruptcy proceeding or other type of financial transaction.",
      "topics": [],
      "tosdr": {
        "binding": true,
        "case": "The service can sell or otherwise transfer your personal data as part of a bankruptcy proceeding or other type of financial transaction.",
        "point": "bad",
        "score": 50,
        "tldr": "Generated through the annotate view"
      }
    },
    "5738": {
      "id": "5738",
      "quoteDoc": "Terms of service",
      "quoteEnd": 34620,
      "quoteStart": 34519,
      "quoteText": "UpCloud may terminate the Agreement for any reason by issuing 30 days written notice to the Customer.",
      "services": [
        "upcloud"
      ],
      "title": "The service gives 30 days of notice before closing your account",
      "topics": [],
      "tosdr": {
        "binding": true,
        "case": "The service gives 30 days of notice before closing your account",
        "point": "good",
        "score": 15,
        "tldr": "Generated through the annotate view"
      }
    },
    "5739": {
      "id": "5739",
      "quoteDoc": "Terms of service",
      "quoteEnd": 38552,
      "quoteStart": 38170,
      "quoteText": "The Agreement will be governed by the substantive laws of Finland, with the exception of any conflict of law principles.\nAny and all disputes, which the Parties fail to settle amicably, arising out of or relating to the Agreement will be finally settled by arbitration in English language in accordance with the Rules of the Arbitration Institute of the Finland Chamber of Commerce.",
      "services": [
        "upcloud"
      ],
      "title": "The court of law governing the terms is in Finland.",
      "topics": [],
      "tosdr": {
        "binding": true,
        "case": "The court of law governing the terms is in location X",
        "point": "neutral",
        "score": 0,
        "tldr": "The court of law governing the terms is in Finland."
      }
    },
    "5740": {
      "id": "5740",
      "quoteDoc": "Terms of service",
      "quoteEnd": 38680,
      "quoteStart": 38593,
      "quoteText": "Any disputes will be decided in English and by the Finland Chamber of Commerce.</small>",
      "services": [
        "upcloud"
      ],
      "title": "The court of law governing the terms is in a jurisdiction that is friendlier to user privacy protection.",
      "topics": [],
      "tosdr": {
        "binding": true,
        "case": "The court of law governing the terms is in a jurisdiction that is friendlier to user privacy protection.",
        "point": "good",
        "score": 50,
        "tldr": "Upcloud's Terms of service state that \"the Agreement will be governed by the substantive laws of Finland.\" Finland has an implementation of the GDPR as well as their own data protections acts."
      }
    },
    "5742": {
      "id": "5742",
      "quoteDoc": "Privacy policy",
      "quoteEnd": 12990,
      "quoteStart": 12833,
      "quoteText": "UpCloud does not store personal data longer than is legally permitted and necessary for the purposes of providing the Services or the relevant parts thereof.",
      "services": [
        "upcloud"
      ],
      "title": "The service's data retention period is kept to the minimum necessary for fulfilling its purposes",
      "topics": [],
      "tosdr": {
        "binding": true,
        "case": "The service's data retention period is kept to the minimum necessary for fulfilling its purposes",
        "point": "good",
        "privacyRelated": true,
        "score": 50,
        "tldr": "Generated through the annotate view"
      }
    },
    "5743": {
      "id": "5743",
      "quoteDoc": "Terms of service",
      "quoteEnd": 39083,
      "quoteStart": 38889,
      "quoteText": "UpCloud will guarantee 100% virtual server and network availability to the Customer.\nThe network will be deemed available if UpCloud’s routers and switches are available and responding properly.",
      "services": [
        "upcloud"
      ],
      "title": "The service guarantees 100% virtual server and network availability to the Customer",
      "topics": [],
      "tosdr": {
        "binding": true,
        "case": "Accessibility to this service is guaranteed at 99% or more",
        "point": "good",
        "score": 10,
        "tldr": "In the Terms of service, Upcloud's Service Level Agreement states that \"UpCloud will guarantee 100% virtual server and network availability to the Customer. The network will be deemed available if UpCloud’s routers and switches are available and responding properly.\""
      }
    },
    "5745": {
      "id": "5745",
      "quoteDoc": "Terms of service",
      "quoteEnd": 43021,
      "quoteStart": 42913,
      "quoteText": "The Customer is not entitled to use the Services for purposes which UpCloud deems to be illegal or offensive",
      "services": [
        "upcloud"
      ],
      "title": "Users agree not to use the service for illegal purposes",
      "topics": [],
      "tosdr": {
        "binding": true,
        "case": "Users agree not to use the service for illegal purposes",
        "point": "neutral",
        "score": 10,
        "tldr": "Generated through the annotate view"
      }
    },
    "5747": {
      "id": "5747",
      "quoteDoc": "Privacy policy",
      "quoteEnd": 9376,
      "quoteStart": 9069,
      "quoteText": "We store the Users’ personal data primarily within the European Economic Area.\nHowever, we have service providers in several geographical locations.\nAs such, we and our service providers may transfer personal data to, or access it in, jurisdictions outside the European Economic Area or the User’s domicile.",
      "services": [
        "upcloud"
      ],
      "title": "Your data may be processed and stored anywhere in the world",
      "topics": [],
      "tosdr": {
        "binding": true,
        "case": "Your data may be processed and stored anywhere in the world",
        "point": "bad",
        "score": 25,
        "tldr": "Generated through the annotate view"
      }
    },
    "5748": {
      "id": "5748",
      "quoteDoc": "Privacy policy",
      "quoteEnd": 8569,
      "quoteStart": 8320,
      "quoteText": "We may process information regarding the use of the Services to improve the quality of our Services e.g.\nby analysing any trends in the use of our Services.\nWhen possible, we will do this using only aggregated, non- personally identifiable data.</p>",
      "services": [
        "upcloud"
      ],
      "title": "Your personal data is aggregated into statistics",
      "topics": [],
      "tosdr": {
        "binding": true,
        "case": "Your personal data is aggregated into statistics",
        "point": "neutral",
        "score": 10,
        "tldr": "Generated through the annotate view"
      }
    },
    "5749": {
      "id": "5749",
      "quoteDoc": "Privacy policy",
      "quoteEnd": 11346,
      "quoteStart": 11270,
      "quoteText": "When possible, we will inform Users about such transfer and processing.</p>\n",
      "services": [
        "upcloud"
      ],
      "title": "The service promises to inform and/or notify users regarding government inquiries that may involve users' personal data",
      "topics": [],
      "tosdr": {
        "binding": true,
        "case": "The service promises to inform and/or notify users regarding government inquiries that may involve users' personal data",
        "point": "good",
        "score": 50,
        "tldr": "Generated through the annotate view"
      }
    },
    "5750": {
      "id": "5750",
      "quoteDoc": "Privacy policy",
      "quoteEnd": 11541,
      "quoteStart": 11381,
      "quoteText": "We may share personal data to authorized service providers who perform services for us (including data storage, sales, marketing and customer support services).",
      "services": [
        "upcloud"
      ],
      "title": "Third parties may be involved in operating the service",
      "topics": [],
      "tosdr": {
        "binding": true,
        "case": "Third parties may be involved in operating the service",
        "point": "bad",
        "score": 15,
        "tldr": "Generated through the annotate view"
      }
    },
    "5751": {
      "id": "5751",
      "quoteDoc": "Terms of service",
      "quoteEnd": 32345,
      "quoteStart": 32155,
      "quoteText": "The parties expressly note that the Service is not designed to be error-free or uninterrupted and therefore they are neither intended nor fit for purposes that require fail-safe performance.",
      "services": [
        "upcloud"
      ],
      "title": "The service provider makes no warranty regarding uninterrupted, timely, secure or error-free service",
      "topics": [],
      "tosdr": {
        "binding": true,
        "case": "The service provider makes no warranty regarding uninterrupted, timely, secure or error-free service",
        "point": "bad",
        "score": 30,
        "tldr": "Generated through the annotate view"
      }
    },
    "5752": {
      "id": "5752",
      "quoteDoc": "Terms of service",
      "quoteEnd": 31913,
      "quoteStart": 31832,
      "quoteText": "In all other respects the Service is provided on “as-is” and “as-available” basis",
      "services": [
        "upcloud"
      ],
      "title": "The service is provided 'as is' and to be used at the users' sole risk",
      "topics": [],
      "tosdr": {
        "binding": true,
        "case": "The service is provided 'as is' and to be used at the users' sole risk",
        "point": "bad",
        "score": 20,
        "tldr": "Generated through the annotate view"
      }
    },
    "5753": {
      "id": "5753",
      "quoteDoc": "Terms of service",
      "quoteEnd": 39291,
      "quoteStart": 39084,
      "quoteText": "For all unscheduled interruptions in the provision of the Services, which are due to hardware or telecommunications failures that last longer than 5 minutes, UpCloud shall offer compensation to the Customer.",
      "services": [
        "upcloud"
      ],
      "title": "Users are provided compensation according to Upcloud's service level agreement for any unscheduled interruptions",
      "topics": [],
      "tosdr": {
        "binding": true,
        "case": "Users are entitled to a refund if certain thresholds or standards are not met by the service",
        "point": "good",
        "score": 30,
        "tldr": "The Terms of service state in the Service Level Agreement that \"for all unscheduled interruptions in the provision of the Services, which are due to hardware or telecommunications failures that last longer than 5 minutes, UpCloud shall offer compensation to the Customer.\" Note that there are are situations that will be exempt from UpCloud’s service guarantee. \r\n"
      }
    },
    "5754": {
      "id": "5754",
      "services": [
        "upcloud"
      ],
      "title": "This service does not force users into binding arbitration",
      "topics": [],
      "tosdr": {
        "binding": true,
        "case": "This service does not force users into binding arbitration",
        "point": "good",
        "score": 50,
        "tldr": "The Terms of service do not mention anything about binding arbitration."
      }
    }
  },
  "urls": [
    "upcloud.com"
  ]
}