{
  "alexa": 567,
  "class": false,
  "links": {
    "Privacy Policy": {
      "name": "Privacy Policy",
      "url": "http://www.urbandictionary.com/privacy.php"
    }
  },
  "points": [
    "4969",
    "4970",
    "6612",
    "6613",
    "6614",
    "6615",
    "6634"
  ],
  "pointsData": {
    "4969": {
      "id": "4969",
      "needModeration": false,
      "quoteDoc": "Privacy Policy",
      "quoteEnd": 449,
      "quoteStart": 86,
      "quoteText": "a) the e-mail addresses of those who communicate with us via e-mail, (b) aggregate information concerning what pages users access or visit, (c) information volunteered by the user (such as survey information and/or site registrations) and (d) information related to your use of the site, including IP address, geographic location and date and time of your request",
      "services": [
        "urban-dictionary"
      ],
      "title": "The service provides details about what kinds of personal information they collect",
      "topics": [],
      "tosdr": {
        "binding": true,
        "case": "The service provides details about what kinds of personal information they collect",
        "point": "good",
        "score": 30,
        "tldr": "Generated through the annotate view"
      }
    },
    "4970": {
      "id": "4970",
      "needModeration": false,
      "quoteDoc": "Privacy Policy",
      "quoteEnd": 634,
      "quoteStart": 451,
      "quoteText": "The information we collect is used to improve the content of our Website and the quality of our service, and is not shared with or sold to other organizations for commercial purposes,",
      "services": [
        "urban-dictionary"
      ],
      "title": "The service provides information about how they intend to use your personal data",
      "topics": [],
      "tosdr": {
        "binding": true,
        "case": "The service provides information about how they intend to use your personal data",
        "point": "good",
        "score": 30,
        "tldr": "Generated through the annotate view"
      }
    },
    "6612": {
      "id": "6612",
      "quoteDoc": "Privacy Policy",
      "quoteEnd": 3368,
      "quoteStart": 2696,
      "quoteText": "<p>Our Ad Partners may also from time to time use web beacons (also known as Internet tags, pixel tags and clear GIFs).\nThese web beacons are provided by our Ad Partners and allow Ad Partners to obtain information such as the IP address of the computer that downloaded the page on which the beacon appears, the URL of the page on which the beacon appears, the time the page containing the beacon was viewed, the type of browser used to view the page and the information in cookies set by the Ad Partners.\nWeb beacons enable our Ad Partners to recognize a unique cookie on your web browser, which in turn enables us to learn which advertisements bring users to our Website.",
      "services": [
        "urban-dictionary"
      ],
      "title": "The service may use tracking pixels, web beacons, browser fingerprinting, and/or device fingerprinting on users.",
      "topics": [],
      "tosdr": {
        "binding": true,
        "case": "The service may use tracking pixels, web beacons, browser fingerprinting, and/or device fingerprinting on users.",
        "point": "bad",
        "privacyRelated": true,
        "score": 50,
        "tldr": "Generated through the annotate view"
      }
    },
    "6613": {
      "id": "6613",
      "quoteDoc": "Terms of Service",
      "quoteEnd": 6186,
      "quoteStart": 5611,
      "quoteText": "\nYou agree to indemnify, defend, and hold harmless the Company, its officers, directors, employees, and agents from and against any and all claims, losses, costs, liabilities, damages, judgments, penalties, interest and expenses (including reasonable attorneys’ fees) arising out or relating to (i) any actual or alleged breach of your representations, warranties, or obligations set forth in these Terms of Service, and (ii) any actual or alleged infringement of any intellectual property or proprietary rights by any Content or other information you publish to the Website.",
      "services": [
        "urban-dictionary"
      ],
      "title": "You agree to defend, indemnify, and hold the service harmless in case of a claim related to your use of the service",
      "topics": [],
      "tosdr": {
        "binding": true,
        "case": "You agree to defend, indemnify, and hold the service harmless in case of a claim related to your use of the service",
        "point": "bad",
        "score": 60,
        "tldr": "Generated through the annotate view"
      }
    },
    "6614": {
      "id": "6614",
      "quoteDoc": "Privacy Policy",
      "quoteEnd": 1157,
      "quoteStart": 1057,
      "quoteText": "We transfer information about you if Urban Dictionary is acquired by or merged with another company.",
      "services": [
        "urban-dictionary"
      ],
      "title": "The service can sell or otherwise transfer your personal data as part of a bankruptcy proceeding or other type of financial transaction.",
      "topics": [],
      "tosdr": {
        "binding": true,
        "case": "The service can sell or otherwise transfer your personal data as part of a bankruptcy proceeding or other type of financial transaction.",
        "point": "bad",
        "score": 50,
        "tldr": "Generated through the annotate view"
      }
    },
    "6615": {
      "id": "6615",
      "quoteDoc": "Terms of Service",
      "quoteEnd": 992,
      "quoteStart": 832,
      "quoteText": "By using the Website, you are representing that you are at least 18, or that you are at least 13 years old and have your parents’ permission to use the Website.",
      "services": [
        "urban-dictionary"
      ],
      "title": "This service is only available to users of a certain age",
      "topics": [],
      "tosdr": {
        "binding": true,
        "case": "This service is only available to users of a certain age",
        "point": "neutral",
        "score": 15,
        "tldr": "Generated through the annotate view"
      }
    },
    "6634": {
      "id": "6634",
      "quoteDoc": "Terms of Service",
      "quoteEnd": 11846,
      "quoteStart": 11558,
      "quoteText": "TERMS OF IDEA SUBMISSION <p>You agree that: (1) your submissions and their contents will automatically become the property of Urban Dictionary, without any compensation to you.\n(2) Urban Dictionary may use or redistribute the submissions and their contents for any purpose and in any way.",
      "services": [
        "urban-dictionary"
      ],
      "title": "If you offer suggestions to the service, they become the owner of the ideas that you give them",
      "topics": [],
      "tosdr": {
        "binding": true,
        "case": "If you offer suggestions to the service, they become the owner of the ideas that you give them",
        "point": "bad",
        "score": 50,
        "tldr": "Generated through the annotate view"
      }
    }
  },
  "urls": [
    "urbandictionary.com"
  ]
}