{
  "class": false,
  "links": {},
  "points": [
    "4300"
  ],
  "pointsData": {
    "4300": {
      "id": "4300",
      "needModeration": false,
      "quoteDoc": "Warning",
      "quoteEnd": 40,
      "quoteStart": 1,
      "quoteText": "THIS IS A SECURED AND MONITORED SYSTEM.",
      "services": [
        "uswarrantservice"
      ],
      "title": "your private content may be accessed by staff",
      "topics": [],
      "tosdr": {
        "binding": true,
        "case": "Your private content may be accessed by people working for the service",
        "point": "neutral",
        "score": 30,
        "tldr": "your private content may be accessed by staff"
      }
    }
  },
  "urls": [
    "uswarrantservice.org"
  ]
}