{
  "alexa": 132,
  "class": false,
  "links": {
    "Privacy Policy": {
      "name": "Privacy Policy",
      "url": "http://vimeo.com/privacy"
    },
    "Terms of Service": {
      "name": "Terms of Service",
      "url": "http://vimeo.com/terms"
    }
  },
  "points": [
    "1368",
    "1752",
    "2283",
    "6455",
    "6456",
    "6457",
    "6458",
    "6459",
    "6460"
  ],
  "pointsData": {
    "1368": {
      "discussion": "https://groups.google.com/forum#!topic/tosdr/ZxvcZKAWEYg",
      "id": "1368",
      "needModeration": false,
      "quoteDoc": "Terms of Service",
      "quoteEnd": 16117,
      "quoteStart": 15649,
      "quoteText": "11.\nIndemnification <p>You will indemnify, defend, and hold harmless Vimeo and its affiliates, directors, officers, employees, and agents, from and against all third party actions that: (i) arise from your activities on the Vimeo Service.\n(ii) assert a violation by you of any term of this Agreement.\nor (iii) assert that any content you submitted to Vimeo violates any law or infringes any third party right, including any intellectual property or privacy right.</p> ",
      "services": [
        "vimeo"
      ],
      "slug": "ZxvcZKAWEYg",
      "title": "You agree to defend, indemnify, and hold Vimeo harmless in case of a claim related to your use of the service",
      "topics": [],
      "tosdr": {
        "binding": true,
        "case": "You agree to defend, indemnify, and hold the service harmless in case of a claim related to your use of the service",
        "point": "bad",
        "score": 60,
        "tldr": ""
      }
    },
    "1752": {
      "discussion": "https://groups.google.com/forum#!topic/tosdr/lQxX609ONE0",
      "id": "1752",
      "needModeration": false,
      "quoteDoc": "Terms of Service",
      "quoteEnd": 20066,
      "quoteStart": 19811,
      "quoteText": "Any action arising out of or relating to this Agreement or your use of the Vimeo Service must be commenced in the state or federal courts located in New York County, New York, United States of America (and you consent to the jurisdiction of those courts).",
      "services": [
        "vimeo"
      ],
      "slug": "lQxX609ONE0",
      "title": "The court of law governing the terms is in location X",
      "topics": [],
      "tosdr": {
        "binding": true,
        "case": "The court of law governing the terms is in location X",
        "point": "neutral",
        "score": 0,
        "tldr": "Vimeo :Jurisdiction and choice of law"
      }
    },
    "2283": {
      "discussion": "https://groups.google.com/forum#!topic/tosdr/JMvNOIg3F9M",
      "id": "2283",
      "needModeration": false,
      "quoteDoc": "Terms of Service",
      "quoteEnd": 5534,
      "quoteStart": 5406,
      "quoteText": "You are responsible for all activity that occurs under your account, including any activity by authorized or unauthorized users.",
      "services": [
        "vimeo"
      ],
      "slug": "JMvNOIg3F9M",
      "title": "You are responsible for maintaining the security of your account and for the activities on your account",
      "topics": [],
      "tosdr": {
        "binding": true,
        "case": "You are responsible for maintaining the security of your account and for the activities on your account",
        "point": "neutral",
        "score": 10,
        "tldr": "Vimeo: You are responsible…"
      }
    },
    "6455": {
      "id": "6455",
      "needModeration": false,
      "quoteDoc": "Terms of Service",
      "quoteEnd": 1555,
      "quoteStart": 1306,
      "quoteText": "AGE REQUIREMENT:</strong> You must be at least 13 years old to use the Vimeo Service.\nIf you are at least 13, but are still a minor (this depends on where you live), you must have your parent or legal guardian's permission to use the Vimeo Service.\n",
      "services": [
        "vimeo"
      ],
      "title": "This service is only available to users of a certain age",
      "topics": [],
      "tosdr": {
        "binding": true,
        "case": "This service is only available to users of a certain age",
        "point": "neutral",
        "score": 15,
        "tldr": "Generated through the annotate view"
      }
    },
    "6456": {
      "id": "6456",
      "needModeration": false,
      "quoteDoc": "Terms of Service",
      "quoteEnd": 15135,
      "quoteStart": 14955,
      "quoteText": "\nIf you make suggestions to Vimeo on improving or adding new features to the Vimeo Service, Vimeo shall have the right to use your suggestions without any compensation to you.</p> ",
      "services": [
        "vimeo"
      ],
      "title": "If you offer suggestions to the service, they become the owner of the ideas that you give them",
      "topics": [],
      "tosdr": {
        "binding": true,
        "case": "If you offer suggestions to the service, they become the owner of the ideas that you give them",
        "point": "bad",
        "score": 50,
        "tldr": "Generated through the annotate view"
      }
    },
    "6457": {
      "id": "6457",
      "needModeration": false,
      "quoteDoc": "Terms of Service",
      "quoteEnd": 14819,
      "quoteStart": 14741,
      "quoteText": "In addition, you waive any so-called \"moral rights\" in your non-video content.",
      "services": [
        "vimeo"
      ],
      "title": "You sign away moral rights",
      "topics": [],
      "tosdr": {
        "binding": true,
        "case": "You sign away moral rights",
        "point": "blocker",
        "score": 50,
        "tldr": "Generated through the annotate view"
      }
    },
    "6458": {
      "id": "6458",
      "needModeration": false,
      "quoteDoc": "Terms of Service",
      "quoteEnd": 8315,
      "quoteStart": 8106,
      "quoteText": "By default, all subscriptions are set to automatically renew for the same period of time as the original subscription.\nYou may decline to renew at any time prior to the commencement of a renewal subscription.\n",
      "services": [
        "vimeo"
      ],
      "title": "You authorise the service to charge a credit card supplied on re-occurring basis",
      "topics": [],
      "tosdr": {
        "binding": true,
        "case": "You authorise the service to charge a credit card supplied on re-occurring basis",
        "point": "neutral",
        "privacyRelated": true,
        "score": 50,
        "tldr": "Generated through the annotate view"
      }
    },
    "6459": {
      "id": "6459",
      "needModeration": false,
      "quoteDoc": "Terms of Service",
      "quoteEnd": 7786,
      "quoteStart": 7211,
      "quoteText": "Users who purchase annual subscriptions have thirty (30) days after their purchase to cancel and receive a full refund.\nUsers who purchase monthly subscriptions have five (5) days after purchase to cancel and receive a full refund.\nIn the case of Live subscription products, refunds are not available if the user has exceeded the storage or bandwidth threshold set forth in the refund policy presented at the time of purchase.\nAfter the cancelation period ends, all purchases are final and all fees paid are non-refundable, even if your account is later terminated by Vimeo.\n",
      "services": [
        "vimeo"
      ],
      "title": "Users are entitled to a refund if certain thresholds or standards are not met by the service",
      "topics": [],
      "tosdr": {
        "binding": true,
        "case": "Users are entitled to a refund if certain thresholds or standards are not met by the service",
        "point": "good",
        "score": 30,
        "tldr": "Generated through the annotate view"
      }
    },
    "6460": {
      "id": "6460",
      "needModeration": false,
      "quoteDoc": "Terms of Service",
      "quoteEnd": 17011,
      "quoteStart": 16885,
      "quoteText": "Vimeo provides the Vimeo Service on an \"as is\" and \"as available\" basis.\nYou therefore use the Vimeo Service at your own risk.",
      "services": [
        "vimeo"
      ],
      "title": "The service is provided 'as is' and to be used at the users' sole risk",
      "topics": [],
      "tosdr": {
        "binding": true,
        "case": "The service is provided 'as is' and to be used at the users' sole risk",
        "point": "bad",
        "score": 20,
        "tldr": "Generated through the annotate view"
      }
    }
  },
  "urls": [
    "vimeo.com"
  ]
}