{
  "alexa": 14303,
  "class": false,
  "links": {},
  "points": [
    "5815",
    "5817"
  ],
  "pointsData": {
    "5815": {
      "id": "5815",
      "needModeration": false,
      "quoteDoc": "Privacy Policy",
      "quoteEnd": 2083,
      "quoteStart": 2031,
      "quoteText": "<strong>Date of last revision: 19&nbsp;JANUARY, 2018",
      "services": [
        "vinted"
      ],
      "title": "There is a date of the last update of the terms",
      "topics": [],
      "tosdr": {
        "binding": true,
        "case": "There is a date of the last update of the terms",
        "point": "neutral",
        "score": 50,
        "tldr": "Generated through the annotate view"
      }
    },
    "5817": {
      "id": "5817",
      "needModeration": false,
      "quoteDoc": "Privacy Policy",
      "quoteEnd": 7140,
      "quoteStart": 6603,
      "quoteText": "We may also employ software technology known as “web beacons” or “clear GIFs” which helps us keep track of what content on our Site is effective.\nWeb beacons are small graphics with a unique identifier that are used to track the online movements of Internet users.\nWeb beacons are embedded in the web pages you review, so they are not stored on your hard drive.\nThe web beacons we use do not track or collect any personally identifiable information about you and they are in no way linked to your personally identifiable information.</p>",
      "services": [
        "vinted"
      ],
      "title": "The service may use tracking pixels, web beacons, browser fingerprinting, and/or device fingerprinting on users.",
      "topics": [],
      "tosdr": {
        "binding": true,
        "case": "The service may use tracking pixels, web beacons, browser fingerprinting, and/or device fingerprinting on users.",
        "point": "bad",
        "privacyRelated": true,
        "score": 50,
        "tldr": "Generated through the annotate view"
      }
    }
  },
  "urls": [
    "vinted.fr"
  ]
}