{
  "alexa": 902938,
  "class": false,
  "links": {},
  "points": [
    "5755"
  ],
  "pointsData": {
    "5755": {
      "id": "5755",
      "quoteDoc": "Terms of Service",
      "quoteEnd": 740,
      "quoteStart": 530,
      "quoteText": "It is the user’s responsibility to maintain familiarity with the TOS.\nWe shall not be bound to provide notice of TOS updates to individual users.\nPlease check this page from time to time for the latest updates.",
      "services": [
        "virtbiz"
      ],
      "title": " Terms may be changed any time at their discretion, without notice to the user ",
      "topics": [],
      "tosdr": {
        "binding": true,
        "case": " Terms may be changed any time at their discretion, without notice to the user ",
        "point": "bad",
        "score": 70,
        "tldr": "Generated through the annotate view"
      }
    }
  },
  "urls": [
    "virtbiz.com"
  ]
}