{
  "class": false,
  "links": {},
  "points": [
    "4243"
  ],
  "pointsData": {
    "4243": {
      "id": "4243",
      "needModeration": false,
      "services": [
        "visible"
      ],
      "title": "Privacy policy has folding paragraphs which are easy to read",
      "topics": [],
      "tosdr": {
        "binding": true,
        "case": "The terms for this service are easy to read",
        "point": "good",
        "score": 15,
        "tldr": "The authors of Visible's privacy policy went through the extra effort to create folding paragraphs, where at first you only see the headings, and as a reader you can expand each one to see the full text."
      }
    }
  },
  "urls": [
    "visible.com"
  ]
}