{
  "alexa": 1000000,
  "class": false,
  "links": {},
  "points": [
    "6855",
    "6963",
    "6964",
    "6965",
    "6966",
    "6967",
    "6968",
    "6970"
  ],
  "pointsData": {
    "6855": {
      "id": "6855",
      "quoteDoc": "Terms of Service",
      "quoteEnd": 83,
      "quoteStart": 28,
      "quoteText": "</p>Terms of Service<p>\n</p>\n<p>Last update: 11/13/2017",
      "services": [
        "vudu"
      ],
      "title": "There is a date of the last update of the terms",
      "topics": [],
      "tosdr": {
        "binding": true,
        "case": "There is a date of the last update of the terms",
        "point": "neutral",
        "score": 50,
        "tldr": "Generated through the annotate view"
      }
    },
    "6963": {
      "id": "6963",
      "quoteDoc": "Terms of Service",
      "quoteEnd": 20341,
      "quoteStart": 20090,
      "quoteText": "Vudu may share information with The Digital Entertainment Content Ecosystem, LLC,&nbsp;the provider of the UltraViolet™&nbsp;content management service, regarding your usage (including streaming and downloading) of UltraViolet™-compatible Content.</p>",
      "services": [
        "vudu"
      ],
      "title": "Your personal data is given to third parties",
      "topics": [],
      "tosdr": {
        "binding": true,
        "case": "Your personal data is given to third parties",
        "point": "bad",
        "privacyRelated": true,
        "score": 10,
        "tldr": "Generated through the annotate view"
      }
    },
    "6964": {
      "id": "6964",
      "quoteDoc": "Terms of Service",
      "quoteEnd": 20862,
      "quoteStart": 20370,
      "quoteText": "If you send us any submissions (e.g.\ne-mails, letters, postings to chat rooms, boards or&nbsp;contests), feedback, creative suggestions, ideas, notes, drawings, concepts or other&nbsp;information through the Vudu Service, your Vudu Account or any social media&nbsp;account Vudu may maintain from time to time (e.g., Twitter, Facebook, etc.)&nbsp;(collectively, Submissions”), they will be deemed to be our property and we will not be&nbsp;liable for any use or disclosure of such Submissions.",
      "services": [
        "vudu"
      ],
      "title": "If you offer suggestions to the service, they become the owner of the ideas that you give them",
      "topics": [],
      "tosdr": {
        "binding": true,
        "case": "If you offer suggestions to the service, they become the owner of the ideas that you give them",
        "point": "bad",
        "score": 50,
        "tldr": "Generated through the annotate view"
      }
    },
    "6965": {
      "id": "6965",
      "quoteDoc": "Terms of Service",
      "quoteEnd": 23041,
      "quoteStart": 22918,
      "quoteText": "you will not conduct yourself in a vulgar or offensive manner while using the Vudu&nbsp;Service, Website or Vudu Community.",
      "services": [
        "vudu"
      ],
      "title": "Users agree not to submit libelous, harassing or threatening content",
      "topics": [],
      "tosdr": {
        "binding": true,
        "case": "Users agree not to submit libelous, harassing or threatening content",
        "point": "neutral",
        "score": 20,
        "tldr": "Generated through the annotate view"
      }
    },
    "6966": {
      "id": "6966",
      "quoteDoc": "Terms of Service",
      "quoteEnd": 24250,
      "quoteStart": 24057,
      "quoteText": "Vudu reserves the right to place any account on hold at any time with or without notification to you in order to protect itself and its partners from what it believes to be fraudulent activity.",
      "services": [
        "vudu"
      ],
      "title": "The service can suspend your account for several reasons",
      "topics": [],
      "tosdr": {
        "binding": true,
        "case": "The service can suspend your account for several reasons",
        "point": "neutral",
        "score": 15,
        "tldr": "Generated through the annotate view"
      }
    },
    "6967": {
      "id": "6967",
      "quoteDoc": "Terms of Service",
      "quoteEnd": 24588,
      "quoteStart": 24450,
      "quoteText": "We reserve the right to terminate your Vudu Account and/or your use and access to the&nbsp;Vudu Service at any time with or without cause.",
      "services": [
        "vudu"
      ],
      "title": "The service can delete your account without prior notice and without a reason",
      "topics": [],
      "tosdr": {
        "binding": true,
        "case": "The service can delete your account without prior notice and without a reason",
        "point": "bad",
        "score": 60,
        "tldr": "Generated through the annotate view"
      }
    },
    "6968": {
      "id": "6968",
      "quoteDoc": "Terms of Service",
      "quoteEnd": 27984,
      "quoteStart": 27685,
      "quoteText": "Vudu reserves the right to cancel or suspend any transaction, or place any account on hold at any time with or without notification to you in order to protect itself and its partners from what it believes to be fraudulent activity or a misuse of Vudu Service or violation of these Terms of Service.\n",
      "services": [
        "vudu"
      ],
      "title": "The service can suspend your account for several reasons",
      "topics": [],
      "tosdr": {
        "binding": true,
        "case": "The service can suspend your account for several reasons",
        "point": "neutral",
        "score": 15,
        "tldr": "Generated through the annotate view"
      }
    },
    "6970": {
      "id": "6970",
      "quoteDoc": "Terms of Service",
      "quoteEnd": 35861,
      "quoteStart": 35626,
      "quoteText": "YOU AGREE THAT VUDU MAY ELIMINATE OR OTHERWISE&nbsp;MODIFY ANY OR ALL ASPECTS OF THE VUDU SERVICE, VUDU COMMUNITY AND VUDU COMMUNITY FEATURES OR ANY OTHER ASPECTS OF THE VUDU SERVICE AT ANY TIME, WITHOUT COMPENSATION OR NOTICE TO YOU.\n",
      "services": [
        "vudu"
      ],
      "title": "They may stop providing the service at any time",
      "topics": [],
      "tosdr": {
        "binding": true,
        "case": "They may stop providing the service at any time",
        "point": "bad",
        "score": 40,
        "tldr": "Generated through the annotate view"
      }
    }
  },
  "urls": [
    "vudu"
  ]
}