{
  "alexa": 216,
  "class": false,
  "links": {
    "Cookies and Privacy Policy - About Privacy": {
      "name": "Cookies and Privacy Policy - About Privacy",
      "url": "https://www.w3schools.com/about/about_privacy.asp"
    },
    "Terms of Use - About Copyright": {
      "name": "Terms of Use - About Copyright",
      "url": "https://www.w3schools.com/about/about_copyright.asp"
    }
  },
  "points": [
    "1200",
    "6243",
    "6244",
    "6245",
    "6247",
    "6248"
  ],
  "pointsData": {
    "1200": {
      "id": "1200",
      "quoteDoc": "Cookies and Privacy Policy - About Privacy",
      "quoteEnd": 2964,
      "quoteStart": 2778,
      "quoteText": "Advertising Cookies\n<p>Cookies are widely used in online advertising.\nNeither us, advertisers or our advertising partners can gain personally identifiable information from these cookies.",
      "services": [
        "w3schools"
      ],
      "slug": "1200",
      "title": "sets third-party cookies and/or ads",
      "topics": [],
      "tosdr": {
        "binding": true,
        "case": "Tracking via third-party cookies for other purposes without your consent.",
        "point": "bad",
        "privacyRelated": true,
        "score": 70,
        "tldr": "sets third-party cookies and/or ads"
      }
    },
    "6243": {
      "id": "6243",
      "quoteDoc": "Terms of Use - About Copyright",
      "quoteEnd": 1949,
      "quoteStart": 1555,
      "quoteText": "W3Schools is provided without warranty of any kind.\nThere are no guarantees\nthat use of the site will not be subject to interruptions.\nAll direct or\nindirect risk related to use of the site is borne entirely by the user.\nAll code\nprovided by W3Schools is provided as examples without warranties to performance,\nfitness, merchantability, and/or any other warranty (whether expressed or\nimplied).",
      "services": [
        "w3schools"
      ],
      "title": "The service does not guarantee accuracy or reliability of the information provided",
      "topics": [],
      "tosdr": {
        "binding": true,
        "case": "The service does not guarantee accuracy or reliability of the information provided",
        "point": "bad",
        "score": 10,
        "tldr": "Generated through the annotate view"
      }
    },
    "6244": {
      "id": "6244",
      "quoteDoc": "Cookies and Privacy Policy - About Privacy",
      "quoteEnd": 427,
      "quoteStart": 387,
      "quoteText": "W3Schools requires no user registration.",
      "services": [
        "w3schools"
      ],
      "title": "No need to register",
      "topics": [],
      "tosdr": {
        "binding": true,
        "case": "No need to register",
        "point": "good",
        "privacyRelated": true,
        "score": 50,
        "tldr": "Generated through the annotate view"
      }
    },
    "6245": {
      "id": "6245",
      "quoteDoc": "Cookies and Privacy Policy - About Privacy",
      "quoteEnd": 962,
      "quoteStart": 719,
      "quoteText": "<p>Our cookies help us:</p>\n<ul>\n<li>Improve the speed of the site</li>\n<li>Continuously improve our website for you</li>\n<li>Allow you to share pages with social networks like Facebook</li>\n<li>Offer you free services/content (by advertising)",
      "services": [
        "w3schools"
      ],
      "title": "This service allows tracking via third-party cookies for purposes including targeted advertising.",
      "topics": [],
      "tosdr": {
        "binding": true,
        "case": "Tracking via third-party cookies for other purposes without your consent.",
        "point": "bad",
        "privacyRelated": true,
        "score": 70,
        "tldr": "Generated through the annotate view"
      }
    },
    "6247": {
      "id": "6247",
      "quoteDoc": "Cookies and Privacy Policy - About Privacy",
      "quoteEnd": 2767,
      "quoteStart": 2735,
      "quoteText": "- Privacy Policy owned by Google",
      "services": [
        "w3schools"
      ],
      "title": "The service refers users to external documents for more information",
      "topics": [],
      "tosdr": {
        "binding": true,
        "case": "The service refers users to external documents for more information",
        "point": "bad",
        "privacyRelated": true,
        "score": 25,
        "tldr": "Generated through the annotate view"
      }
    },
    "6248": {
      "id": "6248",
      "quoteDoc": "Cookies and Privacy Policy - About Privacy",
      "quoteEnd": 3100,
      "quoteStart": 2973,
      "quoteText": "You can learn more about online advertising, or opt-out of almost all advertising cookies at https://www.youronlinechoices.com.",
      "services": [
        "w3schools"
      ],
      "title": "This service employs third-party cookies, but with opt-out instructions",
      "topics": [],
      "tosdr": {
        "binding": true,
        "case": "This service employs third-party cookies, but with opt-out instructions",
        "point": "bad",
        "score": 5,
        "tldr": "Generated through the annotate view"
      }
    }
  },
  "urls": [
    "w3schools.com"
  ]
}