{
  "alexa": 163,
  "class": false,
  "links": {
    "Privacy Policy": {
      "name": "Privacy Policy",
      "url": "http://corporate.walmart.com/privacy-security/walmart-privacy-policy"
    }
  },
  "points": [
    "6620",
    "6621",
    "6622",
    "6972"
  ],
  "pointsData": {
    "6620": {
      "id": "6620",
      "quoteDoc": "Walmart Privacy Policy",
      "quoteEnd": 9530,
      "quoteStart": 9377,
      "quoteText": "We use technologies such as cookies, web beacons, and mobile device identifiers to collect information about the use of our websites and mobile services.",
      "services": [
        "walmart"
      ],
      "title": "The service may use tracking pixels, web beacons, browser fingerprinting, and/or device fingerprinting on users.",
      "topics": [],
      "tosdr": {
        "binding": true,
        "case": "The service may use tracking pixels, web beacons, browser fingerprinting, and/or device fingerprinting on users.",
        "point": "bad",
        "privacyRelated": true,
        "score": 50,
        "tldr": "Generated through the annotate view"
      }
    },
    "6621": {
      "id": "6621",
      "quoteDoc": "Walmart Privacy Policy",
      "quoteEnd": 11388,
      "quoteStart": 11225,
      "quoteText": "We use your personal information to provide you products and services, such as to fulfill your requests for products or to help us personalize our offerings to you",
      "services": [
        "walmart"
      ],
      "title": "This service may use your personal information for marketing purposes",
      "topics": [],
      "tosdr": {
        "binding": true,
        "case": "This service may use your personal information for marketing purposes",
        "point": "bad",
        "score": 50,
        "tldr": "Generated through the annotate view"
      }
    },
    "6622": {
      "id": "6622",
      "quoteDoc": "Walmart Privacy Policy",
      "quoteEnd": 11156,
      "quoteStart": 10755,
      "quoteText": "We receive information about you from other sources to help us correct or supplement our records, improve the quality or personalization of our service to you, and prevent or detect fraud.\n&nbsp;We collect personal information from consumer reporting agencies in conjunction with products or services that involve financial risk to Walmart, such as transactions in which Walmart extends you financing.",
      "services": [
        "walmart"
      ],
      "title": "This service gathers information about you through third parties",
      "topics": [],
      "tosdr": {
        "binding": true,
        "case": "This service gathers information about you through third parties",
        "point": "bad",
        "privacyRelated": true,
        "score": 50,
        "tldr": "In regard that \"other sources\" include third parties"
      }
    },
    "6972": {
      "id": "6972",
      "quoteDoc": "Walmart Privacy Policy",
      "quoteEnd": 6973,
      "quoteStart": 6823,
      "quoteText": "We also receive information from other sources to help us supplement our records, improve the personalization of our service to you, and detect fraud.",
      "services": [
        "walmart"
      ],
      "title": "This service gathers information about you through third parties",
      "topics": [],
      "tosdr": {
        "binding": true,
        "case": "This service gathers information about you through third parties",
        "point": "bad",
        "privacyRelated": true,
        "score": 50,
        "tldr": "Generated through the annotate view"
      }
    }
  },
  "urls": [
    "walmart.com"
  ]
}