{
  "alexa": 12801,
  "class": false,
  "links": {},
  "points": [
    "4968",
    "5630",
    "5633"
  ],
  "pointsData": {
    "4968": {
      "id": "4968",
      "needModeration": false,
      "quoteDoc": "Terms of Service",
      "quoteEnd": 13686,
      "quoteStart": 13596,
      "quoteText": "You retain ownership of and responsibility for Content you create or own (“Your Content”).",
      "services": [
        "wanikani"
      ],
      "title": "You maintain ownership of your data",
      "topics": [],
      "tosdr": {
        "binding": true,
        "case": "You maintain ownership of your data",
        "point": "good",
        "score": 50,
        "tldr": "Generated through the annotate view"
      }
    },
    "5630": {
      "id": "5630",
      "needModeration": false,
      "quoteDoc": "Privacy Policy",
      "quoteEnd": 2298,
      "quoteStart": 2199,
      "quoteText": "However, if you do not accept cookies, you may not be able to use some portions of our Service.</p>",
      "services": [
        "wanikani"
      ],
      "title": "Blocking cookies may limit your ability to use the service",
      "topics": [],
      "tosdr": {
        "binding": true,
        "case": "Blocking cookies may limit your ability to use the service",
        "point": "bad",
        "score": 50,
        "tldr": "Generated through the annotate view"
      }
    },
    "5633": {
      "id": "5633",
      "needModeration": false,
      "quoteDoc": "Privacy Policy",
      "quoteEnd": 88,
      "quoteStart": 51,
      "quoteText": "<br>Last updated: August 29, 2014</p>",
      "services": [
        "wanikani"
      ],
      "title": "There is a date of the last update of the terms",
      "topics": [],
      "tosdr": {
        "binding": true,
        "case": "There is a date of the last update of the terms",
        "point": "neutral",
        "score": 50,
        "tldr": "Generated through the annotate view"
      }
    }
  },
  "urls": [
    "wanikani.com",
    "community.wanikani.com",
    "wanikani.tumblr.com",
    "tofugu.com"
  ]
}