{
  "alexa": 579,
  "class": false,
  "links": {},
  "points": [
    "5547",
    "5548",
    "5550",
    "5553",
    "5554",
    "5555",
    "5557",
    "5559",
    "5560",
    "5566",
    "5567",
    "5570",
    "5571",
    "5572",
    "5573",
    "5583",
    "5584",
    "5586",
    "5587",
    "5588"
  ],
  "pointsData": {
    "5547": {
      "id": "5547",
      "quoteDoc": "Terms of service",
      "quoteEnd": 3023,
      "quoteStart": 2935,
      "quoteText": "If your content does not comply with these guidelines it may be removed at any time.</p>",
      "services": [
        "wattpad"
      ],
      "title": "This service can delete your content if you violate the terms",
      "topics": [],
      "tosdr": {
        "binding": true,
        "case": "This service can delete your content if you violate the terms",
        "point": "neutral",
        "score": 50,
        "tldr": "Generated through the annotate view"
      }
    },
    "5548": {
      "id": "5548",
      "quoteDoc": "Terms of service",
      "quoteEnd": 3109,
      "quoteStart": 3024,
      "quoteText": "<p>You own all the rights to the content you create and post on the Wattpad Services.",
      "services": [
        "wattpad"
      ],
      "title": "You maintain ownership of your data",
      "topics": [],
      "tosdr": {
        "binding": true,
        "case": "You maintain ownership of your data",
        "point": "good",
        "score": 50,
        "tldr": "Generated through the annotate view"
      }
    },
    "5550": {
      "id": "5550",
      "quoteDoc": "Terms of service",
      "quoteEnd": 3831,
      "quoteStart": 3741,
      "quoteText": "You’ll need to decide how you want to license your story content to the Wattpad community.",
      "services": [
        "wattpad"
      ],
      "title": "Users are free to choose the type of copyright license that they want to use over their content",
      "topics": [],
      "tosdr": {
        "binding": true,
        "case": "Users are free to choose the type of copyright license that they want to use over their content",
        "point": "good",
        "score": 50,
        "tldr": "Generated through the annotate view"
      }
    },
    "5553": {
      "id": "5553",
      "quoteDoc": "Terms of service",
      "quoteEnd": 5739,
      "quoteStart": 5630,
      "quoteText": "Wattpad may change, terminate, or restrict access to any aspect of the Services, at any time, without notice.",
      "services": [
        "wattpad"
      ],
      "title": "They may stop providing the service at any time",
      "topics": [],
      "tosdr": {
        "binding": true,
        "case": "They may stop providing the service at any time",
        "point": "bad",
        "score": 40,
        "tldr": "Generated through the annotate view"
      }
    },
    "5554": {
      "id": "5554",
      "quoteDoc": "Terms of service",
      "quoteEnd": 1885,
      "quoteStart": 1834,
      "quoteText": "Services are only for people 13 years old and over.",
      "services": [
        "wattpad"
      ],
      "title": "This service is only available to users of a certain age",
      "topics": [],
      "tosdr": {
        "binding": true,
        "case": "This service is only available to users of a certain age",
        "point": "neutral",
        "score": 15,
        "tldr": "Generated through the annotate view"
      }
    },
    "5555": {
      "id": "5555",
      "quoteDoc": "Terms of service",
      "quoteEnd": 2336,
      "quoteStart": 2236,
      "quoteText": "You’re responsible for all the activity on your account, and for keeping your password confidential.",
      "services": [
        "wattpad"
      ],
      "title": "You are responsible for maintaining the security of your account and for the activities on your account",
      "topics": [],
      "tosdr": {
        "binding": true,
        "case": "You are responsible for maintaining the security of your account and for the activities on your account",
        "point": "neutral",
        "score": 10,
        "tldr": "Generated through the annotate view"
      }
    },
    "5557": {
      "id": "5557",
      "quoteDoc": "Terms of service",
      "quoteEnd": 5801,
      "quoteStart": 5740,
      "quoteText": "We can remove any content you post or submit for any reason.\n",
      "services": [
        "wattpad"
      ],
      "title": "The service can delete specific content without prior notice and without a reason",
      "topics": [],
      "tosdr": {
        "binding": true,
        "case": "The service can delete specific content without prior notice and without a reason",
        "point": "blocker",
        "score": 50,
        "tldr": "Generated through the annotate view"
      }
    },
    "5559": {
      "id": "5559",
      "quoteDoc": "Terms of service",
      "quoteEnd": 6635,
      "quoteStart": 6503,
      "quoteText": "While our policy is based on the US law we apply this same policy globally to all jurisdictions in which our Services are available.",
      "services": [
        "wattpad"
      ],
      "title": "The court of law governing the terms is in a jurisdiction that is less friendly to user privacy protection.",
      "topics": [],
      "tosdr": {
        "binding": true,
        "case": "The court of law governing the terms is in a jurisdiction that is less friendly to user privacy protection.",
        "point": "bad",
        "score": 50,
        "tldr": "Generated through the annotate view"
      }
    },
    "5560": {
      "id": "5560",
      "quoteDoc": "Terms of service",
      "quoteEnd": 6914,
      "quoteStart": 6754,
      "quoteText": "Wattpad reserves the right to remove content alleged to be infringing without prior notice, at our sole discretion, and without liability to you or anyone else.",
      "services": [
        "wattpad"
      ],
      "title": "If you are the target of a copyright claim, your content may be removed",
      "topics": [],
      "tosdr": {
        "binding": true,
        "case": "If you are the target of a copyright claim, your content may be removed",
        "point": "neutral",
        "score": 50,
        "tldr": "Generated through the annotate view"
      }
    },
    "5566": {
      "id": "5566",
      "quoteDoc": "Terms of service",
      "quoteEnd": 9463,
      "quoteStart": 9288,
      "quoteText": "Don’t use any kind of software, device or method (whether it’s manual or automated) to “crawl”, “spider” or otherwise remove any content from any part of the Site or Services.",
      "services": [
        "wattpad"
      ],
      "title": "no spidering or crawling",
      "topics": [],
      "tosdr": {
        "binding": true,
        "case": "Spidering or crawling is not allowed",
        "point": "neutral",
        "score": 10,
        "tldr": "Generated through the annotate view"
      }
    },
    "5567": {
      "id": "5567",
      "quoteDoc": "Terms of service",
      "quoteEnd": 10259,
      "quoteStart": 10151,
      "quoteText": "Don’t make any commercial use of Wattpad.\n</strong>Wattpad is for your personal and non-commercial use only.",
      "services": [
        "wattpad"
      ],
      "title": "This service is only available for use individually and non-commercially.",
      "topics": [],
      "tosdr": {
        "binding": true,
        "case": "This service is only available for use individually and non-commercially.",
        "point": "neutral",
        "score": 25,
        "tldr": "Generated through the annotate view"
      }
    },
    "5570": {
      "id": "5570",
      "quoteDoc": "Terms of service",
      "quoteEnd": 11441,
      "quoteStart": 11293,
      "quoteText": "We may suspend or terminate your account or cease providing you with all or part of the Services at any time and for any reason we deem appropriate.",
      "services": [
        "wattpad"
      ],
      "title": "The service can delete your account without prior notice and without a reason",
      "topics": [],
      "tosdr": {
        "binding": true,
        "case": "The service can delete your account without prior notice and without a reason",
        "point": "bad",
        "score": 60,
        "tldr": "Generated through the annotate view"
      }
    },
    "5571": {
      "id": "5571",
      "quoteDoc": "Terms of service",
      "quoteEnd": 12235,
      "quoteStart": 12099,
      "quoteText": "Your use of our Services and any content is solely at your own risk and discretion.\nThey are provided to you “as is” and “as available”.",
      "services": [
        "wattpad"
      ],
      "title": "The service is provided 'as is' and to be used at the users' sole risk",
      "topics": [],
      "tosdr": {
        "binding": true,
        "case": "The service is provided 'as is' and to be used at the users' sole risk",
        "point": "bad",
        "score": 20,
        "tldr": "Generated through the annotate view"
      }
    },
    "5572": {
      "id": "5572",
      "quoteDoc": "Terms of service",
      "quoteEnd": 13081,
      "quoteStart": 12865,
      "quoteText": "We do not endorse, support, represent or guarantee the completeness, truthfulness, accuracy, or reliability of any content or communications posted via the Services or endorse any opinions expressed via the Services.",
      "services": [
        "wattpad"
      ],
      "title": "The service does not guarantee accuracy or reliability of the information provided",
      "topics": [],
      "tosdr": {
        "binding": true,
        "case": "The service does not guarantee accuracy or reliability of the information provided",
        "point": "bad",
        "score": 10,
        "tldr": "Generated through the annotate view"
      }
    },
    "5573": {
      "id": "5573",
      "quoteDoc": "Terms of service",
      "quoteEnd": 16391,
      "quoteStart": 16218,
      "quoteText": "Our Terms of Service may change from time to time.\nIf they do, we’ll let you know about any material changes, either by notifying you on the Site or by sending you an email.",
      "services": [
        "wattpad"
      ],
      "title": "Users should revisit the terms periodically, although in case of material changes, the service will notify",
      "topics": [],
      "tosdr": {
        "binding": true,
        "case": "Users should revisit the terms periodically, although in case of material changes, the service will notify",
        "point": "neutral",
        "score": 50,
        "tldr": "Generated through the annotate view"
      }
    },
    "5583": {
      "id": "5583",
      "quoteDoc": "Terms of service",
      "quoteEnd": 4,
      "quoteStart": 3,
      "quoteText": " ",
      "services": [
        "wattpad"
      ],
      "title": "The terms for this service are easy to read",
      "topics": [],
      "tosdr": {
        "binding": true,
        "case": "The terms for this service are easy to read",
        "point": "good",
        "score": 15,
        "tldr": "The terms are cut into several paragraphs, with each section categorized. A summary is clearly visible on the whole page up to the bottom and inform the user on which section they are. The words used remain understandable (within a few exception there and there)."
      }
    },
    "5584": {
      "id": "5584",
      "quoteDoc": "Privacy Policy",
      "quoteEnd": 1386,
      "quoteStart": 1360,
      "quoteText": "Last Revised: May 25, 2018",
      "services": [
        "wattpad"
      ],
      "title": "There is a date of the last update of the terms",
      "topics": [],
      "tosdr": {
        "binding": true,
        "case": "There is a date of the last update of the terms",
        "point": "neutral",
        "score": 50,
        "tldr": "Generated through the annotate view"
      }
    },
    "5586": {
      "id": "5586",
      "quoteDoc": "Privacy Policy",
      "quoteEnd": 3452,
      "quoteStart": 3289,
      "quoteText": "What we collect:</strong>\n</p>\n<p>Information that is necessary for the use of our Services, such as your username, email address, date of birth, and password.</p>",
      "services": [
        "wattpad"
      ],
      "title": "The service allows you to use pseudonyms",
      "topics": [],
      "tosdr": {
        "binding": true,
        "case": "The service allows you to use pseudonyms",
        "point": "good",
        "score": 20,
        "tldr": "Generated through the annotate view"
      }
    },
    "5587": {
      "id": "5587",
      "needModeration": false,
      "quoteDoc": "Privacy Policy",
      "quoteEnd": 4150,
      "quoteStart": 4105,
      "quoteText": "Send you marketing emails, unless you opt-out",
      "services": [
        "wattpad"
      ],
      "title": "You can opt out of promotional communications",
      "topics": [],
      "tosdr": {
        "binding": true,
        "case": "You can opt out of promotional communications",
        "point": "good",
        "score": 10,
        "tldr": "Generated through the annotate view"
      }
    },
    "5588": {
      "id": "5588",
      "quoteDoc": "Privacy Policy",
      "quoteEnd": 4350,
      "quoteStart": 4225,
      "quoteText": "Calculate anonymous, aggregate statistics to better understand our users, improve our Services, and develop new features</li>",
      "services": [
        "wattpad"
      ],
      "title": "Your personal data is aggregated into statistics",
      "topics": [],
      "tosdr": {
        "binding": true,
        "case": "Your personal data is aggregated into statistics",
        "point": "neutral",
        "score": 10,
        "tldr": "Generated through the annotate view"
      }
    }
  },
  "urls": [
    "wattpad.com"
  ]
}