{
  "class": false,
  "links": {},
  "points": [
    "4956"
  ],
  "pointsData": {
    "4956": {
      "id": "4956",
      "needModeration": false,
      "quoteDoc": "T & C",
      "quoteEnd": 12580,
      "quoteStart": 12418,
      "quoteText": "<strong>Warranty</strong> Our service is provided \"as is\".\nThere is no warranty of any kind including warranty of merchantability, usability, or non-infringement.",
      "services": [
        "web&seodesigners"
      ],
      "title": "The service is provided 'as is' and to be used at the users' sole risk",
      "topics": [],
      "tosdr": {
        "binding": true,
        "case": "The service is provided 'as is' and to be used at the users' sole risk",
        "point": "bad",
        "score": 20,
        "tldr": "Generated through the annotate view"
      }
    }
  },
  "urls": [
    "webseodesigners.com"
  ]
}