{
  "alexa": 312,
  "class": false,
  "links": {
    "Privacy Policy": {
      "name": "Privacy Policy",
      "url": "http://agb.web.de/Datenschutzerklaerung/AGB/20120801/"
    },
    "Terms and Conditions": {
      "name": "Terms and Conditions",
      "url": "http://agb.web.de/WEB.DE/AGB/20120801/"
    }
  },
  "points": [
    "6866"
  ],
  "pointsData": {
    "6866": {
      "id": "6866",
      "quoteDoc": "AGB",
      "quoteEnd": 2067,
      "quoteStart": 1933,
      "quoteText": "Diese Webseite und die weiteren angebotenen Dienste richten sich nicht an Personen, die das 16.\nLebensjahr noch nicht vollendet haben.",
      "services": [
        "web-de"
      ],
      "title": "This service is only available to users of a certain age",
      "topics": [],
      "tosdr": {
        "binding": true,
        "case": "This service is only available to users of a certain age",
        "point": "neutral",
        "score": 15,
        "tldr": "Generated through the annotate view"
      }
    }
  },
  "urls": [
    "web.de"
  ]
}