{
  "alexa": 490560,
  "class": false,
  "links": {},
  "points": [
    "1578"
  ],
  "pointsData": {
    "1578": {
      "discussion": "https://groups.google.com/d/topic/tosdr/e749MBWrWUI/discussion",
      "id": "1578",
      "needModeration": false,
      "quoteDoc": "Terms and Conditions",
      "quoteEnd": 11934,
      "quoteStart": 11786,
      "quoteText": "In addition, webSaver.ca may, in its sole discretion and at any time, discontinue providing or limit access to the Site or any areas of the Site.<p>",
      "services": [
        "websaver"
      ],
      "set": "set+service+and+topic",
      "slug": "e749MBWrWUI",
      "title": "They may stop providing the service at any time",
      "topics": [
        "suspension"
      ],
      "tosdr": {
        "binding": true,
        "case": "They may stop providing the service at any time",
        "point": "bad",
        "score": 40,
        "tldr": "Websaver may terminate its service at any time without notice"
      }
    }
  },
  "urls": [
    "websaver.ca"
  ]
}