{
  "alexa": 377,
  "class": false,
  "links": {
    "Privacy Policy": {
      "name": "Privacy Policy",
      "url": "http://www.weebly.com/privacy/"
    },
    "Terms of Service": {
      "name": "Terms of Service",
      "url": "http://www.weebly.com/terms-of-service/"
    }
  },
  "points": [
    "1383",
    "4683",
    "4684",
    "4685",
    "6414",
    "6415",
    "6416",
    "6417",
    "6418"
  ],
  "pointsData": {
    "1383": {
      "discussion": "https://groups.google.com/d/topic/tosdr/QX9Z8u9PBCI/discussion",
      "id": "1383",
      "needModeration": false,
      "quoteDoc": "Terms of Service",
      "quoteEnd": 61977,
      "quoteStart": 61847,
      "quoteText": "You and Weebly agree to submit to the personal and exclusive jurisdiction of the courts located within San Francisco, California.\n",
      "services": [
        "weebly"
      ],
      "set": "set+service+and+topic",
      "slug": "QX9Z8u9PBCI",
      "title": "This service does not force users into binding arbitration",
      "topics": [
        "jurisdiction-law"
      ],
      "tosdr": {
        "binding": true,
        "case": "This service does not force users into binding arbitration",
        "point": "good",
        "score": 50,
        "tldr": "Weebly settles disputes in court, not through binding arbitration."
      }
    },
    "4683": {
      "id": "4683",
      "needModeration": false,
      "quoteDoc": "Terms of Service",
      "quoteEnd": 62118,
      "quoteStart": 61977,
      "quoteText": "The failure of Weebly to exercise or enforce any right or provision of these Terms shall not constitute a waiver of such right or provision.\n",
      "services": [
        "weebly"
      ],
      "title": "Failure to enforce any provision of the Terms of Service does not constitute a waiver of such provision",
      "topics": [],
      "tosdr": {
        "binding": true,
        "case": "Failure to enforce any provision of the Terms of Service does not constitute a waiver of such provision",
        "point": "neutral",
        "score": 10,
        "tldr": "Generated through the annotate view"
      }
    },
    "4684": {
      "id": "4684",
      "needModeration": false,
      "quoteDoc": "Terms of Service",
      "quoteEnd": 61847,
      "quoteStart": 61684,
      "quoteText": "These Terms and the relationship between you and Weebly shall be governed by the laws of the State of California without regard to its conflict of law provisions.\n",
      "services": [
        "weebly"
      ],
      "title": "The court of law governing the terms is in the State of California, US",
      "topics": [],
      "tosdr": {
        "binding": true,
        "case": "The court of law governing the terms is in location X",
        "point": "neutral",
        "score": 0,
        "tldr": ""
      }
    },
    "4685": {
      "id": "4685",
      "needModeration": false,
      "services": [
        "weebly"
      ],
      "title": "The court of law governing the terms is in a jurisdiction that is less friendly to user privacy protection.",
      "topics": [],
      "tosdr": {
        "binding": true,
        "case": "The court of law governing the terms is in a jurisdiction that is less friendly to user privacy protection.",
        "point": "bad",
        "score": 50,
        "tldr": "The court of law for Weebly is located in the State of California, USA. The United States have implemented some laws that are detrimental to the privacy of users of US-American services, most noticeably the PATRIOT Act. "
      }
    },
    "6414": {
      "id": "6414",
      "needModeration": false,
      "quoteDoc": "Terms of Service",
      "quoteEnd": 52,
      "quoteStart": 13,
      "quoteText": "Last updated November 6, 2017</strong>\n",
      "services": [
        "weebly"
      ],
      "title": "There is a date of the last update of the terms",
      "topics": [],
      "tosdr": {
        "binding": true,
        "case": "There is a date of the last update of the terms",
        "point": "neutral",
        "score": 50,
        "tldr": "Generated through the annotate view"
      }
    },
    "6415": {
      "id": "6415",
      "needModeration": false,
      "quoteDoc": "Terms of Service",
      "quoteEnd": 5144,
      "quoteStart": 4780,
      "quoteText": "Service or any portion thereof.\nIndividuals under the age of 13 are prohibited from creating or using accounts through Weebly.com.\nStudents under the age of 13 may, however, use Weebly through special student accounts created by their teachers through education.weebly.com, provided the teacher has obtained signed parental consent from the student's parents.</p> ",
      "services": [
        "weebly"
      ],
      "title": "This service is only available to users of a certain age",
      "topics": [],
      "tosdr": {
        "binding": true,
        "case": "This service is only available to users of a certain age",
        "point": "neutral",
        "score": 15,
        "tldr": "Generated through the annotate view"
      }
    },
    "6416": {
      "id": "6416",
      "needModeration": false,
      "quoteDoc": "Terms of Service",
      "quoteEnd": 17233,
      "quoteStart": 17095,
      "quoteText": "In order to sell through Weebly, you must be 18 years or older or at least the age of majority where you reside or from where you use our ",
      "services": [
        "weebly"
      ],
      "title": "This service is only available to users of a certain age",
      "topics": [],
      "tosdr": {
        "binding": true,
        "case": "This service is only available to users of a certain age",
        "point": "neutral",
        "score": 15,
        "tldr": "Generated through the annotate view"
      }
    },
    "6417": {
      "id": "6417",
      "needModeration": false,
      "quoteDoc": "Privacy Policy",
      "quoteEnd": 3317,
      "quoteStart": 3128,
      "quoteText": "other user information as part of our Service analytics (individually and collectively, “Automatically Collected Information”) to analyze trends in the aggregate and administer the Service.",
      "services": [
        "weebly"
      ],
      "title": "Your personal data is aggregated into statistics",
      "topics": [],
      "tosdr": {
        "binding": true,
        "case": "Your personal data is aggregated into statistics",
        "point": "neutral",
        "score": 10,
        "tldr": "Generated through the annotate view"
      }
    },
    "6418": {
      "id": "6418",
      "needModeration": false,
      "quoteDoc": "Terms of Service",
      "quoteEnd": 13643,
      "quoteStart": 12747,
      "quoteText": "\n<li>is unsolicited commercial email or \"spam\".\nThis includes unethical marketing, advertising, or any other practice that is in any way connected with \"spam\", such as (i) sending mass email to recipients who haven't requested email from you or with a fake return address, (ii) promoting a site with inappropriate links, titles, descriptions, or (iii) promoting your site by posting multiple submissions in public forums that are identical;</li>\n<li>contains software viruses, worms, Trojan horses or any other computer code, files, or programs that interrupt, destroy, or limit the functionality of the Service, computer software or hardware or telecommunications equipment, or may impact the ability of any Weebly user to access the Service;</li>\n<li>is intended to take advantage of a user such as \"get rich quick,\" \"get paid to surf,\" pyramid/multi-level marketing, or other dubious schemes.\n",
      "services": [
        "weebly"
      ],
      "title": "This service prohibits users sending chain letters, junk mail, spam or any unsolicited messages",
      "topics": [],
      "tosdr": {
        "binding": true,
        "case": "This service prohibits users sending chain letters, junk mail, spam or any unsolicited messages",
        "point": "neutral",
        "score": 15,
        "tldr": "Generated through the annotate view"
      }
    }
  },
  "urls": [
    "weebly.com"
  ]
}