{
  "class": "A",
  "links": {},
  "points": [
    "4435",
    "4437"
  ],
  "pointsData": {
    "4435": {
      "id": "4435",
      "needModeration": false,
      "quoteDoc": "Datenschutzerklaerung",
      "quoteEnd": 16973,
      "quoteStart": 16674,
      "quoteText": "Wenn du auf dieser Website Kommentare geschrieben hast, kannst du einen Export deiner personenbezogenen Daten bei uns anfordern, inklusive aller Daten, die du uns mitgeteilt hast.\nDarüber hinaus kannst du die Löschung aller personenbezogenen Daten, die wir von dir gespeichert haben, anfordern.</em>",
      "services": [
        "werk32-net"
      ],
      "title": "You can request access and deletion of personal data",
      "topics": [],
      "tosdr": {
        "binding": true,
        "case": "You can request access and deletion of personal data",
        "point": "good",
        "privacyRelated": true,
        "score": 50,
        "tldr": "You can write the owner to delete personal data (if stored). Contact is available as a form or a link directly written in the privacy statements."
      }
    },
    "4437": {
      "id": "4437",
      "needModeration": false,
      "quoteDoc": "Datenschutzerklaerung",
      "quoteEnd": 15538,
      "quoteStart": 15459,
      "quoteText": "\nDie IP-Adressen werden spätestens nach 7 Tagen anonymisiert oder gelöscht.</p>",
      "services": [
        "werk32-net"
      ],
      "title": "User logs are deleted after a finite period of time",
      "topics": [],
      "tosdr": {
        "binding": true,
        "case": "User logs are deleted after a finite period of time",
        "point": "good",
        "score": 80,
        "tldr": "Found in Privacy Statement. Visitor Logs will be stored for 7 days and then deleted. "
      }
    }
  },
  "urls": [
    "werk32.net",
    "www.werk32.net"
  ]
}