{
  "alexa": 9011,
  "class": false,
  "links": {},
  "points": [
    "5315",
    "5316",
    "5317",
    "5318",
    "5319",
    "5320"
  ],
  "pointsData": {
    "5315": {
      "id": "5315",
      "needModeration": false,
      "quoteDoc": "Privacy Policy",
      "quoteEnd": 6937,
      "quoteStart": 6720,
      "quoteText": "<p>Google, as a third-party vendor, uses cookies to serve ads on this site.\nGoogle's use of the DART cookie enables it to serve ads to Our users based on their visit to our Website and other sites on the Internet.<br>",
      "services": [
        "whatismyip-com"
      ],
      "title": "This service allows tracking via third-party cookies for purposes including targeted advertising.",
      "topics": [],
      "tosdr": {
        "binding": true,
        "case": "Tracking via third-party cookies for other purposes without your consent.",
        "point": "bad",
        "privacyRelated": true,
        "score": 70,
        "tldr": "Generated through the annotate view"
      }
    },
    "5316": {
      "id": "5316",
      "needModeration": false,
      "quoteDoc": "Privacy Policy",
      "quoteEnd": 7448,
      "quoteStart": 7106,
      "quoteText": "Some of these advertisers may use technology such as cookies and web beacons when they advertise on our site, which will also send these advertisers (such as Google through the Google AdSense program) information including your IP address, your ISP, the browser you used to visit our site, and in some cases, whether you have Flash installed.",
      "services": [
        "whatismyip-com"
      ],
      "title": "The service may use tracking pixels, web beacons, browser fingerprinting, and/or device fingerprinting on users.",
      "topics": [],
      "tosdr": {
        "binding": true,
        "case": "The service may use tracking pixels, web beacons, browser fingerprinting, and/or device fingerprinting on users.",
        "point": "bad",
        "privacyRelated": true,
        "score": 50,
        "tldr": "Generated through the annotate view"
      }
    },
    "5317": {
      "id": "5317",
      "needModeration": false,
      "quoteDoc": "Privacy Policy",
      "quoteEnd": 8496,
      "quoteStart": 8296,
      "quoteText": "Customer information is a valuable business asset.\nIf for any reason We transfer or divest ourselves of our business assets, our customer information may be transferred as one of these business assets",
      "services": [
        "whatismyip-com"
      ],
      "title": "The service can sell or otherwise transfer your personal data as part of a bankruptcy proceeding or other type of financial transaction.",
      "topics": [],
      "tosdr": {
        "binding": true,
        "case": "The service can sell or otherwise transfer your personal data as part of a bankruptcy proceeding or other type of financial transaction.",
        "point": "bad",
        "score": 50,
        "tldr": "Generated through the annotate view"
      }
    },
    "5318": {
      "id": "5318",
      "needModeration": false,
      "quoteDoc": "Privacy Policy",
      "quoteEnd": 12286,
      "quoteStart": 12029,
      "quoteText": "You have the right to opt-out of marketing communications we send you at any time.\nYou can exercise this right by clicking on the \"unsubscribe\" or \"opt-out\" link in marketing emails we send you.\nTo opt-out of other forms of marketing, please contact us.<br>",
      "services": [
        "whatismyip-com"
      ],
      "title": "You can opt out of promotional communications",
      "topics": [],
      "tosdr": {
        "binding": true,
        "case": "You can opt out of promotional communications",
        "point": "good",
        "score": 10,
        "tldr": "Generated through the annotate view"
      }
    },
    "5319": {
      "id": "5319",
      "needModeration": false,
      "quoteDoc": "Terms And Conditions Of Use",
      "quoteEnd": 2257,
      "quoteStart": 2068,
      "quoteText": "<strong>THE INFORMATION, PRODUCTS AND SERVICES OFFERED ON OR THROUGH THE WEBSITE AND ANY THIRD-PARTY SITES ARE PROVIDED \"AS IS\" AND WITHOUT WARRANTIES OF ANY KIND EITHER EXPRESS OR IMPLIED.",
      "services": [
        "whatismyip-com"
      ],
      "title": "The service is provided 'as is' and to be used at the users' sole risk",
      "topics": [],
      "tosdr": {
        "binding": true,
        "case": "The service is provided 'as is' and to be used at the users' sole risk",
        "point": "bad",
        "score": 20,
        "tldr": "Generated through the annotate view"
      }
    },
    "5320": {
      "id": "5320",
      "needModeration": false,
      "quoteDoc": "Terms And Conditions Of Use",
      "quoteEnd": 2779,
      "quoteStart": 2475,
      "quoteText": "WE DO NOT WARRANT THAT THE SITE OR ANY OF ITS FUNCTIONS WILL BE ACCURATE, UNINTERRUPTED OR ERROR-FREE, THAT DEFECTS WILL BE CORRECTED, OR THAT ANY PART OF THIS SITE, INCLUDING THE SERVERS THAT MAKE OUR IP DETECTION AND RELATED SERVICES AVAILABLE, ARE FREE OF VIRUSES OR OTHER HARMFUL COMPONENTS.</strong>",
      "services": [
        "whatismyip-com"
      ],
      "title": "The service provider makes no warranty regarding uninterrupted, timely, secure or error-free service",
      "topics": [],
      "tosdr": {
        "binding": true,
        "case": "The service provider makes no warranty regarding uninterrupted, timely, secure or error-free service",
        "point": "bad",
        "score": 30,
        "tldr": "Generated through the annotate view"
      }
    }
  },
  "urls": [
    "whatismyip.com"
  ]
}