{
  "alexa": 67,
  "class": false,
  "links": {
    "Terms of Service and Privacy": {
      "name": "Terms of Service and Privacy",
      "url": "https://www.whatsapp.com/legal?eea=0"
    },
    "Terms of Service and Privacy (EU)": {
      "name": "Terms of Service and Privacy (EU)",
      "url": "https://www.whatsapp.com/legal?eea=1"
    }
  },
  "points": [
    "4452",
    "579",
    "6461",
    "6462",
    "6463",
    "6464",
    "6465",
    "6547",
    "6548",
    "6549",
    "6550",
    "937"
  ],
  "pointsData": {
    "579": {
      "discussion": "https://groups.google.com/forum/#!topic/tosdr/B3ohc03EjfU",
      "id": "579",
      "needModeration": false,
      "quoteDoc": "Terms of Service and Privacy",
      "quoteEnd": 11611,
      "quoteStart": 10923,
      "quoteText": "In order to operate and provide our Services, you grant WhatsApp a worldwide, non-exclusive, royalty-free, sublicensable, and transferable license to use, reproduce, distribute, create derivative works of, display, and perform the information (including the content) that you upload, submit, store, send, or receive on or through our Services.\nThe rights you grant in this license are for the limited purpose of operating and providing our Services (such as to allow us to display your profile picture and status message, transmit your messages, store your undelivered messages on our servers for up to 30 days as we try to deliver them, and otherwise as described in our Privacy Policy).",
      "services": [
        "whatsapp"
      ],
      "set": "set+service+and+topic",
      "slug": "B3ohc03EjfU",
      "title": "The copyright license that users grant to the service is limited for the purposes of that same service, and not third parties.",
      "topics": [
        "copyright-scope"
      ],
      "tosdr": {
        "binding": true,
        "case": "Copyright license limited for the purposes of that same service but transferable and sublicenseable",
        "point": "good",
        "score": 15,
        "tldr": "."
      }
    },
    "937": {
      "discussion": "https://groups.google.com/d/msg/tosdr/lb50aLuegoQ/Vko5nZqx4M8J",
      "id": "937",
      "meta": {
        "author": "Hugo for “Terms of Service; Didn't Read”",
        "contributors": [
          "Hugo Roy <hugo@unhosted.org>"
        ],
        "license-for-this-file": "This work is licensed under the Creative Commons Attribution-ShareAlike 3.0 Unported License. To view a copy of this license, visit http://creativecommons.org/licenses/by-sa/3.0/ or send a letter to Creative Commons, 444 Castro Street, Suite 900, Mountain View, California, 94041, .USA",
        "spec-version": "1.1"
      },
      "needModeration": false,
      "quoteDoc": "Terms of Service and Privacy (EU)",
      "quoteEnd": 27744,
      "quoteRev": "latest",
      "quoteStart": 26943,
      "quoteText": "We may amend or update these Terms.\nUnless otherwise required by law, we will provide you at least 30 days' notice of amendments to our Terms, which will give you the opportunity to review the revised Terms before continuing to use our Services.\nWe will also update the \"Last Modified\" date at the top of our Terms.\nChanges to these Terms shall become effective no sooner than 30 days after we provide notice of planned changes.\nPlease note that we may not be able to provide such notice for changes to these Terms that are required to address technical evolutions of our Services or for changes made for legal reasons, both of which will become effective immediately.\nYour continued use of our Services following the notice period of planned changes confirms your acceptance of our Terms, as amended.",
      "services": [
        "whatsapp"
      ],
      "slug": "any-time-without-notice-whatsapp",
      "title": "Terms may be changed any time at their discretion, without notice to the user",
      "topics": [
        "changes-notice"
      ],
      "tosdr": {
        "binding": true,
        "case": " Terms may be changed any time at their discretion, without notice to the user ",
        "point": "bad",
        "score": 70,
        "tldr": "They can change the terms of service any time they see fit, even without notification to the user. Your use of the service supposedly constitutes acceptance of the changes in the terms."
      }
    },
    "4452": {
      "id": "4452",
      "needModeration": false,
      "quoteDoc": "Terms of Service and Privacy",
      "quoteEnd": 16882,
      "quoteRev": "latest",
      "quoteStart": 16067,
      "quoteText": "If you are not subject to the “Special Arbitration Provision for United States or Canada Users” section below, you agree that you will resolve any Claim you have with us relating to, arising out of, or in any way in connection with our Terms, us, or our Services (each, a “Dispute,” and together, “Disputes”) exclusively in the United States District Court for the Northern District of California or a state court located in San Mateo County in California, and you agree to submit to the personal jurisdiction of such courts for the purpose of litigating all such Disputes.</p>\n<p>\n<strong>Governing Law.</strong> The laws of the State of California govern our Terms, as well as any Disputes, whether in court or arbitration, which might arise between WhatsApp and you, without regard to conflict of law provisions.",
      "services": [
        "whatsapp"
      ],
      "title": "court of law is in location X",
      "topics": [],
      "tosdr": {
        "binding": true,
        "case": "The court of law governing the terms is in location X",
        "point": "neutral",
        "score": 0,
        "tldr": "Generated through the annotate view"
      }
    },
    "6461": {
      "id": "6461",
      "needModeration": false,
      "quoteDoc": "Terms of Service and Privacy (EU)",
      "quoteEnd": 78786,
      "quoteStart": 78660,
      "quoteText": "Please note that if you set your browser or device to disable cookies, certain of our Services may not function properly.\n</p>",
      "services": [
        "whatsapp"
      ],
      "title": "Blocking cookies may limit your ability to use the service",
      "topics": [],
      "tosdr": {
        "binding": true,
        "case": "Blocking cookies may limit your ability to use the service",
        "point": "bad",
        "score": 50,
        "tldr": "Generated through the annotate view"
      }
    },
    "6462": {
      "id": "6462",
      "needModeration": false,
      "quoteDoc": "Terms of Service and Privacy (EU)",
      "quoteEnd": 7407,
      "quoteStart": 7130,
      "quoteText": "To operate our global Service, we need to store and distribute content and information in data centers and systems around the world, including outside your country of residence.\nThis infrastructure may be owned or operated by our service providers or affiliated companies.</p>\n",
      "services": [
        "whatsapp"
      ],
      "title": "Your data may be processed and stored anywhere in the world",
      "topics": [],
      "tosdr": {
        "binding": true,
        "case": "Your data may be processed and stored anywhere in the world",
        "point": "bad",
        "score": 25,
        "tldr": "Generated through the annotate view"
      }
    },
    "6463": {
      "id": "6463",
      "needModeration": false,
      "quoteDoc": "Terms of Service and Privacy (EU)",
      "quoteEnd": 20836,
      "quoteStart": 19922,
      "quoteText": "<p>If anyone brings a claim (\"Third Party Claim\") against us related to your actions, information, or content on WhatsApp, you will, to the extent permitted by law, indemnify and hold the WhatsApp Parties harmless from and against all liabilities, damages, losses, and expenses of any kind (including reasonable legal fees and costs) relating to, arising out of, or in any way in connection with any of the following: (a) your access to or use of our Services, including information provided in connection therewith.\n(b) your breach of our Terms or of applicable law.\nor (c) any misrepresentation made by you.\nYou will cooperate as fully as required by us in the defense or settlement of any Third Party Claim.\nYour rights with respect to WhatsApp are not modified by the foregoing indemnification if the laws of your country of residence, applicable as a result of your use of our Services, do not permit it.</p>\n",
      "services": [
        "whatsapp"
      ],
      "title": "You agree to defend, indemnify, and hold the service harmless in case of a claim related to your use of the service",
      "topics": [],
      "tosdr": {
        "binding": true,
        "case": "You agree to defend, indemnify, and hold the service harmless in case of a claim related to your use of the service",
        "point": "bad",
        "score": 60,
        "tldr": "Generated through the annotate view"
      }
    },
    "6464": {
      "id": "6464",
      "needModeration": false,
      "quoteDoc": "Terms of Service and Privacy (EU)",
      "quoteEnd": 25167,
      "quoteStart": 24468,
      "quoteText": "We may also modify, suspend, or terminate your access to or use of our Services anytime for suspicious or unlawful conduct, including for fraud, or if we reasonably believe you violate our Terms or create harm, risk, or possible legal exposure for us, our users, or others.\nThe following provisions will survive any termination of your relationship with WhatsApp: \"Licenses,\" \"Disclaimers,\" \"Limitation of Liability,\" \"Indemnification,\" \"Dispute Resolution,\" \"Availability and Termination of our Services,\" \"Other,\" and \"Special Arbitration Provision For United States Or Canada Users.\" If you believe your account's termination or suspension was in error, please contact us at support@whatsapp.com.",
      "services": [
        "whatsapp"
      ],
      "title": "The service can suspend your account for several reasons",
      "topics": [],
      "tosdr": {
        "binding": true,
        "case": "The service can suspend your account for several reasons",
        "point": "neutral",
        "score": 15,
        "tldr": "Generated through the annotate view"
      }
    },
    "6465": {
      "id": "6465",
      "needModeration": false,
      "quoteDoc": "Terms of Service and Privacy (EU)",
      "quoteEnd": 16382,
      "quoteStart": 15686,
      "quoteText": "In order to operate and provide our Services, you grant WhatsApp a worldwide, non-exclusive, royalty-free, sublicensable, and transferable license to use, reproduce, distribute, create derivative works of, display, and perform the information (including the content) that you upload, submit, store, send, or receive on or through our Services.\nThe rights you grant in this license are for the limited purpose of operating and providing our Services (such as to allow us to display your profile picture and status message, transmit your messages, store your undelivered messages on our servers for up to 30 days as we try to deliver them, and otherwise as described in our Privacy Policy).</p>\n<p>",
      "services": [
        "whatsapp"
      ],
      "title": "The copyright license that users grant to the service is limited for the purposes of that same service, and not third parties.",
      "topics": [],
      "tosdr": {
        "binding": true,
        "case": "Copyright license limited for the purposes of that same service but transferable and sublicenseable",
        "point": "good",
        "score": 15,
        "tldr": "Generated through the annotate view"
      }
    },
    "6547": {
      "id": "6547",
      "quoteDoc": "Terms of Service and Privacy",
      "quoteEnd": 2731,
      "quoteStart": 2685,
      "quoteText": "Terms Of ServiceLast modified: August 25, 2016",
      "services": [
        "whatsapp"
      ],
      "title": "There is a date of the last update of the terms",
      "topics": [],
      "tosdr": {
        "binding": true,
        "case": "There is a date of the last update of the terms",
        "point": "neutral",
        "score": 50,
        "tldr": "Generated through the annotate view"
      }
    },
    "6548": {
      "id": "6548",
      "quoteDoc": "Terms of Service and Privacy",
      "quoteEnd": 5342,
      "quoteStart": 4932,
      "quoteText": "You must be at least 13 years old to use our Services (or such greater age required in your country for you to be authorized to use our Services without parental approval).\nIn addition to being of the minimum required age to use our Services under applicable law, if you are not old enough to have authority to agree to our Terms in your country, your parent or guardian must agree to our Terms on your behalf.",
      "services": [
        "whatsapp"
      ],
      "title": "This service is only available to users of a certain age",
      "topics": [],
      "tosdr": {
        "binding": true,
        "case": "This service is only available to users of a certain age",
        "point": "neutral",
        "score": 15,
        "tldr": "Generated through the annotate view"
      }
    },
    "6549": {
      "id": "6549",
      "quoteDoc": "Terms of Service and Privacy",
      "quoteEnd": 12572,
      "quoteStart": 12442,
      "quoteText": "YOU USE OUR SERVICES AT YOUR OWN RISK AND SUBJECT TO THE FOLLOWING DISCLAIMERS.\nWE ARE PROVIDING OUR SERVICES ON AN “AS IS” BASIS ",
      "services": [
        "whatsapp"
      ],
      "title": "The service is provided 'as is' and to be used at the users' sole risk",
      "topics": [],
      "tosdr": {
        "binding": true,
        "case": "The service is provided 'as is' and to be used at the users' sole risk",
        "point": "bad",
        "score": 20,
        "tldr": "Generated through the annotate view"
      }
    },
    "6550": {
      "id": "6550",
      "quoteDoc": "Terms of Service and Privacy",
      "quoteEnd": 22672,
      "quoteStart": 22527,
      "quoteText": "FINALLY, THIS SECTION WAIVES YOUR RIGHT TO HAVE YOUR DISPUTE HEARD AND RESOLVED AS A CLASS ACTION, CLASS ARBITRATION, OR A REPRESENTATIVE ACTION.",
      "services": [
        "whatsapp"
      ],
      "title": "You waive your right to a class action.",
      "topics": [],
      "tosdr": {
        "binding": true,
        "case": "You waive your right to a class action.",
        "point": "bad",
        "score": 50,
        "tldr": "Generated through the annotate view"
      }
    }
  },
  "urls": [
    "whatsapp.com"
  ]
}