{
  "alexa": 51,
  "class": false,
  "links": {
    "Privacy Policy": {
      "name": "Privacy Policy",
      "url": "http://www.wikia.com/Privacy_Policy"
    }
  },
  "points": [
    "5025",
    "5026",
    "5591",
    "5592",
    "5593",
    "5594",
    "5595",
    "5596",
    "5597",
    "5598",
    "5599",
    "5600",
    "5601",
    "5947"
  ],
  "pointsData": {
    "5025": {
      "id": "5025",
      "needModeration": false,
      "quoteDoc": "Privacy Policy",
      "quoteEnd": 11818,
      "quoteStart": 10497,
      "quoteText": "\n<b>Opting out of personalized website ads</b>\nYou can opt-out of receiving personalized website ads from advertisers and ad networks that are members of the Network Advertising Initiative (“NAI”) or who follow the DAA Self-Regulatory Principles for Online Behavioral Advertising using their respective opt-out tools.\nThe NAI's opt-out tool can be found here NAI opt-out and the DAA's opt out tool can be found here Choices.\n</p>\n<p>To opt out of tracking and receiving targeted ads in our mobile apps based on your behavior, you can use the instructions below, which apply to iOS and Android devices:\n</p>\n<p>For iOS 7 and higher: Go to your Settings &gt.\nSelect Privacy &gt.\nSelect Advertising &gt.\nEnable the \"Limit Ad Tracking\" setting.\n</p>\n<p>For most Android devices with OS 2.2 or higher and Google Play Services version 4.0 or higher: Open your Google Settings app &gt.\nAds &gt.\nEnable \"Opt out of interest-based advertising\".\nSome Android phones may have Google Settings in other settings locations.\n</p>\n<p>Note that opting-out may not stop information from being collected on the web and will not stop your receiving advertising.\nHowever, if you opt-out, the applicable advertiser will not use any information collected from our applicable Website or mobile app for the purpose of displaying personalized ads.",
      "services": [
        "wikia"
      ],
      "title": "The service may use tracking pixels, web beacons, browser fingerprinting, and/or device fingerprinting on users.",
      "topics": [],
      "tosdr": {
        "binding": true,
        "case": "The service may use tracking pixels, web beacons, browser fingerprinting, and/or device fingerprinting on users.",
        "point": "bad",
        "privacyRelated": true,
        "score": 50,
        "tldr": "Generated through the annotate view"
      }
    },
    "5026": {
      "id": "5026",
      "needModeration": false,
      "quoteDoc": "Privacy Policy",
      "quoteEnd": 12096,
      "quoteStart": 10501,
      "quoteText": "Opting out of personalized website ads</b>\nYou can opt-out of receiving personalized website ads from advertisers and ad networks that are members of the Network Advertising Initiative (“NAI”) or who follow the DAA Self-Regulatory Principles for Online Behavioral Advertising using their respective opt-out tools.\nThe NAI's opt-out tool can be found here NAI opt-out and the DAA's opt out tool can be found here Choices.\n</p>\n<p>To opt out of tracking and receiving targeted ads in our mobile apps based on your behavior, you can use the instructions below, which apply to iOS and Android devices:\n</p>\n<p>For iOS 7 and higher: Go to your Settings &gt.\nSelect Privacy &gt.\nSelect Advertising &gt.\nEnable the \"Limit Ad Tracking\" setting.\n</p>\n<p>For most Android devices with OS 2.2 or higher and Google Play Services version 4.0 or higher: Open your Google Settings app &gt.\nAds &gt.\nEnable \"Opt out of interest-based advertising\".\nSome Android phones may have Google Settings in other settings locations.\n</p>\n<p>Note that opting-out may not stop information from being collected on the web and will not stop your receiving advertising.\nHowever, if you opt-out, the applicable advertiser will not use any information collected from our applicable Website or mobile app for the purpose of displaying personalized ads.\n</p>\n<p>\n<b>Anonymous data</b>\n</p>\n<p>We also collect anonymized details about visitors to our website for the purposes of aggregate statistics or reporting purposes.\nHowever, no single individual will be identifiable from the anonymized details we collect for these purposes.",
      "services": [
        "wikia"
      ],
      "title": "You can opt out of targeted advertising",
      "topics": [],
      "tosdr": {
        "binding": true,
        "case": "You can opt out of targeted advertising",
        "point": "good",
        "score": 25,
        "tldr": "Generated through the annotate view"
      }
    },
    "5591": {
      "id": "5591",
      "needModeration": false,
      "quoteDoc": "Terms of Use",
      "quoteEnd": 408,
      "quoteStart": 369,
      "quoteText": "Date of Last Revision: December 6, 2018",
      "services": [
        "wikia"
      ],
      "title": "There is a date of the last update of the terms",
      "topics": [],
      "tosdr": {
        "binding": true,
        "case": "There is a date of the last update of the terms",
        "point": "neutral",
        "score": 50,
        "tldr": "Generated through the annotate view"
      }
    },
    "5592": {
      "id": "5592",
      "needModeration": false,
      "quoteDoc": "Terms of Use",
      "quoteEnd": 3836,
      "quoteStart": 3610,
      "quoteText": "In any case, you confirm that you are 16 or older (applicable to users located in the European Economic Area (“EEA”) excluding the U.K.) or 13 or older (applicable to users located in the rest of the world including the U.K.),",
      "services": [
        "wikia"
      ],
      "title": "This service is only available to users of a certain age",
      "topics": [],
      "tosdr": {
        "binding": true,
        "case": "This service is only available to users of a certain age",
        "point": "neutral",
        "score": 15,
        "tldr": "Generated through the annotate view"
      }
    },
    "5593": {
      "id": "5593",
      "needModeration": false,
      "quoteDoc": "Terms of Use",
      "quoteEnd": 5398,
      "quoteStart": 4900,
      "quoteText": "You must keep your account details safe</b>\n</p>\n<p>If you choose to register, and you are provided with or create a user identification code, password or other piece of information as part of our security procedures, you must treat such information as confidential.\nYou must not disclose it to any third party, and you agree to maintain the security of your password and identification and to be fully responsible for all use of your account and for any actions that take place using your account.",
      "services": [
        "wikia"
      ],
      "title": "You are responsible for maintaining the security of your account and for the activities on your account",
      "topics": [],
      "tosdr": {
        "binding": true,
        "case": "You are responsible for maintaining the security of your account and for the activities on your account",
        "point": "neutral",
        "score": 10,
        "tldr": "Generated through the annotate view"
      }
    },
    "5594": {
      "id": "5594",
      "needModeration": false,
      "quoteDoc": "Terms of Use",
      "quoteEnd": 5679,
      "quoteStart": 5407,
      "quoteText": "The Company may terminate your account, delete your profile and any content or information that you have posted on the Service and/or prohibit you from using or accessing the Service for any reason, or no reason, at any time in its sole discretion, with or without notice.",
      "services": [
        "wikia"
      ],
      "title": "The service can delete your account without prior notice and without a reason",
      "topics": [],
      "tosdr": {
        "binding": true,
        "case": "The service can delete your account without prior notice and without a reason",
        "point": "bad",
        "score": 60,
        "tldr": "Generated through the annotate view"
      }
    },
    "5595": {
      "id": "5595",
      "needModeration": false,
      "quoteDoc": "Terms of Use",
      "quoteEnd": 7839,
      "quoteStart": 7584,
      "quoteText": "We have no liability to you or any other person for loss, damage, or destruction to your Content.\nYou are solely responsible at your sole cost and expense for creating backup copies and replacing any Content you post or store on the Site or provide to us.",
      "services": [
        "wikia"
      ],
      "title": "This service assumes no liability for any losses or damages resulting from any matter relating to the service",
      "topics": [],
      "tosdr": {
        "binding": true,
        "case": "This service assumes no liability for any losses or damages resulting from any matter relating to the service",
        "point": "bad",
        "score": 50,
        "tldr": "Generated through the annotate view"
      }
    },
    "5596": {
      "id": "5596",
      "needModeration": false,
      "quoteDoc": "Terms of Use",
      "quoteEnd": 9897,
      "quoteStart": 9783,
      "quoteText": "Company provides you with a license to use the Company Original Content for your personal, noncommercial use only.",
      "services": [
        "wikia"
      ],
      "title": "This service is only available for use individually and non-commercially.",
      "topics": [],
      "tosdr": {
        "binding": true,
        "case": "This service is only available for use individually and non-commercially.",
        "point": "neutral",
        "score": 25,
        "tldr": "Generated through the annotate view"
      }
    },
    "5597": {
      "id": "5597",
      "needModeration": false,
      "quoteDoc": "Terms of Use",
      "quoteEnd": 9973,
      "quoteStart": 9898,
      "quoteText": "Company may terminate this license at any time for any reason or no reason.",
      "services": [
        "wikia"
      ],
      "title": "They may stop providing the service at any time",
      "topics": [],
      "tosdr": {
        "binding": true,
        "case": "They may stop providing the service at any time",
        "point": "bad",
        "score": 40,
        "tldr": "Generated through the annotate view"
      }
    },
    "5598": {
      "id": "5598",
      "quoteDoc": "Terms of Use",
      "quoteEnd": 11785,
      "quoteStart": 11697,
      "quoteText": "Post or transmit any content that is obscene, pornographic, abusive, offensive, profane,",
      "services": [
        "wikia"
      ],
      "title": "Prohibits the posting of pornographic content",
      "topics": [],
      "tosdr": {
        "binding": true,
        "case": "Prohibits the posting of pornographic content",
        "point": "neutral",
        "score": 15,
        "tldr": "Generated through the annotate view"
      }
    },
    "5599": {
      "id": "5599",
      "quoteDoc": "Terms of Use",
      "quoteEnd": 12109,
      "quoteStart": 12020,
      "quoteText": "Post any illegal or unauthorized content or use for any illegal or unauthorized purposes.",
      "services": [
        "wikia"
      ],
      "title": "Users agree not to submit illegal content",
      "topics": [],
      "tosdr": {
        "binding": true,
        "case": "Users agree not to submit illegal content",
        "point": "neutral",
        "score": 10,
        "tldr": "Generated through the annotate view"
      }
    },
    "5600": {
      "id": "5600",
      "quoteDoc": "Terms of Use",
      "quoteEnd": 11685,
      "quoteStart": 11576,
      "quoteText": "You agree not to use the Service to:\n</p>\n<ul>\n<li> Abuse, harass, threaten or intimidate other FANDOM users.",
      "services": [
        "wikia"
      ],
      "title": "Users agree not to submit libelous, harassing or threatening content",
      "topics": [],
      "tosdr": {
        "binding": true,
        "case": "Users agree not to submit libelous, harassing or threatening content",
        "point": "neutral",
        "score": 20,
        "tldr": "Generated through the annotate view"
      }
    },
    "5601": {
      "id": "5601",
      "quoteDoc": "Terms of Use",
      "quoteEnd": 17477,
      "quoteStart": 17185,
      "quoteText": "The Service is provided \"as-is\" and \"AS AVAILABLE\".\nThe Company disclaims any and all representations and warranties, whether express or implied.\nThe Company does not and cannot guarantee any specific results from use of the Service.\nYOU ACKNOWLEDGE THAT YOU USE THIS SERVICE AT YOUR OWN RISK",
      "services": [
        "wikia"
      ],
      "title": "The service is provided 'as is' and to be used at the users' sole risk",
      "topics": [],
      "tosdr": {
        "binding": true,
        "case": "The service is provided 'as is' and to be used at the users' sole risk",
        "point": "bad",
        "score": 20,
        "tldr": "Generated through the annotate view"
      }
    },
    "5947": {
      "id": "5947",
      "quoteDoc": "Terms of Use",
      "quoteEnd": 7110,
      "quoteStart": 6947,
      "quoteText": "You understand and agree that others may, but are not obligated to, edit, delete or remove (without notice) any Content from the Site, for any reason or no reason.",
      "services": [
        "wikia"
      ],
      "title": "The service can delete specific content without prior notice and without a reason",
      "topics": [],
      "tosdr": {
        "binding": true,
        "case": "The service can delete specific content without prior notice and without a reason",
        "point": "blocker",
        "score": 50,
        "tldr": "Generated through the annotate view"
      }
    }
  },
  "urls": [
    "wikia.com"
  ]
}