{
  "alexa": 268,
  "class": false,
  "links": {},
  "points": [
    "840"
  ],
  "pointsData": {
    "840": {
      "discussion": "https://groups.google.com/forum/#!topic/tosdr/enht2lArBaw",
      "id": "840",
      "needModeration": false,
      "quoteDoc": "Terms of Use",
      "quoteEnd": 34580,
      "quoteStart": 34107,
      "quoteText": "To ensure that disputes are dealt with soon after they arise, you agree that regardless of any statute or law to the contrary, any claim or cause of action you might have arising out of or related to use of our services or these Terms of Use must be filed within the applicable statute of limitations or, if earlier, one (1) year after the pertinent facts underlying such claim or cause of action could have been discovered with reasonable diligence (or be forever barred).",
      "services": [
        "wikimedia"
      ],
      "set": "set+service+and+topic",
      "slug": "enht2lArBaw",
      "title": "Users have a reduced time period to take legal action against the service",
      "topics": [
        "waiver"
      ],
      "tosdr": {
        "binding": true,
        "case": "Users have a reduced time period to take legal action against the service",
        "point": "bad",
        "score": 50,
        "tldr": "If users have an issue with the terms of use, they must take action within one year."
      }
    }
  },
  "urls": [
    "wikimedia.org"
  ]
}