{
  "alexa": 200,
  "class": false,
  "links": {
    "Privacy Policy": {
      "name": "Privacy Policy",
      "url": "http://www.wikihow.com/wikiHow:Terms-of-Use"
    }
  },
  "points": [
    "4513",
    "4721",
    "5619",
    "5620",
    "5715",
    "6137",
    "6138",
    "6139",
    "6140",
    "6141",
    "6572",
    "6573",
    "6574",
    "6575",
    "6576",
    "6577",
    "6578"
  ],
  "pointsData": {
    "4513": {
      "id": "4513",
      "quoteDoc": "Privacy Policy",
      "quoteEnd": 13123,
      "quoteStart": 12815,
      "quoteText": "We claim no ownership rights over User Content created by you.\nThe User Content you create remains yours.\nhowever, by sharing User Content through the Service, you agree to allow others to view, edit, and/or share your User Content in accordance with this Agreement (see “User Content License Grants” below).",
      "services": [
        "wikihow"
      ],
      "title": "You maintain ownership of your data",
      "topics": [],
      "tosdr": {
        "binding": true,
        "case": "You maintain ownership of your data",
        "point": "good",
        "score": 50,
        "tldr": "In the terms of service, the service states \"We claim no ownership rights over User Content created by you. The User Content you create remains yours; however, by sharing User Content through the Service, you agree to allow others to view, edit, and/or share your User Content in accordance with this Agreement\", which states that the company takes no ownership for any content posted by you. However, it grants other users the rights to view,  modify, or share your created content"
      }
    },
    "4721": {
      "id": "4721",
      "quoteDoc": "Privacy Policy",
      "quoteEnd": 14157,
      "quoteStart": 14106,
      "quoteText": "contains any information or content that is illegal",
      "services": [
        "wikihow"
      ],
      "title": "Users agree not to submit illegal content",
      "topics": [],
      "tosdr": {
        "binding": true,
        "case": "Users agree not to submit illegal content",
        "point": "neutral",
        "score": 10,
        "tldr": "Generated through the annotate view"
      }
    },
    "5619": {
      "id": "5619",
      "quoteDoc": "Privacy Policy",
      "quoteEnd": 4298,
      "quoteStart": 4040,
      "quoteText": "Any use of the Service by anyone under 13 is strictly prohibited and in violation of this Agreement.\nNotwithstanding the foregoing, a child under the age of 13 may use the site if we receive a signed permission form from the child’s parent or legal guardian.",
      "services": [
        "wikihow"
      ],
      "title": "This service is only available to users of a certain age",
      "topics": [],
      "tosdr": {
        "binding": true,
        "case": "This service is only available to users of a certain age",
        "point": "neutral",
        "score": 15,
        "tldr": "Generated through the annotate view"
      }
    },
    "5620": {
      "id": "5620",
      "quoteDoc": "Privacy Policy",
      "quoteEnd": 4668,
      "quoteStart": 4382,
      "quoteText": "Subject to the terms and conditions of this Agreement, you are hereby granted a non-exclusive, limited, non-transferable, freely revocable license to use the Service as permitted by the features of the Service.\nwikiHow may terminate this license at any time for any reason or no reason.",
      "services": [
        "wikihow"
      ],
      "title": "The service can delete your account without prior notice and without a reason",
      "topics": [],
      "tosdr": {
        "binding": true,
        "case": "The service can delete your account without prior notice and without a reason",
        "point": "bad",
        "score": 60,
        "tldr": "Generated through the annotate view"
      }
    },
    "5715": {
      "id": "5715",
      "quoteDoc": "Privacy Policy",
      "quoteEnd": 37568,
      "quoteStart": 37465,
      "quoteText": "THE SERVICE IS PROVIDED ON AN “AS IS” AND “AS AVAILABLE” BASIS.\nUSE OF THE SERVICE IS AT YOUR OWN RISK.",
      "services": [
        "wikihow"
      ],
      "title": "The service is provided 'as is' and to be used at the users' sole risk",
      "topics": [],
      "tosdr": {
        "binding": true,
        "case": "The service is provided 'as is' and to be used at the users' sole risk",
        "point": "bad",
        "score": 20,
        "tldr": "Generated through the annotate view"
      }
    },
    "6137": {
      "id": "6137",
      "quoteDoc": "Privacy Policy",
      "quoteEnd": 44362,
      "quoteStart": 43610,
      "quoteText": "For any dispute with wikiHow, you agree to first contact us at wiki@wikiHow.com and attempt to resolve the dispute with us informally.\nIn the unlikely event that wikiHow has not been able to resolve a dispute it has with you after attempting to do so informally, we each agree to resolve any claim, dispute, or controversy (excluding any wikiHow claims for injunctive or other equitable relief) arising out of or in connection with or relating to this Agreement, or the breach or alleged breach thereof (collectively, “Claims”), by binding arbitration by the American Arbitration Association (“AAA”) under the Commercial Arbitration Rules and Supplementary Procedures for Consumer Related Disputes then in effect for the AAA, except as provided herein.",
      "services": [
        "wikihow"
      ],
      "title": "This service forces users into binding arbitration in the case of disputes",
      "topics": [],
      "tosdr": {
        "binding": true,
        "case": "This service forces users into binding arbitration in the case of disputes",
        "point": "bad",
        "score": 50,
        "tldr": "Generated through the annotate view"
      }
    },
    "6138": {
      "id": "6138",
      "quoteDoc": "Privacy Policy",
      "quoteEnd": 45566,
      "quoteStart": 45415,
      "quoteText": "YOU AGREE THAT, BY ENTERING INTO THIS AGREEMENT, YOU AND WIKIHOW ARE EACH WAIVING THE RIGHT TO A TRIAL BY JURY OR TO PARTICIPATE IN A CLASS ACTION.</p>",
      "services": [
        "wikihow"
      ],
      "title": "You waive your right to a class action.",
      "topics": [],
      "tosdr": {
        "binding": true,
        "case": "You waive your right to a class action.",
        "point": "bad",
        "score": 50,
        "tldr": "Generated through the annotate view"
      }
    },
    "6139": {
      "id": "6139",
      "needModeration": false,
      "quoteDoc": "Privacy Policy",
      "quoteEnd": 7328,
      "quoteStart": 7174,
      "quoteText": "When you use the Service, we may employ clear gifs (also known as web beacons) which are used to anonymously track the online usage patterns of our Users.",
      "services": [
        "wikihow"
      ],
      "title": "The service may use tracking pixels, web beacons, browser fingerprinting, and/or device fingerprinting on users.",
      "topics": [],
      "tosdr": {
        "binding": true,
        "case": "The service may use tracking pixels, web beacons, browser fingerprinting, and/or device fingerprinting on users.",
        "point": "bad",
        "privacyRelated": true,
        "score": 50,
        "tldr": "Generated through the annotate view"
      }
    },
    "6140": {
      "id": "6140",
      "needModeration": false,
      "quoteDoc": "Privacy Policy",
      "quoteEnd": 9470,
      "quoteStart": 9273,
      "quoteText": "We may send you emails containing newsletters, promotions, and special offers.\nIf you do not want to receive such email messages, you will be given the option to opt out or change your preferences.",
      "services": [
        "wikihow"
      ],
      "title": "You can opt out of promotional communications",
      "topics": [],
      "tosdr": {
        "binding": true,
        "case": "You can opt out of promotional communications",
        "point": "good",
        "score": 10,
        "tldr": "Generated through the annotate view"
      }
    },
    "6141": {
      "id": "6141",
      "needModeration": false,
      "quoteDoc": "Privacy Policy",
      "quoteEnd": 13885,
      "quoteStart": 13248,
      "quoteText": "We may buy or sell/divest/transfer the company (including any shares in the company), or any combination of its products, services, assets and/or businesses.\nYour information such as customer names and email addresses, User Content and other user information related to the Service may be among the items sold or otherwise transferred in these types of transactions.\nWe may also sell, assign or otherwise transfer such information in the course of corporate divestitures, mergers, acquisitions, bankruptcies, dissolutions, reorganizations, liquidations, similar transactions or proceedings involving all or a portion of the company.</p>\n",
      "services": [
        "wikihow"
      ],
      "title": "The service can sell or otherwise transfer your personal data as part of a bankruptcy proceeding or other type of financial transaction.",
      "topics": [],
      "tosdr": {
        "binding": true,
        "case": "The service can sell or otherwise transfer your personal data as part of a bankruptcy proceeding or other type of financial transaction.",
        "point": "bad",
        "score": 50,
        "tldr": "Generated through the annotate view"
      }
    },
    "6572": {
      "id": "6572",
      "quoteDoc": "Privacy Policy",
      "quoteEnd": 1637,
      "quoteStart": 1331,
      "quoteText": "Occasionally our articles are incomplete, unhelpful, misleading or incorrect, and we cannot guarantee the accuracy of anything you find on wikiHow.\nYou should use your best judgment and consult multiple sources when following any instructions you read anywhere on the internet, including wikiHow.</li>\n<li>",
      "services": [
        "wikihow"
      ],
      "title": "The service does not guarantee accuracy or reliability of the information provided",
      "topics": [],
      "tosdr": {
        "binding": true,
        "case": "The service does not guarantee accuracy or reliability of the information provided",
        "point": "bad",
        "score": 10,
        "tldr": "Generated through the annotate view"
      }
    },
    "6573": {
      "id": "6573",
      "quoteDoc": "Privacy Policy",
      "quoteEnd": 4040,
      "quoteStart": 3950,
      "quoteText": "The Service is not available to any Users previously removed from the Service by wikiHow.\n",
      "services": [
        "wikihow"
      ],
      "title": "Users who have been permanently banned from this service are not allowed to re-register under a new account",
      "topics": [],
      "tosdr": {
        "binding": true,
        "case": "Users who have been permanently banned from this service are not allowed to re-register under a new account",
        "point": "neutral",
        "score": 20,
        "tldr": "Generated through the annotate view"
      }
    },
    "6574": {
      "id": "6574",
      "quoteDoc": "Privacy Policy",
      "quoteEnd": 3316,
      "quoteStart": 3166,
      "quoteText": "THIS AGREEMENT CONTAINS A MANDATORY ARBITRATION OF DISPUTES PROVISION THAT REQUIRES THE USE OF ARBITRATION ON AN INDIVIDUAL BASIS TO RESOLVE DISPUTES,",
      "services": [
        "wikihow"
      ],
      "title": "This service forces users into binding arbitration in the case of disputes",
      "topics": [],
      "tosdr": {
        "binding": true,
        "case": "This service forces users into binding arbitration in the case of disputes",
        "point": "bad",
        "score": 50,
        "tldr": "Generated through the annotate view"
      }
    },
    "6575": {
      "id": "6575",
      "quoteDoc": "Privacy Policy",
      "quoteEnd": 6190,
      "quoteStart": 6070,
      "quoteText": "You are solely responsible for the activity that occurs on your account, and you must keep your account password secure.",
      "services": [
        "wikihow"
      ],
      "title": "You are responsible for maintaining the security of your account and for the activities on your account",
      "topics": [],
      "tosdr": {
        "binding": true,
        "case": "You are responsible for maintaining the security of your account and for the activities on your account",
        "point": "neutral",
        "score": 10,
        "tldr": "Generated through the annotate view"
      }
    },
    "6576": {
      "id": "6576",
      "quoteDoc": "Privacy Policy",
      "quoteEnd": 19924,
      "quoteStart": 19599,
      "quoteText": "When you upload images to the Service, you may select among various licenses under which wikiHow may distribute and sublicense your image-based User Content.\nwikiHow hereby grants to Users of the Service all rights specified under the terms of the license under which any image-based User Content is licensed to wikiHow.</p> ",
      "services": [
        "wikihow"
      ],
      "title": "You can choose the copyright license",
      "topics": [],
      "tosdr": {
        "binding": true,
        "case": "You can choose the copyright license",
        "point": "good",
        "score": 10,
        "tldr": "Generated through the annotate view"
      }
    },
    "6577": {
      "id": "6577",
      "quoteDoc": "Privacy Policy",
      "quoteEnd": 38670,
      "quoteStart": 38387,
      "quoteText": "ANY CONTENT DOWNLOADED OR OTHERWISE OBTAINED THROUGH THE USE OF THE SERVICE IS DOWNLOADED AT YOUR OWN RISK AND YOU WILL BE SOLELY RESPONSIBLE FOR ANY DAMAGE TO YOUR COMPUTER SYSTEM OR MOBILE DEVICE OR LOSS OF DATA THAT RESULTS FROM SUCH DOWNLOAD OR YOUR USE OF THE SERVICE.</p>\n<br>\n",
      "services": [
        "wikihow"
      ],
      "title": "Users are responsible for any risks, damages, or losses they may incur by downloading materials",
      "topics": [],
      "tosdr": {
        "binding": true,
        "case": "Users are responsible for any risks, damages, or losses they may incur by downloading materials",
        "point": "neutral",
        "score": 50,
        "tldr": "Generated through the annotate view"
      }
    },
    "6578": {
      "id": "6578",
      "quoteDoc": "Privacy Policy",
      "quoteEnd": 31406,
      "quoteStart": 31154,
      "quoteText": "Should you ignore this warning and send specific or confidential information in a private message or post it as a comment, there is no duty to keep that information confidential or to discontinue or forego any representation adverse to your interests.\n",
      "services": [
        "wikihow"
      ],
      "title": "The service can read your private messages",
      "topics": [],
      "tosdr": {
        "binding": true,
        "case": "The service can read your private messages",
        "point": "bad",
        "privacyRelated": true,
        "score": 70,
        "tldr": "Generated through the annotate view"
      }
    }
  },
  "urls": [
    "wikihow.com"
  ]
}