{
  "alexa": 71928,
  "class": false,
  "links": {},
  "points": [
    "4470"
  ],
  "pointsData": {
    "4470": {
      "id": "4470",
      "quoteDoc": "Privacy Policy",
      "quoteEnd": 5082,
      "quoteStart": 4938,
      "quoteText": "Sharing data like address book contacts, anonymous usage statistics, and crash logs is completely optional on your part.\nYou can opt-out anytime",
      "services": [
        "wire"
      ],
      "title": "This service does not track you",
      "topics": [],
      "tosdr": {
        "binding": true,
        "case": "This service does not track you",
        "point": "good",
        "score": 100,
        "tldr": "The privacy policy states \"Sharing data like /…/ anonymous usage statistics, and crash logs is completely optional…\""
      }
    }
  },
  "urls": [
    "wire.com"
  ]
}