{
  "alexa": 461,
  "class": false,
  "links": {
    "Privacy Policy": {
      "name": "Privacy Policy",
      "url": "http://automattic.com/privacy/"
    },
    "Terms of Service": {
      "name": "Terms of Service",
      "url": "http://en.wordpress.com/tos/"
    }
  },
  "points": [
    "1865",
    "4907"
  ],
  "pointsData": {
    "1865": {
      "id": "1865",
      "services": [
        "wordpress-com"
      ],
      "slug": "1516402800022",
      "title": "Wordpress.com may collect your device fingerprint.",
      "topics": [],
      "tosdr": {
        "binding": true,
        "case": "Device fingerprinting",
        "point": "bad",
        "privacyRelated": true,
        "score": "50",
        "tldr": "\"we collect information that web browsers, mobile devices, and servers typically make available, such as the browser type, IP address, unique device identifiers, language preference, referring site, the date and time of access, operating system, and mobile network information.\""
      }
    },
    "4907": {
      "id": "4907",
      "needModeration": false,
      "quoteDoc": "Privacy Policy (Automattic)",
      "quoteEnd": 19220,
      "quoteStart": 18843,
      "quoteText": "We may disclose information about you when we believe in good faith that disclosure is reasonably necessary to protect the property or rights of Automattic, third parties, or the public at large.\nFor example, if we have a good faith belief that there is an imminent danger of death or serious physical injury, we may disclose information related to the emergency without delay.",
      "services": [
        "wordpress-com"
      ],
      "title": "This service reserves the right to disclose your personal information without notifying you",
      "topics": [],
      "tosdr": {
        "binding": true,
        "case": "This service reserves the right to disclose your personal information without notifying you",
        "point": "bad",
        "score": 50,
        "tldr": "Generated through the annotate view"
      }
    }
  },
  "urls": [
    "wordpress.org"
  ]
}