{
  "alexa": 1811,
  "class": false,
  "links": {
    "Privacy Policy": {
      "name": "Privacy Policy",
      "url": "https://privacy.xing.com/en/privacy-policy/printable-version"
    },
    "Terms and Conditions": {
      "name": "Terms and Conditions",
      "url": "http://www.xing.com/terms"
    }
  },
  "points": [
    "1019",
    "708"
  ],
  "pointsData": {
    "708": {
      "discussion": "https://groups.google.com/d/topic/tosdr/J6F7dG8dqSo/discussion",
      "id": "708",
      "meta": {
        "author": "ToS;DR by Unhosted: Hugo",
        "contributors": [
          "Hugo Roy <hugo@unhosted.org>"
        ],
        "license-for-this-file": "This work is licensed under the Creative Commons Attribution-ShareAlike 3.0 Unported License. To view a copy of this license, visit http://creativecommons.org/licenses/by-sa/3.0/ or send a letter to Creative Commons, 444 Castro Street, Suite 900, Mountain View, California, 94041, .USA",
        "spec-version": "1.1"
      },
      "needModeration": false,
      "quoteDoc": "Terms and Conditions",
      "quoteEnd": 16451,
      "quoteStart": 16291,
      "quoteText": "The user is obliged\n</p>\n<p>\n(a) to provide only true and non-misleading statements along with its real name, and to refrain from using pseudonyms or pen names,",
      "services": [
        "xing"
      ],
      "slug": "no-pseudos-allowed-xing",
      "title": "No pseudonym allowed",
      "topics": [
        "track"
      ],
      "tosdr": {
        "binding": true,
        "case": "You must provide your legal name, pseudonyms are not allowed",
        "point": "bad",
        "score": 20,
        "tldr": "You must use your legal name publicly on the service. Using a pseudonym or a pen name is not allowed. This can have negative consequences on the freedom of expression, especially for people who exercise certain professions, or who live in certain countries."
      }
    },
    "1019": {
      "discussion": "https://groups.google.com/d/msg/tosdr/_he1077OGTY/MilMakLnbCsJ",
      "id": "1019",
      "meta": {
        "author": "ToS;DR by Unhosted",
        "contributors": [
          "Hugo Roy <hugo@unhosted.org>"
        ],
        "license-for-this-file": "This work is licensed under the Creative Commons Attribution-ShareAlike 3.0 Unported License. To view a copy of this license, visit http://creativecommons.org/licenses/by-sa/3.0/ or send a letter to Creative Commons, 444 Castro Street, Suite 900, Mountain View, California, 94041, .USA",
        "spec-version": "1.1"
      },
      "needModeration": false,
      "quoteDoc": "Terms and Conditions.txt",
      "quoteEnd": 16456,
      "quoteRev": "aa8050d94a347666e424edc792dab84a7faa8917",
      "quoteStart": 16291,
      "quoteText": "The user is obliged </p> <p> (a) to provide only true and non-misleading statements along with its real name, and to refrain from using pseudonyms or pen names, </p>",
      "reason": "superseded",
      "services": [
        "xing"
      ],
      "slug": "_he1077OGTY",
      "source": {
        "terms": "http://www.xing.com/terms#4"
      },
      "title": "pseudonym not allowed (user-to-user trust is relevant for service)",
      "topics": [
        "track"
      ],
      "tosdr": {
        "binding": true,
        "case": "Users are not allowed to use pseudonyms, as trust and transparency between users regarding their identities is relevant to the service.",
        "irrelevant": false,
        "point": "neutral",
        "reason": true,
        "score": 10,
        "tldr": "You must use your real name. Using a pseudonym is not allowed. "
      }
    }
  },
  "urls": [
    "xing.com"
  ]
}