{
  "alexa": 38,
  "class": false,
  "links": {},
  "points": [
    "6571"
  ],
  "pointsData": {
    "6571": {
      "id": "6571",
      "quoteDoc": "Terms of service",
      "quoteEnd": 1397,
      "quoteStart": 1017,
      "quoteText": "\nAccess\n<p>By accessing the Website, you certify that:</p>\n<ul>\n<li>you are at least 18 years of age or the age of majority under the laws of your state, province or country.\nand</li>\n<li>you know and understand that the materials presented at and/or downloadable from the Website include explicit visual, audio, and/or textual depictions of nudity and explicit sexual activities.",
      "services": [
        "xvideos"
      ],
      "title": "This service is only available to users of a certain age",
      "topics": [],
      "tosdr": {
        "binding": true,
        "case": "This service is only available to users of a certain age",
        "point": "neutral",
        "score": 15,
        "tldr": "Generated through the annotate view"
      }
    }
  },
  "urls": [
    "xvideos.com"
  ]
}