{
  "class": false,
  "links": {},
  "points": [
    "6882"
  ],
  "pointsData": {
    "6882": {
      "id": "6882",
      "quoteDoc": "Privacy Policy",
      "quoteEnd": 1474,
      "quoteStart": 1353,
      "quoteText": "If you want to opt out of this, enable the <strong>Do Not Track</strong> setting in your browser then we won’t count you.",
      "services": [
        "yakka"
      ],
      "title": "This service respects your browser's Do Not Track (DNT) headers",
      "topics": [],
      "tosdr": {
        "binding": true,
        "case": "This service respects your browser's Do Not Track (DNT) headers",
        "point": "good",
        "privacyRelated": true,
        "score": 30,
        "tldr": "Generated through the annotate view"
      }
    }
  },
  "urls": [
    "theyakka.com",
    "yakka.agency"
  ]
}