{
  "alexa": 1000000,
  "class": false,
  "links": {},
  "points": [
    "6251",
    "6252",
    "6255"
  ],
  "pointsData": {
    "6251": {
      "id": "6251",
      "quoteDoc": "Privacy Policy",
      "quoteEnd": 584,
      "quoteStart": 344,
      "quoteText": "We don’t share any personally identifying information publicly or with third-parties, except when required to by law, although we do not expect any requests since we do not store any user logs, or other forms of (identifiable) user activity",
      "services": [
        "yase"
      ],
      "title": "This service does not track you",
      "topics": [],
      "tosdr": {
        "binding": true,
        "case": "This service does not track you",
        "point": "good",
        "score": 100,
        "tldr": "Generated through the annotate view"
      }
    },
    "6252": {
      "id": "6252",
      "quoteDoc": "About",
      "quoteEnd": 1372,
      "quoteStart": 1339,
      "quoteText": "We do not store user IP addresses",
      "services": [
        "yase"
      ],
      "title": "IP addresses of website visitors are not tracked",
      "topics": [],
      "tosdr": {
        "binding": true,
        "case": "IP addresses of website visitors are not tracked",
        "point": "neutral",
        "score": 30,
        "tldr": "Generated through the annotate view"
      }
    },
    "6255": {
      "id": "6255",
      "quoteDoc": "Privacy Policy",
      "quoteEnd": 831,
      "quoteStart": 590,
      "quoteText": "<p>Our website may link to external sites that are not operated by us.\nPlease be aware that we have no control over the content and practices of these sites, and cannot accept responsibility or liability for their respective privacy policies",
      "services": [
        "yase"
      ],
      "title": "The service informs users that its privacy policy does not apply to third party websites",
      "topics": [],
      "tosdr": {
        "binding": true,
        "case": "The service informs users that its privacy policy does not apply to third party websites",
        "point": "neutral",
        "score": 10,
        "tldr": "Generated through the annotate view"
      }
    }
  },
  "urls": [
    "yase.pw"
  ]
}