{
  "alexa": 1000000,
  "class": false,
  "links": {},
  "points": [
    "5488",
    "5490"
  ],
  "pointsData": {
    "5488": {
      "id": "5488",
      "needModeration": false,
      "quoteDoc": "Privacy Policy",
      "quoteEnd": 1997,
      "quoteStart": 1971,
      "quoteText": "Last updated Jan 2019</em>",
      "services": [
        "ics/masjidtucson"
      ],
      "title": "There is a date of the last update of the terms",
      "topics": [],
      "tosdr": {
        "binding": true,
        "case": "There is a date of the last update of the terms",
        "point": "neutral",
        "score": 50,
        "tldr": "Generated through the annotate view"
      }
    },
    "5490": {
      "id": "5490",
      "needModeration": false,
      "quoteDoc": "Privacy Policy",
      "quoteEnd": 1634,
      "quoteStart": 1572,
      "quoteText": "\n<p>You may opt out of any future contacts from us at any time",
      "services": [
        "ics/masjidtucson"
      ],
      "title": "You can opt out of promotional communications",
      "topics": [],
      "tosdr": {
        "binding": true,
        "case": "You can opt out of promotional communications",
        "point": "good",
        "score": 10,
        "tldr": "Generated through the annotate view"
      }
    }
  },
  "urls": [
    "ics/masjidtucson"
  ]
}